nivel,usuario_objetivo,periodo,id,date,text,username,user_displayname,user_id,reply_count,retweet_count,like_count,quote_count,views_count,lang,url,user_followers,user_verified,user_location
1,todonoticias,rango,2010133585903415721,2026-01-10 23:36:08+00:00,El hijo de Maduro compartió el primer mensaje de su padre desde la cárcel: “Estamos bien” https://t.co/jDNNhRjuiW,todonoticias,TN - Todo Noticias,25992212,5,0,3,1,4459.0,es,https://x.com/todonoticias/status/2010133585903415721,5719809,False,Argentina
1,todonoticias,rango,2010133492349227184,2026-01-10 23:35:45+00:00,El Vaticano negoció la salida de Nicolás Maduro a Rusia para evitar la operación de Estados Unidos https://t.co/F1P5M28XyT,todonoticias,TN - Todo Noticias,25992212,8,3,5,2,5649.0,es,https://x.com/todonoticias/status/2010133492349227184,5719809,False,Argentina
1,todonoticias,rango,2010132083159544064,2026-01-10 23:30:09+00:00,Los vencimientos de deuda que enfrenta la Argentina en 2026 y 2027 https://t.co/2fwclUhPc5,todonoticias,TN - Todo Noticias,25992212,0,4,2,0,4253.0,es,https://x.com/todonoticias/status/2010132083159544064,5719809,False,Argentina
1,todonoticias,rango,2010129083552931903,2026-01-10 23:18:14+00:00,El Gobierno cuestionó el recuento de votos en Honduras y respaldó a Nasry Asfura como presidente electo https://t.co/jzsizb3ghi,todonoticias,TN - Todo Noticias,25992212,0,2,5,0,4072.0,es,https://x.com/todonoticias/status/2010129083552931903,5719809,False,Argentina
1,todonoticias,rango,2010128318683640109,2026-01-10 23:15:12+00:00,No es el suavizante: el truco que usan en las lavanderías para que la ropa huela bien por más tiempo https://t.co/e64PgFCwCr,todonoticias,TN - Todo Noticias,25992212,1,1,6,0,6827.0,es,https://x.com/todonoticias/status/2010128318683640109,5719809,False,Argentina
1,todonoticias,rango,2010125970116624531,2026-01-10 23:05:52+00:00,Aplastante goleada: el Manchester City le ganó 10-1 a un equipo de la tercera división en la FA Cup y marcó un récord impresionante https://t.co/XwANiyXBys,todonoticias,TN - Todo Noticias,25992212,1,1,2,0,3873.0,es,https://x.com/todonoticias/status/2010125970116624531,5719809,False,Argentina
1,todonoticias,rango,2010122577931366675,2026-01-10 22:52:23+00:00,"El duro testimonio de uno de los voluntarios que colaboran en los operativos por los incendios en Chubut: ""Estamos sobrepasados"" https://t.co/VPnDC2JDgD",todonoticias,TN - Todo Noticias,25992212,3,2,11,1,4858.0,es,https://x.com/todonoticias/status/2010122577931366675,5719809,False,Argentina
1,todonoticias,rango,2010119174333345915,2026-01-10 22:38:52+00:00,🔴 AHORA | El fuego llegó a las casas en Chubut https://t.co/2JLP7R4gg0 https://t.co/4zQhyz2hNf,todonoticias,TN - Todo Noticias,25992212,42,220,997,20,74221.0,es,https://x.com/todonoticias/status/2010119174333345915,5719809,False,Argentina
1,todonoticias,rango,2010117973281853608,2026-01-10 22:34:05+00:00,"Fue a La Cabrera, pidió un ojo de bife con papas fritas, puré y una bebida: mostró el ticket final https://t.co/Lf7m4HtE1C",todonoticias,TN - Todo Noticias,25992212,31,1,9,1,19395.0,es,https://x.com/todonoticias/status/2010117973281853608,5719809,False,Argentina
1,todonoticias,rango,2010113859743268934,2026-01-10 22:17:44+00:00,Quién era la influencer de 19 años que murió de cáncer y había sido mamá en 2024 https://t.co/Rgdg4Na3Vj,todonoticias,TN - Todo Noticias,25992212,1,1,5,0,4384.0,es,https://x.com/todonoticias/status/2010113859743268934,5719809,False,Argentina
1,todonoticias,rango,2010111384395055226,2026-01-10 22:07:54+00:00,Aseguran que Mariana Nannis se puso de novia con un misterioso hombre en Marbella https://t.co/Z1L4U7T0Bl,todonoticias,TN - Todo Noticias,25992212,3,1,1,1,5242.0,es,https://x.com/todonoticias/status/2010111384395055226,5719809,False,Argentina
1,todonoticias,rango,2010104135522349139,2026-01-10 21:39:06+00:00,"⚽ JUGABAN UN PICADO ENTRE AMIGOS EN UNA ZONA EXCLUSIVA DE ECUADOR Y SICARIOS ARMADOS CON FUSILES DE ASALTO LOS EJECUTARON EN LA CANCHA.

▪️ Las cámaras de seguridad grabaron todo: hombres vestidos con ropa militar que vulneraron varios controles del complejo. Llegaron coordinados, en varios vehículos, con ametralladoras.

▪️ El partido se desarrollaba con normalidad hasta que los delincuentes entraron a las canchas. Los jugadores se tiraron al suelo. Uno de ellos fue revisado y le dispararon por la espalda.

▪️ Ocurrió en la Isla Mocoli, una de las áreas residenciales más caras del cantón Samborondón. Los tres hombres que murieron no vivían en la zona: habían sido invitados.

▪️ El ministro del Interior, John Reimberg, confirmó que las víctimas tenían antecedentes penales por narcotráfico internacional, asesinatos y robos. Los investigadores creen que fue un ajuste de cuentas.

Más información en la web de TN https://t.co/6d55F2Ze9q",todonoticias,TN - Todo Noticias,25992212,27,39,784,6,145884.0,es,https://x.com/todonoticias/status/2010104135522349139,5719809,False,Argentina
1,todonoticias,rango,2010101089794728157,2026-01-10 21:27:00+00:00,Camilota se animó a tirarse por un tobogán acuático y compartió una reflexión: “Vivan” https://t.co/zNVFjmShGW,todonoticias,TN - Todo Noticias,25992212,9,2,6,1,7167.0,es,https://x.com/todonoticias/status/2010101089794728157,5719809,False,Argentina
1,todonoticias,rango,2010097940648394883,2026-01-10 21:14:29+00:00,Rochi Igarzábal recordó su romance con Pablo Martínez de “Casi Ángeles”: “Mi relación más tóxica” https://t.co/96g3vECGVb,todonoticias,TN - Todo Noticias,25992212,3,1,10,0,8706.0,es,https://x.com/todonoticias/status/2010097940648394883,5719809,False,Argentina
1,todonoticias,rango,2010090859836907589,2026-01-10 20:46:21+00:00,"La bronca del fiscal general de Chubut por los incendios: “Lo que no se quemó el año pasado, se está quemando ahora” https://t.co/EwzVNKselc",todonoticias,TN - Todo Noticias,25992212,31,72,140,5,6496.0,es,https://x.com/todonoticias/status/2010090859836907589,5719809,False,Argentina
1,todonoticias,rango,2010089768739020946,2026-01-10 20:42:01+00:00,Murió una influencer de 19 años que compartía en Instagram su tratamiento contra el cáncer: había sido mamá el año pasado https://t.co/AKEBgC0MIE,todonoticias,TN - Todo Noticias,25992212,1,2,21,0,6512.0,es,https://x.com/todonoticias/status/2010089768739020946,5719809,False,Argentina
1,todonoticias,rango,2010087611088470404,2026-01-10 20:33:26+00:00,El error que casi todos cometen al limpiar las hornallas y que puede dañar la cocina https://t.co/UOoBpcIZz8,todonoticias,TN - Todo Noticias,25992212,2,2,6,0,4958.0,es,https://x.com/todonoticias/status/2010087611088470404,5719809,False,Argentina
1,todonoticias,rango,2010086045514395932,2026-01-10 20:27:13+00:00,Se conoció el video del momento previo a la paliza al hombre acusado de abusar de una mujer en un colectivo https://t.co/zmezrNwEqL,todonoticias,TN - Todo Noticias,25992212,1,1,5,0,5346.0,es,https://x.com/todonoticias/status/2010086045514395932,5719809,False,Argentina
1,todonoticias,rango,2010085544705810890,2026-01-10 20:25:14+00:00,"💔 TENÍA 19 AÑOS, ERA MAMÁ DE UN BEBÉ Y COMPARTÍA SU LUCHA CONTRA EL CÁNCER EN INSTAGRAM

▪️ Isabel Veloso murió en Curitiba después de años de mostrarle a 3,6 millones de seguidores cada día de su batalla contra el linfoma de Hodgkin.

▪️ Tenía solo 15 cuando le diagnosticaron el cáncer. Desde entonces, decidió no esconder nada: las internaciones, la caída del pelo, los trasplantes, los días en que apenas podía levantarse.

▪️ En agosto del año pasado anunció que estaba embarazada. Arthur, su hijo, tiene un año. Su esposo Lucas Borbas fue quien anunció la muerte con un mensaje desgarrador: ""Hoy mi corazón habla en silencio, porque el dolor es demasiado grande para ser contenido en palabras"".

▪️ Las últimas semanas fueron devastadoras. Isabel pasó 24 días internada por un trasplante de médula ósea. ""Salí de allí siendo otra persona"", escribió en octubre. No pudo recuperarse.

▪️ Su padre compartió una foto este sábado por la mañana con una frase que ahora resuena distinto: ""Vive por mí lo que yo no pude vivir"".

Más información en la web de TN 👇
https://t.co/uDC1CcpYLL",todonoticias,TN - Todo Noticias,25992212,35,46,960,3,93679.0,es,https://x.com/todonoticias/status/2010085544705810890,5719809,False,Argentina
1,todonoticias,rango,2010094866345160816,2026-01-10 21:02:16+00:00,"Terror, gritos y desesperación: los videos del tiroteo en una cancha de fútbol donde murieron tres personas https://t.co/RFW9izYJlt",todonoticias,TN - Todo Noticias,25992212,2,3,7,0,5870.0,es,https://x.com/todonoticias/status/2010094866345160816,5719809,False,Argentina
1,todonoticias,rango,2010085022968004802,2026-01-10 20:23:09+00:00,Flor Torrente debutó junto a Sebastián Presta en “Mi amiga y yo” https://t.co/AIoM9HkBV3,todonoticias,TN - Todo Noticias,25992212,0,1,6,0,6264.0,es,https://x.com/todonoticias/status/2010085022968004802,5719810,False,Argentina
1,todonoticias,rango,2010082811064078662,2026-01-10 20:14:22+00:00,La boga se abre camino como opción estratégica para la acuicultura argentina https://t.co/W3r6eZnNOl,todonoticias,TN - Todo Noticias,25992212,0,1,6,0,3962.0,es,https://x.com/todonoticias/status/2010082811064078662,5719810,False,Argentina
1,todonoticias,rango,2010079843967181125,2026-01-10 20:02:34+00:00,La decisión de Vélez con Maher Carrizo mientras se define su pase a River Plate https://t.co/GJ3H20BEk5,todonoticias,TN - Todo Noticias,25992212,0,1,1,0,4912.0,es,https://x.com/todonoticias/status/2010079843967181125,5719810,False,Argentina
1,todonoticias,rango,2010077461166600660,2026-01-10 19:53:06+00:00,"🚗 CUATRO AMIGOS MANEJARON DOS CUADRAS POR LA VEREDA EN MENDOZA, SE FILMARON Y LO VIRALIZARON.

▪️ Todo pasó en pleno barrio residencial de Guaymallén, en una vereda que a cualquier hora tiene vecinos.

▪️ En el video se los ve entre risas, tocando bocina y acelerando a bordo de un utilitario mientras peatones intentaban apartarse del camino.

▪️ Una vecina estaba regando tranquila cuando escuchó los bocinazos, levantó la vista y se encontró con una combi avanzando hacia ella por la vereda.

▪️ El municipio ya identificó al menos a dos de los cuatro responsables y la multa podría superar los 600 mil pesos por infracción gravísima.

▪️ Lo grabaron, lo subieron a redes y ahora enfrentan posibles sanciones penales.

Más información en la web de TN 👇
https://t.co/1I8icn7vb3",todonoticias,TN - Todo Noticias,25992212,10,11,21,1,11080.0,es,https://x.com/todonoticias/status/2010077461166600660,5719810,False,Argentina
1,todonoticias,rango,2010077240000655734,2026-01-10 19:52:14+00:00,La familia de la activista venezolana excarcelada Rocío San Miguel aseguró que no tiene una “libertad plena” https://t.co/lG22EfZqqJ,todonoticias,TN - Todo Noticias,25992212,1,2,4,0,3892.0,es,https://x.com/todonoticias/status/2010077240000655734,5719810,False,Argentina
1,todonoticias,rango,2010074772793589767,2026-01-10 19:42:25+00:00,Alerta en la Estación Espacial: la NASA ordenó el regreso anticipado de cuatro astronautas https://t.co/oRYEsjM7sy,todonoticias,TN - Todo Noticias,25992212,2,3,6,0,4224.0,es,https://x.com/todonoticias/status/2010074772793589767,5719810,False,Argentina
1,todonoticias,rango,2010072141220151511,2026-01-10 19:31:58+00:00,"Con Vaca Muerta en alza y Venezuela en crisis, la Argentina gana peso en el mapa petrolero regional https://t.co/jx5dw8GO2i",todonoticias,TN - Todo Noticias,25992212,4,3,17,0,4550.0,es,https://x.com/todonoticias/status/2010072141220151511,5719810,False,Argentina
1,todonoticias,rango,2010069599018971527,2026-01-10 19:21:52+00:00,Argelia fue eliminada de la Copa Africana por una selección que no jugará el Mundial 2026 https://t.co/hmBTZRJBg4,todonoticias,TN - Todo Noticias,25992212,0,2,3,0,4306.0,es,https://x.com/todonoticias/status/2010069599018971527,5719810,False,Argentina
1,todonoticias,rango,2010065751734980783,2026-01-10 19:06:35+00:00,Aseguran que Ian Lucas y Evangelina Anderson se pelearon: “Hubo un cortocircuito” https://t.co/59NsqWUWNS,todonoticias,TN - Todo Noticias,25992212,10,1,17,0,16908.0,es,https://x.com/todonoticias/status/2010065751734980783,5719810,False,Argentina
1,todonoticias,rango,2010063724539756590,2026-01-10 18:58:31+00:00,Video: un manifestante irrumpió en la embajada de Irán en Londres y retiró la bandera oficial durante una protesta https://t.co/sTvimg8EOW,todonoticias,TN - Todo Noticias,25992212,0,1,9,0,3990.0,es,https://x.com/todonoticias/status/2010063724539756590,5719810,False,Argentina
1,todonoticias,rango,2010060141165433232,2026-01-10 18:44:17+00:00,"Un nene de 5 años quiso subir al micro escolar, su brazo quedó trabado en la puerta y murió atropellado https://t.co/5ZNo8QmGfv",todonoticias,TN - Todo Noticias,25992212,4,4,25,0,8933.0,es,https://x.com/todonoticias/status/2010060141165433232,5719810,False,Argentina
1,todonoticias,rango,2010055955161960520,2026-01-10 18:27:39+00:00,Plazos fijo tradicional vs. plazo fijo UVA: la opción que eligieron los argentinos en 2025 https://t.co/MnwU9Pj3Xb,todonoticias,TN - Todo Noticias,25992212,0,1,2,1,4216.0,es,https://x.com/todonoticias/status/2010055955161960520,5719810,False,Argentina
1,todonoticias,rango,2010052765452587314,2026-01-10 18:14:58+00:00,Wanda Nara expuso a Grego Rossello y mostró el mensaje que le mandó al saber que estaba soltera https://t.co/b06dTVd8l9,todonoticias,TN - Todo Noticias,25992212,7,1,19,1,8652.0,es,https://x.com/todonoticias/status/2010052765452587314,5719810,False,Argentina
1,todonoticias,rango,2010050726362218621,2026-01-10 18:06:52+00:00,"González Urrutia reclamó acelerar la liberación de presos políticos: “No se ha alcanzado ni siquiera el 1 % de las excarcelaciones anunciadas"" https://t.co/aoNvgnb9lY",todonoticias,TN - Todo Noticias,25992212,1,2,24,0,4287.0,es,https://x.com/todonoticias/status/2010050726362218621,5719810,False,Argentina
1,todonoticias,rango,2010048127160537528,2026-01-10 17:56:33+00:00,Brasil informó que dejará de representar a la Argentina en Venezuela y el Gobierno redefine su estrategia diplomática https://t.co/TflsM0g8zt,todonoticias,TN - Todo Noticias,25992212,2,3,9,0,4140.0,es,https://x.com/todonoticias/status/2010048127160537528,5719810,False,Argentina
1,todonoticias,rango,2010045611257557270,2026-01-10 17:46:33+00:00,Filtraron las fotos de Julieta Díaz a los besos con un hombre en la Costa https://t.co/MFePUl1tpH,todonoticias,TN - Todo Noticias,25992212,5,1,7,0,8143.0,es,https://x.com/todonoticias/status/2010045611257557270,5719810,False,Argentina
1,todonoticias,rango,2010043555037778124,2026-01-10 17:38:22+00:00,Sorpresa en Inglaterra: el campeón de la FA Cup quedó eliminado con un rival de sexta división y su capitán tuvo un inesperado gesto con los hinchas https://t.co/zK5A6dokbB,todonoticias,TN - Todo Noticias,25992212,0,1,3,0,4215.0,es,https://x.com/todonoticias/status/2010043555037778124,5719810,False,Argentina
1,todonoticias,rango,2010040514469376127,2026-01-10 17:26:18+00:00,Una marca coreana lanzaría un nuevo SUV de entrada de gama https://t.co/dOmsQRpZvt,todonoticias,TN - Todo Noticias,25992212,0,1,4,1,13285.0,es,https://x.com/todonoticias/status/2010040514469376127,5719810,False,Argentina
1,todonoticias,rango,2010037995680788527,2026-01-10 17:16:17+00:00,Julieta Poggio cumplió 24 años: las fotos del festejo XXL en Carlos Paz https://t.co/egM7ireEwZ,todonoticias,TN - Todo Noticias,25992212,1,8,44,1,6503.0,es,https://x.com/todonoticias/status/2010037995680788527,5719810,False,Argentina
1,todonoticias,rango,2010036229367337429,2026-01-10 17:09:16+00:00,Detuvieron a un delincuente que intentó robarle un reloj a un turista italiano en Monserrat https://t.co/z6uA9cdPXe,todonoticias,TN - Todo Noticias,25992212,0,3,5,1,4737.0,es,https://x.com/todonoticias/status/2010036229367337429,5719810,False,Argentina
1,todonoticias,rango,2010034368253726845,2026-01-10 17:01:52+00:00,Video: un grupo de jóvenes se filmó mientras manejaba por la vereda en Mendoza https://t.co/zzLhOBlEyG,todonoticias,TN - Todo Noticias,25992212,0,1,3,0,4134.0,es,https://x.com/todonoticias/status/2010034368253726845,5719813,False,Argentina
1,todonoticias,rango,2010032690385371358,2026-01-10 16:55:12+00:00,Detuvieron a 39 personas acusadas de integrar una banda narco en Rosario: aseguran que usaban a mellizas de 7 años y a un nene de 10 años para vender droga https://t.co/fY8MXXV80i,todonoticias,TN - Todo Noticias,25992212,0,4,8,0,3729.0,es,https://x.com/todonoticias/status/2010032690385371358,5719813,False,Argentina
1,todonoticias,rango,2010030668114506151,2026-01-10 16:47:10+00:00,Megaoperativo en Rosario: detuvieron a 39 personas acusadas de integrar una banda narco https://t.co/5sbwctB2vA,todonoticias,TN - Todo Noticias,25992212,1,3,11,0,3887.0,es,https://x.com/todonoticias/status/2010030668114506151,5719813,False,Argentina
1,todonoticias,rango,2010030355781193755,2026-01-10 16:45:56+00:00,Horror en el paraíso: una turista murió desangrada tras el feroz ataque de un tiburón en las Islas Vírgenes de EE.UU. https://t.co/IoeYlNeUqm,todonoticias,TN - Todo Noticias,25992212,1,3,21,0,7951.0,es,https://x.com/todonoticias/status/2010030355781193755,5719813,False,Argentina
1,todonoticias,rango,2010026491950567608,2026-01-10 16:30:34+00:00,Hay un nuevo Peugeot 408 con cambios en el diseño https://t.co/kM3RAem2VE,todonoticias,TN - Todo Noticias,25992212,0,1,1,0,3985.0,es,https://x.com/todonoticias/status/2010026491950567608,5719813,False,Argentina
1,todonoticias,rango,2010022625624408146,2026-01-10 16:15:13+00:00,La burla de Sabrina Rojas a Griselda Siciliani después de que Luciano Castro le fuera infiel https://t.co/0gmnaVbVxN,todonoticias,TN - Todo Noticias,25992212,4,1,15,0,13469.0,es,https://x.com/todonoticias/status/2010022625624408146,5719813,False,Argentina
1,todonoticias,rango,2010017790539747717,2026-01-10 15:56:00+00:00,Horror en Estados Unidos: detuvieron a un hombre que robó más de 100 restos humanos de un cementerio y los guardó en su casa https://t.co/pREr6SyzeP,todonoticias,TN - Todo Noticias,25992212,6,1,18,0,5901.0,es,https://x.com/todonoticias/status/2010017790539747717,5719813,False,Argentina
1,todonoticias,rango,2010014935800074527,2026-01-10 15:44:39+00:00,"""Busco mi plato de comida"": el desgarrador relato de un exparticipante de Gran Hermano que no llega fin de mes: https://t.co/bNODtE6XX7",todonoticias,TN - Todo Noticias,25992212,9,2,16,1,29028.0,es,https://x.com/todonoticias/status/2010014935800074527,5719813,False,Argentina
1,todonoticias,rango,2010012477635911981,2026-01-10 15:34:53+00:00,La posible llegada del jugador de la Selección argentina que ilusiona a Rosario Central https://t.co/vKyvLbHzeZ,todonoticias,TN - Todo Noticias,25992212,1,1,8,0,3972.0,es,https://x.com/todonoticias/status/2010012477635911981,5719813,False,Argentina
1,todonoticias,rango,2010010532871389482,2026-01-10 15:27:09+00:00,"Stephen Hawking: “Por muy difícil que parezca la vida, siempre hay algo que puedes hacer y en lo que puedes tener éxito. Lo importante es no rendirse” https://t.co/6XyDfxGyoT",todonoticias,TN - Todo Noticias,25992212,0,5,19,0,5423.0,es,https://x.com/todonoticias/status/2010010532871389482,5719813,False,Argentina
1,todonoticias,rango,2010006269009043883,2026-01-10 15:10:13+00:00,"“Sin agua, no hay alimentos”: el trabajo de un ingeniero agrónomo para revertir la crisis en el Chaco salteño https://t.co/fgy2Crh22g",todonoticias,TN - Todo Noticias,25992212,1,2,11,0,3765.0,es,https://x.com/todonoticias/status/2010006269009043883,5719813,False,Argentina
1,todonoticias,rango,2010001424415883322,2026-01-10 14:50:58+00:00,El gobernador de Chubut confirmó que encontraron combustible donde se inició el fuego y continúa la búsqueda de los responsables https://t.co/uXOk81NpJS,todonoticias,TN - Todo Noticias,25992212,19,33,70,1,6389.0,es,https://x.com/todonoticias/status/2010001424415883322,5719813,False,Argentina
1,todonoticias,rango,2009999436588494955,2026-01-10 14:43:04+00:00,Los 10 nombres de nena más usados en la Argentina durante 2025 https://t.co/sCEEpxQJzk,todonoticias,TN - Todo Noticias,25992212,0,2,4,0,7746.0,es,https://x.com/todonoticias/status/2009999436588494955,5719813,False,Argentina
1,todonoticias,rango,2009997003347148994,2026-01-10 14:33:24+00:00,"Se trata de Virgilio Laverde, que había sido apresado el 15 de agosto del 2024. 

Aún 800 personas esperan salir en libertad. 

https://t.co/inyDlqeL0y https://t.co/hqFZdsmvYc",todonoticias,TN - Todo Noticias,25992212,3,7,32,0,6698.0,es,https://x.com/todonoticias/status/2009997003347148994,5719813,False,Argentina
1,todonoticias,rango,2009995447193264485,2026-01-10 14:27:13+00:00,Milei destacó el pago de los vencimientos de deuda y criticó a los que “agitaron el fantasma del default” https://t.co/yLa7woCeFV,todonoticias,TN - Todo Noticias,25992212,6,1,6,1,3577.0,es,https://x.com/todonoticias/status/2009995447193264485,5719813,False,Argentina
1,todonoticias,rango,2009994187240853745,2026-01-10 14:22:12+00:00,Córdoba: una beba nació con cocaína en sangre y hay alarma por el aumento de casos similares https://t.co/umwPJnCPt0,todonoticias,TN - Todo Noticias,25992212,4,3,8,1,3971.0,es,https://x.com/todonoticias/status/2009994187240853745,5719813,False,Argentina
1,todonoticias,rango,2009991338784075780,2026-01-10 14:10:53+00:00,Subastaron el primer cómic de Superman por US$15 millones: fue de Nicolas Cage y es un ícono de la cultura pop https://t.co/9vKgbhfgG3,todonoticias,TN - Todo Noticias,25992212,0,4,14,2,5281.0,es,https://x.com/todonoticias/status/2009991338784075780,5719813,False,Argentina
1,todonoticias,rango,2009989786245689816,2026-01-10 14:04:43+00:00,"Tras llegar a Alianza Lima, Advíncula reveló que le dijo a Juan Román Riquelme por su salida anticipada de Boca https://t.co/UM7w3vVqLn",todonoticias,TN - Todo Noticias,25992212,1,1,3,0,3935.0,es,https://x.com/todonoticias/status/2009989786245689816,5719813,False,Argentina
1,todonoticias,rango,2009987874712703039,2026-01-10 13:57:07+00:00,De los apapachos al desinterés y de vuelta al cariño (y el ciclo se repite) https://t.co/qzOSEBGgyR,todonoticias,TN - Todo Noticias,25992212,0,1,4,0,3435.0,es,https://x.com/todonoticias/status/2009987874712703039,5719813,False,Argentina
1,todonoticias,rango,2009984535954411750,2026-01-10 13:43:51+00:00,Racing destrabó la negociación con Huracán y llegó a un acuerdo para incorporar a Matko Miljevic https://t.co/da3x7lOQAK,todonoticias,TN - Todo Noticias,25992212,0,1,2,0,3961.0,es,https://x.com/todonoticias/status/2009984535954411750,5719813,False,Argentina
1,todonoticias,rango,2009981721488318959,2026-01-10 13:32:40+00:00,Incendios en Chubut: revelaron la impactante foto que confirma que el fuego fue provocado de manera intencional https://t.co/OVmoitObn7,todonoticias,TN - Todo Noticias,25992212,4,7,15,2,4669.0,es,https://x.com/todonoticias/status/2009981721488318959,5719810,False,Argentina
1,todonoticias,rango,2009980229352071568,2026-01-10 13:26:44+00:00,Dramático rescate en San Luis: un ministro se metió en un arroyo desbordado para salvar a dos turistas que habían quedado atrapadas https://t.co/es6yQOBCNL,todonoticias,TN - Todo Noticias,25992212,0,2,12,0,3599.0,es,https://x.com/todonoticias/status/2009980229352071568,5719810,False,Argentina
1,todonoticias,rango,2009977913408663681,2026-01-10 13:17:32+00:00,El Gobierno detuvo en Corrientes a un ciudadano venezolano acusado de tener vínculos terroristas https://t.co/fv504fQ4Qq,todonoticias,TN - Todo Noticias,25992212,0,3,9,0,3725.0,es,https://x.com/todonoticias/status/2009977913408663681,5719810,False,Argentina
1,todonoticias,rango,2009977878486663428,2026-01-10 13:17:24+00:00,Brasil: una mujer conoció a un hombre por una app de citas y la mantuvo cautiva durante un año https://t.co/8f887ikOhS,todonoticias,TN - Todo Noticias,25992212,1,2,6,1,3689.0,es,https://x.com/todonoticias/status/2009977878486663428,5719810,False,Argentina
1,todonoticias,rango,2009976401206882589,2026-01-10 13:11:32+00:00,OPINIÓN | Las Provincias Unidas contra el Brasil: una guerra olvidada https://t.co/MWnhQ2vkQ4,todonoticias,TN - Todo Noticias,25992212,0,1,4,0,3818.0,es,https://x.com/todonoticias/status/2009976401206882589,5719810,False,Argentina
1,todonoticias,rango,2009973838432387223,2026-01-10 13:01:21+00:00,"""Estamos muy seguros de lo que sentimos y por qué nos elegimos""

Ella tiene 25, él 68 y se conocieron en un hotel. Se casaron y construyeron un vínculo que ignora el paso del tiempo y las críticas.

""Es muy lindo vivir sin prejuicios, inténtelo"" https://t.co/IlMmsUuFDs https://t.co/hwQjgu2kPU",todonoticias,TN - Todo Noticias,25992212,250,39,530,36,299566.0,es,https://x.com/todonoticias/status/2009973838432387223,5719810,False,Argentina
1,todonoticias,rango,2009971993664188444,2026-01-10 12:54:01+00:00,Nick Jonas se grabó escuchando el nuevo tema de J Balvin en el que menciona a su esposa y su reacción se hizo viral https://t.co/selMUaFhGt,todonoticias,TN - Todo Noticias,25992212,0,1,1,0,4007.0,es,https://x.com/todonoticias/status/2009971993664188444,5719810,False,Argentina
1,todonoticias,rango,2009971081235280367,2026-01-10 12:50:23+00:00,Aseguran que Morena Rial pidió que le hagan un amarre a su exnovio: el escandaloso chat con la tarotista https://t.co/DVnw6SzHpo,todonoticias,TN - Todo Noticias,25992212,2,2,4,1,7368.0,es,https://x.com/todonoticias/status/2009971081235280367,5719810,False,Argentina
1,todonoticias,rango,2009968261006291119,2026-01-10 12:39:11+00:00,"Convertirán la casa de la infancia de David Bowie en un museo: ""Acá inició una carrera extraordinaria"" https://t.co/VeduNpHBy1",todonoticias,TN - Todo Noticias,25992212,0,3,10,0,3793.0,es,https://x.com/todonoticias/status/2009968261006291119,5719810,False,Argentina
1,todonoticias,rango,2009965410855076291,2026-01-10 12:27:51+00:00,Fue bicampeón con la Selección argentina juvenil y ahora será compañero de Messi en Inter Miami https://t.co/LknRobTWri,todonoticias,TN - Todo Noticias,25992212,1,1,6,0,4147.0,es,https://x.com/todonoticias/status/2009965410855076291,5719810,False,Argentina
1,todonoticias,rango,2009963987698418167,2026-01-10 12:22:12+00:00,"Carlos Alcaraz venció a Jannik Sinner en una exhibición de tenis en Corea del Sur, previa al Abierto de Australia https://t.co/tYF56MZOHK",todonoticias,TN - Todo Noticias,25992212,0,1,4,0,4427.0,es,https://x.com/todonoticias/status/2009963987698418167,5719810,False,Argentina
1,todonoticias,rango,2009960137142776047,2026-01-10 12:06:54+00:00,Minimalismo japonés: cuáles son los beneficios de dormir en una cama cerca del piso https://t.co/t5ip2Mi30B,todonoticias,TN - Todo Noticias,25992212,2,1,3,0,4301.0,es,https://x.com/todonoticias/status/2009960137142776047,5719810,False,Argentina
1,todonoticias,rango,2009958188163150331,2026-01-10 11:59:09+00:00,OPINIÓN | Por qué la conferencia de prensa de Trump terminó arruinando la hazaña de la captura de Nicolás Maduro https://t.co/zA1ewhaxYd,todonoticias,TN - Todo Noticias,25992212,2,3,8,3,4141.0,es,https://x.com/todonoticias/status/2009958188163150331,5719810,False,Argentina
1,todonoticias,rango,2009956794773221651,2026-01-10 11:53:37+00:00,Horror en La Matanza: detuvieron a un hombre acusado de matar a su pareja y a su bebé de 11 meses https://t.co/JPia61IHj7,todonoticias,TN - Todo Noticias,25992212,2,3,11,0,4201.0,es,https://x.com/todonoticias/status/2009956794773221651,5719810,False,Argentina
1,todonoticias,rango,2009954812377362715,2026-01-10 11:45:45+00:00,Arrestaron a un reconocido actor de High School Musical por un escandaloso motivo https://t.co/PX9KHexiFf,todonoticias,TN - Todo Noticias,25992212,0,1,5,0,3691.0,es,https://x.com/todonoticias/status/2009954812377362715,5719810,False,Argentina
1,todonoticias,rango,2009953146945368143,2026-01-10 11:39:08+00:00,Horror en La Matanza: detuvieron a un hombre acusado de matar a su pareja y a su bebé de 11 meses https://t.co/qZYNvD4wnK,todonoticias,TN - Todo Noticias,25992212,1,6,14,0,4864.0,es,https://x.com/todonoticias/status/2009953146945368143,5719810,False,Argentina
1,todonoticias,rango,2009952894489870662,2026-01-10 11:38:07+00:00,El rapero Fetty Wap fue liberado de prisión antes de que finalice su condena: “Estoy comprometido a retribuir” https://t.co/J77IWqS9yD,todonoticias,TN - Todo Noticias,25992212,1,1,3,0,3931.0,es,https://x.com/todonoticias/status/2009952894489870662,5719810,False,Argentina
1,todonoticias,rango,2009949568943739206,2026-01-10 11:24:54+00:00,"River, a un paso de cerrar a Maher Carrizo: el acuerdo con Vélez y la definición que espera Marcelo Gallardo https://t.co/zHuEmGg20q",todonoticias,TN - Todo Noticias,25992212,0,1,4,0,3995.0,es,https://x.com/todonoticias/status/2009949568943739206,5719810,False,Argentina
1,todonoticias,rango,2009946225953419425,2026-01-10 11:11:37+00:00,"Independiente vs. Alianza Lima, por la Serie Río de La Plata: hora y dónde ver en vivo https://t.co/kptANntFhS",todonoticias,TN - Todo Noticias,25992212,0,0,4,0,3980.0,es,https://x.com/todonoticias/status/2009946225953419425,5719810,False,Argentina
1,todonoticias,rango,2009932680222138724,2026-01-10 10:17:48+00:00,Por qué se suspendió abruptamente la obra de Nicolás Cabré en Villa Carlos Paz https://t.co/HPP4Zun108,todonoticias,TN - Todo Noticias,25992212,7,5,29,0,22345.0,es,https://x.com/todonoticias/status/2009932680222138724,5719810,False,Argentina
1,todonoticias,rango,2009930522487824456,2026-01-10 10:09:13+00:00,Los estremecedores detalles de la autopsia a la joven que encontraron muerta en un basural en Tucumán https://t.co/99FSjL6ISg,todonoticias,TN - Todo Noticias,25992212,0,2,25,0,9870.0,es,https://x.com/todonoticias/status/2009930522487824456,5719810,False,Argentina
1,todonoticias,rango,2009930236490592522,2026-01-10 10:08:05+00:00,Argentina gana terreno en la exportación de caballos de alto valor y amplía su mapa internacional https://t.co/4suYxYstEd,todonoticias,TN - Todo Noticias,25992212,2,2,4,0,3187.0,es,https://x.com/todonoticias/status/2009930236490592522,5719810,False,Argentina
1,todonoticias,rango,2009926385607770324,2026-01-10 09:52:47+00:00,"Alan Peiró, adiestrador canino: “Si solo usas comida para educar a tu perro, estás entrenándolo a medias” https://t.co/ZVf5K3FSm0",todonoticias,TN - Todo Noticias,25992212,1,2,4,0,3243.0,es,https://x.com/todonoticias/status/2009926385607770324,5719810,False,Argentina
1,todonoticias,rango,2009923557669675491,2026-01-10 09:41:33+00:00,"Estela López, interiorista, sobre las tendencias en 2026: “Las duchas ganan protagonismo” https://t.co/dJvEU26XZL",todonoticias,TN - Todo Noticias,25992212,1,2,2,1,3176.0,es,https://x.com/todonoticias/status/2009923557669675491,5719810,False,Argentina
1,todonoticias,rango,2009920179409506357,2026-01-10 09:28:07+00:00,"Qué fue la Masacre de la calle Corro, el operativo que llega a juicio tras 50 años de espera https://t.co/NsJpz9fLiR",todonoticias,TN - Todo Noticias,25992212,1,3,4,2,4744.0,es,https://x.com/todonoticias/status/2009920179409506357,5719810,False,Argentina
1,todonoticias,rango,2009913696206893335,2026-01-10 09:02:22+00:00,"La Masacre de la calle Corro, el operativo militar que terminó con la muerte de Victoria Walsh, llega a juicio https://t.co/tXa9ZmStb5",todonoticias,TN - Todo Noticias,25992212,2,1,9,2,3957.0,es,https://x.com/todonoticias/status/2009913696206893335,5719810,False,Argentina
1,todonoticias,rango,2009911396822343908,2026-01-10 08:53:14+00:00,"La tiraron del tren con su bebé en brazos, los dos murieron y 25 años después no hay culpables https://t.co/9Iq58opwBE",todonoticias,TN - Todo Noticias,25992212,5,11,63,0,6043.0,es,https://x.com/todonoticias/status/2009911396822343908,5719810,False,Argentina
1,todonoticias,rango,2009902361440072153,2026-01-10 08:17:19+00:00,"La próxima jugada del Gobierno contra Tapia, la resistencia de la AFA y el silencioso respaldo de Kicillof https://t.co/CvDiT20xFU",todonoticias,TN - Todo Noticias,25992212,1,3,15,0,3887.0,es,https://x.com/todonoticias/status/2009902361440072153,5719810,False,Argentina
1,todonoticias,rango,2009834336636264877,2026-01-10 03:47:01+00:00,Ricardo Darín reveló que podría mudarse a Uruguay: qué dijo https://t.co/u32JJbfQes,todonoticias,TN - Todo Noticias,25992212,25,2,16,1,8963.0,es,https://x.com/todonoticias/status/2009834336636264877,5719810,False,Argentina
1,todonoticias,rango,2009831588968779988,2026-01-10 03:36:06+00:00,"Después de 22 meses, un padre logró que sus hijos volvieran al país: la madre se los había llevado a Brasil https://t.co/h24Z535nJx",todonoticias,TN - Todo Noticias,25992212,7,42,360,0,16169.0,es,https://x.com/todonoticias/status/2009831588968779988,5719810,False,Argentina
1,todonoticias,rango,2009830669132710005,2026-01-10 03:32:27+00:00,Gimena Accardi contó si alguna vez sufrió una infidelidad y opinó sobre la polémica de Luciano Castro https://t.co/kl3M14MGhM,todonoticias,TN - Todo Noticias,25992212,3,2,8,0,10786.0,es,https://x.com/todonoticias/status/2009830669132710005,5719810,False,Argentina
1,todonoticias,rango,2009828304744824898,2026-01-10 03:23:03+00:00,Aseguran que vieron al nuevo novio de Zaira Nara con otra mujer en un hotel de lujo de Italia https://t.co/Wjol1YqAdf,todonoticias,TN - Todo Noticias,25992212,37,9,105,8,58069.0,es,https://x.com/todonoticias/status/2009828304744824898,5719810,False,Argentina
1,todonoticias,rango,2009808424947831233,2026-01-10 02:04:03+00:00,https://t.co/x4vxK4prR4,todonoticias,TN - Todo Noticias,25992212,0,1,5,0,5956.0,zxx,https://x.com/todonoticias/status/2009808424947831233,5719810,False,Argentina
1,todonoticias,rango,2009808302977552401,2026-01-10 02:03:34+00:00,"En diálogo con TN, la diva habló de la nueva temporada de su ciclo y destacó el amor que tiene por la ciudad balnearia. https://t.co/0meqbf4Elz",todonoticias,TN - Todo Noticias,25992212,8,8,77,1,13210.0,es,https://x.com/todonoticias/status/2009808302977552401,5719810,False,Argentina
1,todonoticias,rango,2009796479574319262,2026-01-10 01:16:35+00:00,Asesinaron a machetazos a un hombre de 75 años en Misiones: el principal acusado está prófugo https://t.co/hPSbZXthGy,todonoticias,TN - Todo Noticias,25992212,0,1,9,0,5279.0,es,https://x.com/todonoticias/status/2009796479574319262,5719810,False,Argentina
1,todonoticias,rango,2009778538334097790,2026-01-10 00:05:18+00:00,Encontraron el cuerpo de una joven de 25 años que estaba desaparecida desde hace dos días en Tucumán https://t.co/vhhO4qfK5d,todonoticias,TN - Todo Noticias,25992212,0,2,6,0,4957.0,es,https://x.com/todonoticias/status/2009778538334097790,5719810,False,Argentina
1,todonoticias,rango,2009767488104349904,2026-01-09 23:21:23+00:00,Sofía “Jujuy” Jiménez se sinceró sobre su nuevo trabajo en una serie web: “Es todo sobreactuado” https://t.co/2VK3iOebCf,todonoticias,TN - Todo Noticias,25992212,1,2,5,0,8354.0,es,https://x.com/todonoticias/status/2009767488104349904,5719810,False,Argentina
1,todonoticias,rango,2009765925692600520,2026-01-09 23:15:10+00:00,Pedro Troglio denunció que sufrió una estafa inmobiliaria y perdió una fortuna: “Es tristísimo” https://t.co/XW23JzX7L7,todonoticias,TN - Todo Noticias,25992212,1,3,4,1,5495.0,es,https://x.com/todonoticias/status/2009765925692600520,5719810,False,Argentina
1,todonoticias,rango,2009761261467082958,2026-01-09 22:56:38+00:00,"⚽PEDRO TROGLIO DECIDIÓ INVERTIR SUS AHORROS EN UN PROYECTO INMOBILIARIO Y LO ESTAFARON DE LA PEOR MANERA

▪️ Pedro Troglio, DT de Banfield, puso dinero en efectivo en una empresa que prometía departamentos ""en pozo"" en La Plata. Cobraba una renta mensual hasta que todo se frenó en seco.

▪️ El responsable del proyecto se llama Diego Lacki. Según contó Troglio, era simpático, carismático, de esos que inspiraban confianza en un asado. Lo conoció así, con amigos. Hizo entrar a su familia también.

▪️ Hasta que Lacki dejó de responder llamados. Las obras se paralizaron. Los cuatro edificios quedaron a medio construir. Y la plata en efectivo que habían entregado 160 personas, desapareció.

▪️ ""Es tristísimo ver la situación de cada uno. Hay gente que llevó sus únicos ahorros. Yo puedo seguir viviendo, pero ellos están esperando desde la desesperación"", dijo el entrenador, que ya inició acciones legales.

▪️ La empresa ahora ofrece devolver solo el 20% de lo invertido. Si pusiste diez, te dan dos. Lacki sigue en La Plata, pero sin dar soluciones. Y la pregunta que nadie puede responder es una sola: ¿dónde está ese dinero?

Más información en la web de TN https://t.co/q6lpql6zE4",todonoticias,TN - Todo Noticias,25992212,7,10,118,2,50206.0,es,https://x.com/todonoticias/status/2009761261467082958,5719810,False,Argentina
1,todonoticias,rango,2009759133617270925,2026-01-09 22:48:11+00:00,Diputados y senadores dieron sus primeras señales de respaldo al acuerdo entre la Unión Europea y el Mercosur https://t.co/uDdMommnw8,todonoticias,TN - Todo Noticias,25992212,1,3,10,3,4966.0,es,https://x.com/todonoticias/status/2009759133617270925,5719810,False,Argentina
1,todonoticias,rango,2009755833119195323,2026-01-09 22:35:04+00:00,Qué dijo el Teto Medina tras ser operado de cáncer de colon https://t.co/fzSZnz4wSs,todonoticias,TN - Todo Noticias,25992212,1,2,5,1,4984.0,es,https://x.com/todonoticias/status/2009755833119195323,5719813,False,Argentina
1,todonoticias,rango,2009753738446045604,2026-01-09 22:26:45+00:00,"Después de la polémica por los deepfakes de mujeres desnudas en X, Grok limitó la manipulación de imágenes con IA https://t.co/KaqwRwXfXu",todonoticias,TN - Todo Noticias,25992212,0,3,4,1,5142.0,es,https://x.com/todonoticias/status/2009753738446045604,5719813,False,Argentina
1,todonoticias,rango,2009750317869453692,2026-01-09 22:13:09+00:00,La emoción de Noel Schajris por unirse a Latin Grammy en un proyecto soñado: “Es una enorme bendición” https://t.co/uWB40LlbJX,todonoticias,TN - Todo Noticias,25992212,0,0,2,0,5000.0,es,https://x.com/todonoticias/status/2009750317869453692,5719813,False,Argentina
1,todonoticias,rango,2009747204412424559,2026-01-09 22:00:47+00:00,"Jugó en River, generó polémica con Marcelo Gallardo y ahora decidió aclararla: ""Fue de mal gusto"" https://t.co/FdmTLO0LhJ",todonoticias,TN - Todo Noticias,25992212,1,1,2,0,4622.0,es,https://x.com/todonoticias/status/2009747204412424559,5719813,False,Argentina
1,todonoticias,rango,2009745531782971737,2026-01-09 21:54:08+00:00,La novia del militante libertario que chocó alcoholizada fue inhabilitada para sacar su registro hasta 2099 https://t.co/KhID8s9gTh,todonoticias,TN - Todo Noticias,25992212,473,347,8559,203,1160105.0,es,https://x.com/todonoticias/status/2009745531782971737,5719813,False,Argentina
1,todonoticias,rango,2009742443889999957,2026-01-09 21:41:52+00:00,Eugenia Tobal contó la verdad de la crítica de Germán Martitegui al plato dedicado a su mamá en MasterChef Celebrity https://t.co/qc7Fvrtp5e,todonoticias,TN - Todo Noticias,25992212,0,1,5,0,6441.0,es,https://x.com/todonoticias/status/2009742443889999957,5719813,False,Argentina
1,todonoticias,rango,2009739580581228630,2026-01-09 21:30:29+00:00,Dólar: este fue el resultado de la intervención del Banco Central en el mercado cambiario esta semana https://t.co/l706WAtBia,todonoticias,TN - Todo Noticias,25992212,1,1,3,0,4413.0,es,https://x.com/todonoticias/status/2009739580581228630,5719813,False,Argentina
1,todonoticias,rango,2009731801023996143,2026-01-09 20:59:35+00:00,Christian Petersen volvió a cocinar tras recibir el alta médica y compartió la receta que hizo https://t.co/gJM7x6fYlN,todonoticias,TN - Todo Noticias,25992212,7,1,8,0,4289.0,es,https://x.com/todonoticias/status/2009731801023996143,5719813,False,Argentina
1,todonoticias,rango,2009728890940395887,2026-01-09 20:48:01+00:00,Lionel Scaloni reveló detalles de su encuentro secreto con Lionel Messi durante sus vacaciones en la Argentina https://t.co/8RNsdRuzPy,todonoticias,TN - Todo Noticias,25992212,0,1,7,0,4634.0,es,https://x.com/todonoticias/status/2009728890940395887,5719813,False,Argentina
1,todonoticias,rango,2009724983891685418,2026-01-09 20:32:29+00:00,¿El audio con acento español o la foto íntima? Luciano Castro reveló qué le dio más vergüenza https://t.co/OgllfSmgs5,todonoticias,TN - Todo Noticias,25992212,3,1,6,2,18359.0,es,https://x.com/todonoticias/status/2009724983891685418,5719813,False,Argentina
1,todonoticias,rango,2009720908546560212,2026-01-09 20:16:18+00:00,"Habló el médico que socorrió al jugador que sufrió un paro cardíaco en un entrenamiento: ""Está fuera de peligro"" https://t.co/f11EtvUDA8",todonoticias,TN - Todo Noticias,25992212,0,1,7,0,4888.0,es,https://x.com/todonoticias/status/2009720908546560212,5719813,False,Argentina
1,todonoticias,rango,2009720635459821937,2026-01-09 20:15:12+00:00,Las temibles predicciones de Baba Vanga para 2026 https://t.co/IJsJbA8xaX,todonoticias,TN - Todo Noticias,25992212,12,2,16,1,19914.0,es,https://x.com/todonoticias/status/2009720635459821937,5719813,False,Argentina
1,todonoticias,rango,2009718727185416504,2026-01-09 20:07:37+00:00,Se conoció el video que grabó el oficial de migraciones cuando mató a una mujer en Minnesota https://t.co/OweNZI4u2c,todonoticias,TN - Todo Noticias,25992212,3,2,19,1,6933.0,es,https://x.com/todonoticias/status/2009718727185416504,5719813,False,Argentina
1,todonoticias,rango,2009716109000552955,2026-01-09 19:57:13+00:00,Le dieron el alta a la nena que fue herida en la cabeza por una bala perdida en Morón https://t.co/WfyX3daBbK,todonoticias,TN - Todo Noticias,25992212,108,203,3949,32,103000.0,es,https://x.com/todonoticias/status/2009716109000552955,5719813,False,Argentina
1,todonoticias,rango,2009715807387779291,2026-01-09 19:56:01+00:00,"La Liga Profesional presentó un nuevo logo en homenaje al hincha argentino, pero las redes se llenaron de críticas a Tapia https://t.co/wZ5mDMou7I",todonoticias,TN - Todo Noticias,25992212,2,2,8,0,4039.0,es,https://x.com/todonoticias/status/2009715807387779291,5719813,False,Argentina
1,todonoticias,rango,2009713508162674759,2026-01-09 19:46:53+00:00,Cuáles son las 200 avenidas y calles de CABA que estarán cortadas entre enero y marzo 2026 https://t.co/MJQkJITWMj,todonoticias,TN - Todo Noticias,25992212,0,2,3,0,3895.0,es,https://x.com/todonoticias/status/2009713508162674759,5719813,False,Argentina
1,todonoticias,rango,2009711906609606705,2026-01-09 19:40:31+00:00,Narda Lepes se quejó de la gente que guarda ollas en el horno y en las redes la fulminaron https://t.co/nutkTDYThf,todonoticias,TN - Todo Noticias,25992212,7,2,9,1,5709.0,es,https://x.com/todonoticias/status/2009711906609606705,5719813,False,Argentina
1,todonoticias,rango,2009709393567199712,2026-01-09 19:30:32+00:00,Luciano Castro rompió el silencio tras la viralización de sus audios íntimos: “Me siento patético” https://t.co/59whbERMpg,todonoticias,TN - Todo Noticias,25992212,4,2,5,0,4917.0,es,https://x.com/todonoticias/status/2009709393567199712,5719813,False,Argentina
1,todonoticias,rango,2009706409080832059,2026-01-09 19:18:41+00:00,Mauro Icardi festejó el primer año junto a la China Suárez y en las redes lo destrozaron https://t.co/DoWDNdtHNf,todonoticias,TN - Todo Noticias,25992212,4,2,16,0,5593.0,es,https://x.com/todonoticias/status/2009706409080832059,5719813,False,Argentina
1,todonoticias,rango,2009703218587091309,2026-01-09 19:06:00+00:00,"El calvario de una nena de 4 años: se hizo pis, su padre la golpeó con cucharas y la obligó a quedarse en ropa interior https://t.co/pBbgA12yKO",todonoticias,TN - Todo Noticias,25992212,1,8,14,0,6416.0,es,https://x.com/todonoticias/status/2009703218587091309,5719813,False,Argentina
1,todonoticias,rango,2009701985214255461,2026-01-09 19:01:06+00:00,"Una joven reveló el insólito motivo por el que dejó a su novio: ""Era una patada en el estómago"" https://t.co/WiQQvpIOIw",todonoticias,TN - Todo Noticias,25992212,3,2,9,1,7366.0,es,https://x.com/todonoticias/status/2009701985214255461,5719810,False,Argentina
1,todonoticias,rango,2009700672648700076,2026-01-09 18:55:53+00:00,"Quién era Agustina Pagliero, la joven de 27 años que murió arrollada por un colectivo en el centro de Córdoba https://t.co/QXXarrBwt1",todonoticias,TN - Todo Noticias,25992212,2,3,22,0,7361.0,es,https://x.com/todonoticias/status/2009700672648700076,5719810,False,Argentina
1,todonoticias,rango,2009700260315349448,2026-01-09 18:54:15+00:00,Luis Caputo tras el acuerdo entre el Mercosur y la UE: “Le permitirá al país aumentar sus exportaciones” https://t.co/445rvoX7zE,todonoticias,TN - Todo Noticias,25992212,2,5,8,1,4011.0,es,https://x.com/todonoticias/status/2009700260315349448,5719810,False,Argentina
1,todonoticias,rango,2009698357715890491,2026-01-09 18:46:41+00:00,Wanda Nara mostró su exclusiva cartera de cocodrilo fucsia: cuesta 60 mil dólares https://t.co/1x3YUb6eMQ,todonoticias,TN - Todo Noticias,25992212,31,2,19,0,11044.0,es,https://x.com/todonoticias/status/2009698357715890491,5719810,False,Argentina
1,todonoticias,rango,2009695883353334245,2026-01-09 18:36:51+00:00,"El Atlético de Madrid defendió al ""Cholo"" Simeone tras su cruce con Vinicius: ""Curioso el tiempo que dedican"" https://t.co/S7wyGQxSxq",todonoticias,TN - Todo Noticias,25992212,1,2,5,0,4151.0,es,https://x.com/todonoticias/status/2009695883353334245,5719810,False,Argentina
1,todonoticias,rango,2009693940836937890,2026-01-09 18:29:08+00:00,Ni lengua de suegra ni potus: las 5 plantas que generan el efecto ventilador y refrescan la casa en verano https://t.co/zRjG4sOWz2,todonoticias,TN - Todo Noticias,25992212,0,2,3,0,4017.0,es,https://x.com/todonoticias/status/2009693940836937890,5719810,False,Argentina
1,todonoticias,rango,2009691290183565640,2026-01-09 18:18:36+00:00,La respuesta de Spotify a Café Tacvba luego de que su cantante pidiera que retiren su música de la plataforma https://t.co/ZlQTWcz57m,todonoticias,TN - Todo Noticias,25992212,3,2,2,0,4463.0,es,https://x.com/todonoticias/status/2009691290183565640,5719810,False,Argentina
1,todonoticias,rango,2009688915100479886,2026-01-09 18:09:10+00:00,"“La peor mujer del mundo”: la historia de Lizzie Halliday, la primera asesina serial de New York https://t.co/Gz65ZVIHQE",todonoticias,TN - Todo Noticias,25992212,0,2,4,1,4311.0,es,https://x.com/todonoticias/status/2009688915100479886,5719810,False,Argentina
1,todonoticias,rango,2009688869428425098,2026-01-09 18:08:59+00:00,La cifra que necesitó ganar una familia porteña para ser de clase media en CABA durante diciembre 2025 https://t.co/wkIyEEWpWB,todonoticias,TN - Todo Noticias,25992212,0,0,2,0,3684.0,es,https://x.com/todonoticias/status/2009688869428425098,5719810,False,Argentina
1,todonoticias,rango,2009684760021352534,2026-01-09 17:52:39+00:00,"A los 39 años se separó, comenzó una vida como acompañante y llegó a ganar más de 6.700 dólares en una noche https://t.co/Xhxb5cHfOb",todonoticias,TN - Todo Noticias,25992212,17,2,29,2,19544.0,es,https://x.com/todonoticias/status/2009684760021352534,5719810,False,Argentina
1,todonoticias,rango,2009682945422835994,2026-01-09 17:45:26+00:00,"“Por favor, consiga rápido una familia”: el pedido de dos hermanas que quieren ser adoptadas juntas a un juez https://t.co/PlvVXdIG7K",todonoticias,TN - Todo Noticias,25992212,0,3,5,0,4157.0,es,https://x.com/todonoticias/status/2009682945422835994,5719810,False,Argentina
1,todonoticias,rango,2009679631536783656,2026-01-09 17:32:16+00:00,Ni sastre ni máquina de coser: el truco para arreglar un pantalón en nivel experto https://t.co/J097Bz3mQa,todonoticias,TN - Todo Noticias,25992212,0,1,3,0,3922.0,es,https://x.com/todonoticias/status/2009679631536783656,5719810,False,Argentina
1,todonoticias,rango,2009675324158513201,2026-01-09 17:15:09+00:00,"Valeria Mazza, invitada de lujo en el desfile de Atelier Pucheta Paz en las Torres Trump de Punta del Este https://t.co/Fva2YxdgFH",todonoticias,TN - Todo Noticias,25992212,0,1,7,0,4713.0,es,https://x.com/todonoticias/status/2009675324158513201,5719810,False,Argentina
1,todonoticias,rango,2009673665756180545,2026-01-09 17:08:34+00:00,El Gobierno celebró el acuerdo UE-Mercosur y adelantó que se firmará el 17 de enero en Paraguay https://t.co/KNwOigUOlS,todonoticias,TN - Todo Noticias,25992212,2,5,11,0,4046.0,es,https://x.com/todonoticias/status/2009673665756180545,5719810,False,Argentina
1,todonoticias,rango,2009673089324593641,2026-01-09 17:06:17+00:00,Video: un ladrón se metió en una casa con la tobillera electrónica puesta y se robó dos pares de zapatillas https://t.co/8YB8xlDicv,todonoticias,TN - Todo Noticias,25992212,6,24,60,1,6162.0,es,https://x.com/todonoticias/status/2009673089324593641,5719810,False,Argentina
1,todonoticias,rango,2009671746576633965,2026-01-09 17:00:56+00:00,"Morena Echarri, la hija de Nancy Dupláa y Pablo Echarri, posó en microbikini negra: “Costa argentina, te amo” https://t.co/APqp3Yqk20",todonoticias,TN - Todo Noticias,25992212,20,1,16,1,17836.0,es,https://x.com/todonoticias/status/2009671746576633965,5719810,False,Argentina
1,todonoticias,rango,2009670279149088790,2026-01-09 16:55:07+00:00,"Mito o realidad: el sexo, ¿afecta al rendimiento físico? https://t.co/L3H5GF0rFo",todonoticias,TN - Todo Noticias,25992212,1,2,6,1,18924.0,es,https://x.com/todonoticias/status/2009670279149088790,5719810,False,Argentina
1,todonoticias,rango,2009667746439610624,2026-01-09 16:45:03+00:00,La amante descubrió la infidelidad por Facebook y él intentó ahogar a su novia embarazada: “Estoy harto” https://t.co/ul9yQuFYmo,todonoticias,TN - Todo Noticias,25992212,3,2,3,0,4097.0,es,https://x.com/todonoticias/status/2009667746439610624,5719810,False,Argentina
1,todonoticias,rango,2009664028097020001,2026-01-09 16:30:16+00:00,Una nena de 8 años recibió una bicicleta como regalo de los Reyes Magos y se la robaron el mismo día https://t.co/iP2bYWDqbB,todonoticias,TN - Todo Noticias,25992212,4,4,15,0,5028.0,es,https://x.com/todonoticias/status/2009664028097020001,5719810,False,Argentina
1,todonoticias,rango,2009662402346762425,2026-01-09 16:23:49+00:00,"🚨 ""PODÍA HABER PERDIDO EL BRAZO. O LA MUERTE DIRECTAMENTE"": HABLÓ EL HOMBRE DEL MILAGRO EN PALERMO

▪️ Pablo no sintió nada antes del impacto. Un blindex de un balcón se soltó sin aviso y cayó directamente sobre él.

▪️ El traumatismo le abrió la cabeza y le destrozó el antebrazo izquierdo. Necesitó 30 puntos en el cráneo y una cirugía de urgencia por la rotura de un tendón. ""Ahora estoy vivo para contarlo"", dijo.

▪️ Pablo cree que sobrevivió por algo más que suerte. ""Otros no lo resisten. Mi cabeza es muy dura"", aseguró.

Más información en la web de TN 👇

https://t.co/5T3myE4kpU",todonoticias,TN - Todo Noticias,25992212,3,7,53,0,21432.0,es,https://x.com/todonoticias/status/2009662402346762425,5719810,False,Argentina
1,todonoticias,rango,2009662327251943801,2026-01-09 16:23:31+00:00,Buenas noticias para Boca: quedó a un paso de concretar su primer refuerzo para la temporada 2026 https://t.co/27z50CWbmY,todonoticias,TN - Todo Noticias,25992212,0,1,5,0,3428.0,es,https://x.com/todonoticias/status/2009662327251943801,5719813,False,Argentina
1,todonoticias,rango,2009661129320972630,2026-01-09 16:18:45+00:00,El sorpresivo anuncio que hizo Christian Petersen a días de haber recibido el alta médica https://t.co/KjdJUfyXTY,todonoticias,TN - Todo Noticias,25992212,17,5,13,0,32514.0,es,https://x.com/todonoticias/status/2009661129320972630,5719813,False,Argentina
1,todonoticias,rango,2009659216647045415,2026-01-09 16:11:09+00:00,Pampita confirmó la vigencia del look tanga a la vista desde Punta del Este https://t.co/e8PmMCHX9K,todonoticias,TN - Todo Noticias,25992212,5,1,8,1,9319.0,es,https://x.com/todonoticias/status/2009659216647045415,5719813,False,Argentina
1,todonoticias,rango,2009654961580417149,2026-01-09 15:54:15+00:00,Ordenan dar de baja la tarjeta de la AFA que usaba el supuesto testaferro de Pablo Toviggino https://t.co/pgnSX5mu4w,todonoticias,TN - Todo Noticias,25992212,2,2,6,0,4093.0,es,https://x.com/todonoticias/status/2009654961580417149,5719813,False,Argentina
1,todonoticias,rango,2009653544152924295,2026-01-09 15:48:37+00:00,Fuerzas de EE.UU. interceptaron otro petrolero y ya son cinco los buques incautados desde inicio del bloqueo a Venezuela https://t.co/Tjp2c0x6gK,todonoticias,TN - Todo Noticias,25992212,3,3,10,1,3795.0,es,https://x.com/todonoticias/status/2009653544152924295,5719813,False,Argentina
1,todonoticias,rango,2009652207935684825,2026-01-09 15:43:18+00:00,La contundente afirmación de Checo Pérez sobre su experiencia con Verstappen en Red Bull: “Un verdadero infierno” https://t.co/TVnpWiLWgV,todonoticias,TN - Todo Noticias,25992212,0,3,3,0,3735.0,es,https://x.com/todonoticias/status/2009652207935684825,5719813,False,Argentina
1,todonoticias,rango,2009652106941075506,2026-01-09 15:42:54+00:00,"👭 ""POR FAVOR, CONSIGA RÁPIDO UNA FAMILIA"": TIENEN 10 Y 12 AÑOS, SON HERMANAS Y NO QUIEREN SEPARARSE. 
HACE MESES QUE ESPERAN SER ADOPTADAS JUNTAS Y LE ESCRIBIERON UNA CARTA CONMOVEDORA AL JUEZ QUE DEBE RESOLVER SU CASO. 

▪️ El pedido se sumó al expediente judicial de adopción. No fue un informe oficial, ni un trámite formal. Fue un mensaje escrito a mano por ellas mismas.

▪️ Las nenas viven en un hogar de Salta bajo la protección del Estado y están en convocatoria pública desde junio del año pasado, pero nadie empezó el proceso de adopción todavía. 

▪️ Macarena Zaravia Zenteno, la tutora pública, explicó que la idea fue de las nenas: ""Les propusimos visibilizar su historia y ellas decidieron agregar este recurso tan genuino"".

▪️ La mayoría de las personas se anota en el registro para adoptar bebés. Pero ellas ya no lo son. Y no quieren separarse.

Conocé más sobre su historia en la web de TN 👇
https://t.co/TB9RXMPq11",todonoticias,TN - Todo Noticias,25992212,10,562,863,6,47715.0,es,https://x.com/todonoticias/status/2009652106941075506,5719813,False,Argentina
1,todonoticias,rango,2009650451130818958,2026-01-09 15:36:19+00:00,Los brutales antecedentes del hermano del hombre acusado de matar a su padre y convivir 30 horas con el cuerpo https://t.co/hTRUXHfm8T,todonoticias,TN - Todo Noticias,25992212,0,1,5,0,4454.0,es,https://x.com/todonoticias/status/2009650451130818958,5719813,False,Argentina
1,todonoticias,rango,2009649665663189462,2026-01-09 15:33:12+00:00,Cuáles son los nuevos cambios que se vienen en YouTube https://t.co/yyAXmstCmH,todonoticias,TN - Todo Noticias,25992212,0,1,2,0,3828.0,es,https://x.com/todonoticias/status/2009649665663189462,5719813,False,Argentina
1,todonoticias,rango,2009648182805082202,2026-01-09 15:27:18+00:00,Rechazaron el pedido de los presuntos testaferros de Toviggino para postergar la causa de la mansión en Pilar https://t.co/fyMlSozxt2,todonoticias,TN - Todo Noticias,25992212,1,3,11,0,4001.0,es,https://x.com/todonoticias/status/2009648182805082202,5719813,False,Argentina
1,todonoticias,rango,2009647111013302353,2026-01-09 15:23:03+00:00,"De Pancho Dotto a Angie Landaburu, los looks de moda en un sunset esteño gourmet https://t.co/HY9r57S2kK",todonoticias,TN - Todo Noticias,25992212,0,1,5,0,3891.0,es,https://x.com/todonoticias/status/2009647111013302353,5719813,False,Argentina
1,todonoticias,rango,2009644725326766229,2026-01-09 15:13:34+00:00,Marcha atrás de Samsung: revelaron que su robot esférico no llegará al mercado https://t.co/zfj8ys5bew,todonoticias,TN - Todo Noticias,25992212,1,1,2,0,3801.0,es,https://x.com/todonoticias/status/2009644725326766229,5719813,False,Argentina
1,todonoticias,rango,2009641273792045237,2026-01-09 14:59:51+00:00,Un estudio confirmó que la alimentación puede ayudar a retardar el crecimiento del cáncer de próstata https://t.co/4LfTs4xT2f,todonoticias,TN - Todo Noticias,25992212,1,1,3,0,2816.0,es,https://x.com/todonoticias/status/2009641273792045237,5719813,False,Argentina
1,todonoticias,rango,2009639363504697817,2026-01-09 14:52:16+00:00,El Banco Central anunció que le devolvió al Tesoro de EE.UU. los fondos que le había prestado con el swap https://t.co/vopnUfUOOA,todonoticias,TN - Todo Noticias,25992212,2,7,12,1,3377.0,es,https://x.com/todonoticias/status/2009639363504697817,5719813,False,Argentina
1,todonoticias,rango,2009636147345908163,2026-01-09 14:39:29+00:00,"💔 ESTABA EMBARAZADA, SUBIÓ FOTOS DE SU BABY SHOWER A LAS REDES Y SU NOVIO INTENTÓ AHOGARLA EN UNA LAGUNA.

Ella no sabía que él tenía otra mujer. Y que esa mujer vio las fotos en Facebook.

Él llevaba una doble vida. Cuando su amante descubrió que estaba en pareja y esperaba un hijo con otra, él no buscó dar explicaciones. Empezó a mandarle mensajes amenazantes a su novia: ""Estoy harto de vivir sabiendo que estás en mi vida, así que haré algo al respecto"".

Al día siguiente la invitó a caminar por la orilla de una laguna. Después de charlar 20 minutos, le dijo algo perturbador: ""Acabo de comer una pizza entera. Fue mi última comida gratis"". Cuando ella le preguntó por qué, respondió: ""Voy a la cárcel"".

En ese mismo instante la agarró de los pies, la arrastró al agua y le hundió la cabeza. Ella gritó pidiendo ayuda y rogó que parara. Más tarde le contó a la policía que sólo frenó ""cuando empezó a mencionar al bebé"".

Sobre esta historia que terminó en drama hay más información en la web de TN 👇
https://t.co/FskeqFsIgk",todonoticias,TN - Todo Noticias,25992212,151,161,3071,61,494448.0,es,https://x.com/todonoticias/status/2009636147345908163,5719813,False,Argentina
1,todonoticias,rango,2009636000557867233,2026-01-09 14:38:54+00:00,"“Tuve suerte, mi cabeza es muy dura”: habló el hombre al que le cayó un vidrio que se desprendió de un cuarto piso https://t.co/fv9RDZxj4T",todonoticias,TN - Todo Noticias,25992212,0,3,6,0,3047.0,es,https://x.com/todonoticias/status/2009636000557867233,5719813,False,Argentina
1,todonoticias,rango,2009633973115232689,2026-01-09 14:30:51+00:00,Se conoció la primera sanción que un piloto de la Fórmula 1 deberá cumplir en la temporada 2026 https://t.co/RwkbyCTjsn,todonoticias,TN - Todo Noticias,25992212,0,1,1,0,3063.0,es,https://x.com/todonoticias/status/2009633973115232689,5719813,False,Argentina
1,todonoticias,rango,2009632084252303819,2026-01-09 14:23:20+00:00,"EE.UU. insiste en su estrategia para bloquear la ""flota fantasma"" que transporta patróleo venezolano: las claves detrás de la incautación de otro buque en el Mar Caribe https://t.co/oLDxSI5fPB",todonoticias,TN - Todo Noticias,25992212,4,11,102,0,17094.0,es,https://x.com/todonoticias/status/2009632084252303819,5719813,False,Argentina
1,todonoticias,rango,2009631438614786531,2026-01-09 14:20:46+00:00,EE.UU. confiscó otro buque petrolero en el Caribe https://t.co/hO4CKignJy,todonoticias,TN - Todo Noticias,25992212,12,19,203,3,10271.0,es,https://x.com/todonoticias/status/2009631438614786531,5719813,False,Argentina
1,todonoticias,rango,2009630806046634170,2026-01-09 14:18:15+00:00,"Quién es Eugenia Rolón, la novia de un militante libertario que manejaba alcoholizada y chocó en Mar de Ajó https://t.co/9gCFBbZ31c",todonoticias,TN - Todo Noticias,25992212,83,25,83,3,11223.0,es,https://x.com/todonoticias/status/2009630806046634170,5719813,False,Argentina
1,todonoticias,rango,2009628214172287376,2026-01-09 14:07:58+00:00,El estremecedor relato del DT de Madryn sobre el paro cardíaco del arquero Nievas en el entrenamiento: “Empezó a tener convulsiones y todos temimos lo peor” https://t.co/uVilSKrM6j,todonoticias,TN - Todo Noticias,25992212,1,2,1,0,3093.0,es,https://x.com/todonoticias/status/2009628214172287376,5719810,False,Argentina
1,todonoticias,rango,2009628034505081096,2026-01-09 14:07:15+00:00,"La inflación de diciembre fue de 2,7% en la Ciudad de Buenos Aires y acumuló 31,8% en todo 2025
https://t.co/WjP0TVemfr https://t.co/tkEETFvQWl",todonoticias,TN - Todo Noticias,25992212,4,4,15,2,4957.0,es,https://x.com/todonoticias/status/2009628034505081096,5719810,False,Argentina
1,todonoticias,rango,2009626151711314158,2026-01-09 13:59:46+00:00,Boda de Taylor Swift y Travis Kelce: lo que sabemos (hasta ahora) https://t.co/6oEyloawiT,todonoticias,TN - Todo Noticias,25992212,1,1,3,0,3210.0,es,https://x.com/todonoticias/status/2009626151711314158,5719810,False,Argentina
1,todonoticias,rango,2009623535300313544,2026-01-09 13:49:22+00:00,"Álvaro Pedrera, experto en plantas: “El tamaño sí importa a la hora de regar” https://t.co/7CftVi6fsv",todonoticias,TN - Todo Noticias,25992212,0,1,2,0,3162.0,es,https://x.com/todonoticias/status/2009623535300313544,5719810,False,Argentina
1,todonoticias,rango,2009621549184131204,2026-01-09 13:41:28+00:00,"Cambios en la moratoria AGIP: las nuevas fechas, los beneficios y las opciones de pago para regularizar deudas de ABL, IIBB y Patentes https://t.co/FeOqAas9oX",todonoticias,TN - Todo Noticias,25992212,1,1,2,0,3413.0,es,https://x.com/todonoticias/status/2009621549184131204,5719810,False,Argentina
1,todonoticias,rango,2009620461773091227,2026-01-09 13:37:09+00:00,"River afronta horas decisivas en el mercado de pases: se esperan definiciones por Carrizo, Romaña y Andino https://t.co/m11dfQxCf8",todonoticias,TN - Todo Noticias,25992212,0,1,1,0,3755.0,es,https://x.com/todonoticias/status/2009620461773091227,5719810,False,Argentina
1,todonoticias,rango,2009618651456967041,2026-01-09 13:29:58+00:00,Video: el dramático rescate de un motociclista que intentó cruzar un río y fue arrastrado por la creciente en Córdoba https://t.co/F3LPwrxUwq,todonoticias,TN - Todo Noticias,25992212,0,2,3,0,4430.0,es,https://x.com/todonoticias/status/2009618651456967041,5719810,False,Argentina
1,todonoticias,rango,2009616812837625872,2026-01-09 13:22:39+00:00,Alcaraz habló de su “rivalidad especial” con Sinner en la previa del primer partido del año entre ambos https://t.co/EMxNB4gzTJ,todonoticias,TN - Todo Noticias,25992212,1,1,2,0,3362.0,es,https://x.com/todonoticias/status/2009616812837625872,5719810,False,Argentina
1,todonoticias,rango,2009614488559923564,2026-01-09 13:13:25+00:00,"Brutal paliza en Caseros: lo acusaron de abusar de una pasajera, lo bajaron del colectivo y lo golpearon https://t.co/DZ5vLMuG5v",todonoticias,TN - Todo Noticias,25992212,8,4,15,1,4928.0,es,https://x.com/todonoticias/status/2009614488559923564,5719810,False,Argentina
1,todonoticias,rango,2009613020511846643,2026-01-09 13:07:35+00:00,Suspendieron a un concejal acusado de acoso sexual en Misiones: la impactante denuncia de las menores https://t.co/Q8cu1jBCaf,todonoticias,TN - Todo Noticias,25992212,1,3,7,0,3378.0,es,https://x.com/todonoticias/status/2009613020511846643,5719810,False,Argentina
1,todonoticias,rango,2009612495212683711,2026-01-09 13:05:30+00:00,"Ver los pensamientos como nubes, una de las técnicas para reconectar con el presente cuando la mente no para https://t.co/DINrrRZSu7",todonoticias,TN - Todo Noticias,25992212,0,1,1,0,3315.0,es,https://x.com/todonoticias/status/2009612495212683711,5719810,False,Argentina
1,todonoticias,rango,2009609677781508193,2026-01-09 12:54:18+00:00,"Brutal paliza en Caseros: lo acusaron de abusar de una pasajera, lo bajaron del colectivo y lo golpearon https://t.co/D3hwHOzm2s",todonoticias,TN - Todo Noticias,25992212,6,1,11,0,5187.0,es,https://x.com/todonoticias/status/2009609677781508193,5719810,False,Argentina
1,todonoticias,rango,2009609463141986569,2026-01-09 12:53:27+00:00,"Cuánto debe durar la siesta perfecta para reducir el cansancio y potenciar el rendimiento, según Harvard https://t.co/Pwas8mJB17",todonoticias,TN - Todo Noticias,25992212,0,1,1,0,3508.0,es,https://x.com/todonoticias/status/2009609463141986569,5719810,False,Argentina
1,todonoticias,rango,2009605884494639388,2026-01-09 12:39:14+00:00,"SECUENCIA DRAMÁTICA | Brutal pelea en plena calle: lo acusaron de abusar de una pasajera, lo bajaron de un colectivo y lo golpearon. https://t.co/irffmkrkoM",todonoticias,TN - Todo Noticias,25992212,13,21,183,7,63662.0,es,https://x.com/todonoticias/status/2009605884494639388,5719810,False,Argentina
1,todonoticias,rango,2009601645110268076,2026-01-09 12:22:23+00:00,Un gigante sudamericano busca reforzarse con un futbolista de la Selección argentina https://t.co/4H1lg0XmmT,todonoticias,TN - Todo Noticias,25992212,0,2,4,0,3804.0,es,https://x.com/todonoticias/status/2009601645110268076,5719810,False,Argentina
1,todonoticias,rango,2009596268616601838,2026-01-09 12:01:01+00:00,"Carolina Valle, experta en organización: “No se trata de controlar todo, sino de liderar tu semana” https://t.co/DALUxALRzQ",todonoticias,TN - Todo Noticias,25992212,2,1,2,0,3753.0,es,https://x.com/todonoticias/status/2009596268616601838,5719810,False,Argentina
1,todonoticias,rango,2009593546039292414,2026-01-09 11:50:12+00:00,La Unión Europea aprobó el acuerdo comercial con el Mercosur https://t.co/t5R6LIDUxt,todonoticias,TN - Todo Noticias,25992212,0,7,15,1,4992.0,es,https://x.com/todonoticias/status/2009593546039292414,5719810,False,Argentina
1,todonoticias,rango,2009592644079587786,2026-01-09 11:46:37+00:00,PODCAST | Cómo prevenir el sobrepeso y comer mejor desde la infancia https://t.co/KNnP0IWeEG,todonoticias,TN - Todo Noticias,25992212,1,1,2,0,3711.0,es,https://x.com/todonoticias/status/2009592644079587786,5719810,False,Argentina
1,todonoticias,rango,2009591054975074744,2026-01-09 11:40:18+00:00,Donald Trump anunció que canceló la segunda ola de ataques en Venezuela ante la liberación de presos políticos https://t.co/9dyE2JJuzX,todonoticias,TN - Todo Noticias,25992212,0,2,4,0,3611.0,es,https://x.com/todonoticias/status/2009591054975074744,5719810,False,Argentina
1,todonoticias,rango,2009588328140607805,2026-01-09 11:29:28+00:00,Incendios en Chubut: cortaron la ruta 40 por el avance del fuego y ya hay más de 3000 evacuados https://t.co/XsJb2cuJvM,todonoticias,TN - Todo Noticias,25992212,2,3,3,1,3791.0,es,https://x.com/todonoticias/status/2009588328140607805,5719810,False,Argentina
1,todonoticias,rango,2009585850313802009,2026-01-09 11:19:37+00:00,"Tenía 21 años, quiso defender a su hermano en una pelea y la mataron de un tiro en el pecho https://t.co/zSjR236uy7",todonoticias,TN - Todo Noticias,25992212,0,3,11,0,4941.0,es,https://x.com/todonoticias/status/2009585850313802009,5719810,False,Argentina
1,todonoticias,rango,2009585119862911390,2026-01-09 11:16:43+00:00,"El presidente de EE.UU., Donald Trump, anunció que canceló la segunda ola de ataques en Venezuela ante la liberación de los primeros presos políticos y subrayó que es un “gesto muy importante e inteligente” en medio de la “búsqueda de la paz”. https://t.co/hIMgUacv2C",todonoticias,TN - Todo Noticias,25992212,12,51,506,3,70783.0,es,https://x.com/todonoticias/status/2009585119862911390,5719810,False,Argentina
1,todonoticias,rango,2009584666316014052,2026-01-09 11:14:55+00:00,Flamengo adoptó una revolucionaria medida que favorece a los fanáticos del fútbol en Argentina https://t.co/WVKHYYi60j,todonoticias,TN - Todo Noticias,25992212,1,1,2,0,3179.0,es,https://x.com/todonoticias/status/2009584666316014052,5719810,False,Argentina
1,todonoticias,rango,2009583228449898752,2026-01-09 11:09:12+00:00,Pánico en San Telmo: Se incendió un colectivo de la línea 126 https://t.co/Vnw3IpQXJc,todonoticias,TN - Todo Noticias,25992212,6,46,571,8,66364.0,es,https://x.com/todonoticias/status/2009583228449898752,5719810,False,Argentina
1,todonoticias,rango,2009580271876608113,2026-01-09 10:57:27+00:00,Dolor en el deporte mundial: murió una leyenda que ganó dos oros olímpicos y fue 11 veces campeona de Europa https://t.co/dqe0cVCclp,todonoticias,TN - Todo Noticias,25992212,1,1,3,0,3078.0,es,https://x.com/todonoticias/status/2009580271876608113,5719810,False,Argentina
1,todonoticias,rango,2009578177698410944,2026-01-09 10:49:08+00:00,🔴 Donald Trump anunció que canceló la segunda ola de ataques en Venezuela tras la liberación de presos políticos https://t.co/aVNLo07748,todonoticias,TN - Todo Noticias,25992212,2,4,10,1,3554.0,es,https://x.com/todonoticias/status/2009578177698410944,5719810,False,Argentina
1,todonoticias,rango,2009576512551297059,2026-01-09 10:42:31+00:00,"🚨 MATÓ A SU PADRE MIENTRAS DORMÍA, CONVIVIÓ CON EL CUERPO 30 HORAS Y SE LO CONFESÓ A SU HERMANO POR TELÉFONO.

▪️ Rubén Bellavigna tiene 35 años y vivía con su papá en General Rodríguez. Entre el 31 de diciembre y la madrugada del 1° de enero lo atacó con un palo con clavos mientras dormía.

▪️ Luis, su papá, tenía 64 años y era teniente primero de la Policía Bonaerense. Un golpe en la cabeza le provocó la muerte. Durante más de un día, su hijo estuvo solo en la casa con el cuerpo.

▪️ El viernes 2 de enero, el hermano de Rubén llamó al 911 porque no podía contactar a su padre. Cuando pudo hablar con Rubén, le confesó todo: ""Maté a papá, estamos en casa"". Fue volando a la casa: lo encontró sentado en la cocina.

▪️ La familia ya estaba marcada por otro espanto: Federico, otro de los hijos de la víctima y hermano del asesino, está preso desde 2022 acusado de matar a un hombre y tirar su cuerpo a los chanchos. 

Más información en la web de TN 👇
https://t.co/uHRQDiKKwp",todonoticias,TN - Todo Noticias,25992212,63,86,3144,36,412455.0,es,https://x.com/todonoticias/status/2009576512551297059,5719810,False,Argentina
1,todonoticias,rango,2009576173588668785,2026-01-09 10:41:10+00:00,Video: el momento en que le tiraron un artefacto explosivo a una diputada de Honduras antes de una sesión https://t.co/0t9UBCsHOf,todonoticias,TN - Todo Noticias,25992212,0,1,2,0,3305.0,es,https://x.com/todonoticias/status/2009576173588668785,5719810,False,Argentina
1,todonoticias,rango,2009574522773528813,2026-01-09 10:34:36+00:00,Tamara Báez estalló luego de que una seguidora la trató de “agrandada” https://t.co/rGhGA2hE0F,todonoticias,TN - Todo Noticias,25992212,1,1,2,0,3274.0,es,https://x.com/todonoticias/status/2009574522773528813,5719810,False,Argentina
1,todonoticias,rango,2009571589214339170,2026-01-09 10:22:57+00:00,Trump anunció que canceló la segunda ola de ataques en Venezuela ante la liberación de presos políticos https://t.co/yBkyth7bK1,todonoticias,TN - Todo Noticias,25992212,5,8,57,0,13481.0,es,https://x.com/todonoticias/status/2009571589214339170,5719810,False,Argentina
1,todonoticias,rango,2009569997358797024,2026-01-09 10:16:38+00:00,General Rodríguez: un hombre fue acusado de matar a su padre a palazos y convivir 30 horas con el cuerpo https://t.co/zr9wsFGYyR,todonoticias,TN - Todo Noticias,25992212,1,2,2,0,3140.0,es,https://x.com/todonoticias/status/2009569997358797024,5719810,False,Argentina
1,todonoticias,rango,2009561700845191607,2026-01-09 09:43:39+00:00,"A través de la red social Truth, el presidente de Estados Unidos dijo que ""Venezuela está liberando a un gran número de presos políticos como muestra de su búsqueda de la paz"".

""Este es un gesto muy importante e inteligente"", consideró.

https://t.co/R9oehjJKZs https://t.co/iDOC18fOWJ",todonoticias,TN - Todo Noticias,25992212,0,3,17,1,5739.0,es,https://x.com/todonoticias/status/2009561700845191607,5719810,False,Argentina
1,todonoticias,rango,2009555646564196739,2026-01-09 09:19:36+00:00,Venezuela y la Argentina: diferencias y similitudes de países con crisis económicas recurrentes y recorridos políticos opuestos https://t.co/xnftcaZxRG,todonoticias,TN - Todo Noticias,25992212,4,2,5,0,3900.0,es,https://x.com/todonoticias/status/2009555646564196739,5719810,False,Argentina
1,todonoticias,rango,2009553634288374245,2026-01-09 09:11:36+00:00,Lo atacaron a golpes y murió tras pasar dos años en coma: el video que fue clave para dar con los sospechosos https://t.co/FYr5xSR9kc,todonoticias,TN - Todo Noticias,25992212,0,2,5,0,4126.0,es,https://x.com/todonoticias/status/2009553634288374245,5719810,False,Argentina
1,todonoticias,rango,2009553044711809124,2026-01-09 09:09:16+00:00,La familia del joven asesinado por su novia pide bajar la edad de imputabilidad: “Buscamos justicia real” https://t.co/qAnfS7P058,todonoticias,TN - Todo Noticias,25992212,1,3,11,1,3433.0,es,https://x.com/todonoticias/status/2009553044711809124,5719810,False,Argentina
1,todonoticias,rango,2009551881635594733,2026-01-09 09:04:38+00:00,El Gobierno evalúa reabrir la embajada argentina en Venezuela mientras Trump continúa con la transición https://t.co/OcWomMGEIG,todonoticias,TN - Todo Noticias,25992212,1,3,7,0,3232.0,es,https://x.com/todonoticias/status/2009551881635594733,5719810,False,Argentina
1,todonoticias,rango,2009550713437725146,2026-01-09 09:00:00+00:00,⛷️La nieve cubre París y el barrio de Montmartre se transformó en una pista de esquí: así lo aprovecharon y se divirtieron los parisinos❄️ https://t.co/UTqmcELx8Y,todonoticias,TN - Todo Noticias,25992212,0,6,59,0,19969.0,es,https://x.com/todonoticias/status/2009550713437725146,5719810,False,Argentina
1,todonoticias,rango,2009473381633061084,2026-01-09 03:52:43+00:00,Thiago Medina logró el gran objetivo de su recuperación a tres meses del accidente https://t.co/GGjFkFH12M,todonoticias,TN - Todo Noticias,25992212,1,1,7,0,5882.0,es,https://x.com/todonoticias/status/2009473381633061084,5719810,False,Argentina
1,todonoticias,rango,2009470980385595610,2026-01-09 03:43:10+00:00,"Supermercados liquidan bicicletas por $39.324,35 y 43% de descuento https://t.co/irrguvhhZp",todonoticias,TN - Todo Noticias,25992212,0,3,8,0,4638.0,es,https://x.com/todonoticias/status/2009470980385595610,5719810,False,Argentina
1,todonoticias,rango,2009468543926997319,2026-01-09 03:33:29+00:00,"Christian Mera, arquitecto: ""Estos colores hacen que tu casa se vea mucho más elegante"" https://t.co/yYjP0b62Ls",todonoticias,TN - Todo Noticias,25992212,0,3,12,0,5801.0,es,https://x.com/todonoticias/status/2009468543926997319,5719810,False,Argentina
1,todonoticias,rango,2009463218935153049,2026-01-09 03:12:20+00:00,Así fue el cruce de Yanina Latorre y Maru Botana tras la pelea que las distanció https://t.co/IKfcsoV7N5,todonoticias,TN - Todo Noticias,25992212,0,1,4,0,7280.0,es,https://x.com/todonoticias/status/2009463218935153049,5719813,False,Argentina
1,todonoticias,rango,2009457884732788803,2026-01-09 02:51:08+00:00,"Persecución de película, tiroteo y vuelco: así fue el violento robo de un auto en Merlo https://t.co/YppXzhDZtk",todonoticias,TN - Todo Noticias,25992212,0,1,4,0,5336.0,es,https://x.com/todonoticias/status/2009457884732788803,5719813,False,Argentina
1,todonoticias,rango,2009444442168807809,2026-01-09 01:57:43+00:00,"ARGENTINA POLENTA: ""La caída de Maduro""

Por Luli Ofman https://t.co/oaAdWa98zg",todonoticias,TN - Todo Noticias,25992212,438,2973,12988,119,330366.0,es,https://x.com/todonoticias/status/2009444442168807809,5719813,False,Argentina
1,todonoticias,rango,2009423519294345536,2026-01-09 00:34:34+00:00,Compró un cerdo con billetes falsos y lo detuvieron cuando intentaba escapar en un auto robado https://t.co/KWM1ZCnFxr,todonoticias,TN - Todo Noticias,25992212,0,1,13,0,6950.0,es,https://x.com/todonoticias/status/2009423519294345536,5719813,False,Argentina
1,todonoticias,rango,2009405399729164505,2026-01-08 23:22:34+00:00,Horror en Mar del Plata: mataron a un joven de un balazo y prendieron fuego su casa https://t.co/2j8kDvgkrT,todonoticias,TN - Todo Noticias,25992212,1,3,6,0,5392.0,es,https://x.com/todonoticias/status/2009405399729164505,5719813,False,Argentina
1,todonoticias,rango,2009404664790331884,2026-01-08 23:19:39+00:00,"""Infumable"": la producción de MasterChef filtró cómo está Wanda Nara tras su separación https://t.co/o1y1GrKz6P",todonoticias,TN - Todo Noticias,25992212,6,1,8,1,7657.0,es,https://x.com/todonoticias/status/2009404664790331884,5719813,False,Argentina
1,todonoticias,rango,2009404286107779404,2026-01-08 23:18:09+00:00,Cristina Kirchner relató la muerte de un militante frente a su casa: “Me enoja” https://t.co/ZR3PAMji28,todonoticias,TN - Todo Noticias,25992212,7,3,5,0,5494.0,es,https://x.com/todonoticias/status/2009404286107779404,5719813,False,Argentina
1,todonoticias,rango,2009400202013065242,2026-01-08 23:01:55+00:00,Ituzaingó: detuvieron al joven acusado de masturbarse delante de la cuñada de su mejor amigo mientras dormía https://t.co/bkJQPVrf1D,todonoticias,TN - Todo Noticias,25992212,5,3,10,1,7679.0,es,https://x.com/todonoticias/status/2009400202013065242,5719813,False,Argentina
1,todonoticias,rango,2009398606902776303,2026-01-08 22:55:35+00:00,Ituzaingó: detuvieron al joven acusado de masturbarse delante de la cuñada de su mejor amigo mientras dormía https://t.co/cn9OFfmZXc,todonoticias,TN - Todo Noticias,25992212,0,1,3,0,4144.0,es,https://x.com/todonoticias/status/2009398606902776303,5719813,False,Argentina
1,todonoticias,rango,2009394646116450425,2026-01-08 22:39:51+00:00,La contundente frase del Cholo Simeone para explicar su picante cruce con Vinícius en la Supercopa de España https://t.co/1zALmoyN3h,todonoticias,TN - Todo Noticias,25992212,0,1,1,0,4511.0,es,https://x.com/todonoticias/status/2009394646116450425,5719813,False,Argentina
1,todonoticias,rango,2009394622892482996,2026-01-08 22:39:45+00:00,"🦎 CIENTÍFICOS ESTUDIARON A UN LAGARTO DURANTE AÑOS, DESCUBRIERON QUE JUEGA ""PIEDRA, PAPEL O TIJERA"" Y LO QUE ENCONTRARON DESAFÍA TODO LO QUE SE SABÍA SOBRE EVOLUCIÓN

▪️ El lagarto moteado vive en el oeste de Estados Unidos y tiene tres tipos de machos que compiten por reproducirse: uno es agresivo y territorial, otro es protector y el tercero se infiltra en silencio.

▪️ Los investigadores descubrieron que ninguno logra imponerse del todo. Los machos de garganta anaranjada dominan a los azules, pero los amarillos los engañan. Los azules, a su vez, bloquean a los amarillos.

▪️ Cuando una estrategia parece ganar, otra la desplaza. Es un ciclo que se repite una y otra vez. Ningún grupo se mantiene dominante de forma permanente.

▪️ Este comportamiento transformó a la especie en un ejemplo clave para la biología evolutiva. Demostró que la naturaleza puede mantener la diversidad incluso bajo competencia extrema.

Más información en la web de TN 👇
https://t.co/0kNS8FNzo8",todonoticias,TN - Todo Noticias,25992212,2,3,30,0,15045.0,es,https://x.com/todonoticias/status/2009394622892482996,5719813,False,Argentina
1,todonoticias,rango,2009391984759460227,2026-01-08 22:29:16+00:00,Un policía de La Plata fue baleado por un compañero y está grave: investigan cómo se produjo el disparo https://t.co/9x691FLlvS,todonoticias,TN - Todo Noticias,25992212,0,1,5,0,4300.0,es,https://x.com/todonoticias/status/2009391984759460227,5719813,False,Argentina
1,todonoticias,rango,2009391736334713067,2026-01-08 22:28:17+00:00,"A cinco días de la captura de Maduro, partieron los primeros buques de EE.UU. con petróleo venezolano https://t.co/mlvQQRtOhZ",todonoticias,TN - Todo Noticias,25992212,4,5,7,0,4142.0,es,https://x.com/todonoticias/status/2009391736334713067,5719813,False,Argentina
1,todonoticias,rango,2009389039309189427,2026-01-08 22:17:34+00:00,Qué dijo el hermano de Juana Repetto tras la polémica por no invitarla a su casamiento https://t.co/HB8vjIW0Lx,todonoticias,TN - Todo Noticias,25992212,6,1,11,1,25710.0,es,https://x.com/todonoticias/status/2009389039309189427,5719813,False,Argentina
1,todonoticias,rango,2009386187237265584,2026-01-08 22:06:14+00:00,Diosdado Cabello aseguró que la esposa de Maduro pidió que la detengan junto a su marido https://t.co/FaZaKzIJQl,todonoticias,TN - Todo Noticias,25992212,4,3,12,1,6007.0,es,https://x.com/todonoticias/status/2009386187237265584,5719813,False,Argentina
1,todonoticias,rango,2009383904369889703,2026-01-08 21:57:10+00:00,La Casa Blanca afirmó que la liberación de presos políticos en Venezuela se logró por la “influencia” de Trump https://t.co/cyV2ktTmn5,todonoticias,TN - Todo Noticias,25992212,4,4,8,0,4030.0,es,https://x.com/todonoticias/status/2009383904369889703,5719813,False,Argentina
1,todonoticias,rango,2009382920436502610,2026-01-08 21:53:15+00:00,Dos colectivos de la línea 41 chocaron en Saavedra: uno de los choferes resultó herido https://t.co/LuwLUk6iP7,todonoticias,TN - Todo Noticias,25992212,0,2,2,0,3881.0,es,https://x.com/todonoticias/status/2009382920436502610,5719813,False,Argentina
1,todonoticias,rango,2009382640915300775,2026-01-08 21:52:08+00:00,Filtraron cuál es el letal apodo que le pusieron a Yanina Latorre en MasterChef Celebrity https://t.co/asU3AMQJkC,todonoticias,TN - Todo Noticias,25992212,5,2,6,0,11659.0,es,https://x.com/todonoticias/status/2009382640915300775,5719813,False,Argentina
1,todonoticias,rango,2009380234995417532,2026-01-08 21:42:35+00:00,"Por qué Matías Garfunkel, ex de Victoria Vanucci, fue condenado a dos años de prisión https://t.co/9KVBQT2Rkr",todonoticias,TN - Todo Noticias,25992212,0,2,10,1,22498.0,es,https://x.com/todonoticias/status/2009380234995417532,5719813,False,Argentina
1,todonoticias,rango,2009377547218198563,2026-01-08 21:31:54+00:00,El Cholo Simeone mantuvo un picante cruce con Vinícius en pleno partido y le hizo una fuerte advertencia https://t.co/DTFiBjwZ23,todonoticias,TN - Todo Noticias,25992212,0,1,3,0,4467.0,es,https://x.com/todonoticias/status/2009377547218198563,5719813,False,Argentina
1,todonoticias,rango,2009373946496303584,2026-01-08 21:17:35+00:00,El vicepresidente de EE.UU. dijo que la mujer asesinada en Minnesota era una “víctima de la ideología de izquierda” https://t.co/ozP2dkq2mH,todonoticias,TN - Todo Noticias,25992212,6,2,8,3,4974.0,es,https://x.com/todonoticias/status/2009373946496303584,5719813,False,Argentina
1,todonoticias,rango,2009370338472452166,2026-01-08 21:03:15+00:00,"Video: así fue el choque que protagonizó Eugenia Rolón, la novia de un militante libertario en Mar de Ajó https://t.co/CviE2AleNn",todonoticias,TN - Todo Noticias,25992212,5,3,5,1,5413.0,es,https://x.com/todonoticias/status/2009370338472452166,5719813,False,Argentina
1,todonoticias,rango,2009369074136936819,2026-01-08 20:58:14+00:00,Tensión en Nicaragua: el sandinismo está en alerta tras la captura de Maduro y aumenta el control interno https://t.co/I38eGMO12m,todonoticias,TN - Todo Noticias,25992212,1,2,4,0,3939.0,es,https://x.com/todonoticias/status/2009369074136936819,5719813,False,Argentina
1,todonoticias,rango,2009366751515959729,2026-01-08 20:49:00+00:00,El mensaje de Evangelina Anderson luego de que Martín Demichelis y sus hijos fueran rescatados en el mar https://t.co/iyya6XeHJb,todonoticias,TN - Todo Noticias,25992212,4,3,54,1,49923.0,es,https://x.com/todonoticias/status/2009366751515959729,5719813,False,Argentina
1,todonoticias,rango,2009365773438083318,2026-01-08 20:45:07+00:00,El Senado de EE.UU. aprobó un proyecto para intentar bloquear nuevas incursiones de Trump en Venezuela https://t.co/xgEbRGtx5P,todonoticias,TN - Todo Noticias,25992212,1,3,3,0,4386.0,es,https://x.com/todonoticias/status/2009365773438083318,5719813,False,Argentina
1,todonoticias,rango,2009365445908812033,2026-01-08 20:43:49+00:00,"🚨 LO SEDUJERON POR REDES, LO DESNUDARON, LO DURMIERON Y CON LO ROBADO COMPRARON ASADO PARA EL FESTEJO DE AÑO NUEVO

▪️ Un mecánico de Pergamino fue contactado por dos chicas por redes sociales. Intercambiaron fotos, hablaron y el 31 de diciembre fueron a visitarlo al taller.

▪️ Todo parecía normal hasta que el hombre tomó un vaso de cerveza y se desvaneció. Las mujeres, de 23 y 33 años, le robaron dinero y el celular y desaparecieron.

▪️ Los hijos llegaron al taller porque el padre no había ido a la cena de fin de año. Lo encontraron desnudo y desorientado, sin poder recordar qué había pasado.

▪️ Las investigaciones revelaron que las mujeres usaron el dinero robado para comprar asado y festejar Año Nuevo. Además, una de ellas volvió al taller días después con un bebé en brazos.

▪️ Las cámaras de seguridad y las redes sociales las delataron. Ambas fueron detenidas. Una tiene antecedentes y sigue presa, la otra podría quedar libre por ser madre.

Más información en la web de TN 👇
https://t.co/iTrr2Oi6pA",todonoticias,TN - Todo Noticias,25992212,4,1,8,0,4633.0,es,https://x.com/todonoticias/status/2009365445908812033,5719813,False,Argentina
1,todonoticias,rango,2009364637415080388,2026-01-08 20:40:36+00:00,Tragedia de Once: Casación rechazó el pedido de prisión domiciliaria de Julio De Vido https://t.co/13y6A0Wx0N,todonoticias,TN - Todo Noticias,25992212,3,5,19,0,4185.0,es,https://x.com/todonoticias/status/2009364637415080388,5719813,False,Argentina
1,todonoticias,rango,2009363540608762149,2026-01-08 20:36:14+00:00,"Dos mujeres contactaron a un mecánico por las redes, lo sedujeron y lo drogaron para robarle https://t.co/kpEEg8rnFK",todonoticias,TN - Todo Noticias,25992212,1,2,7,0,4743.0,es,https://x.com/todonoticias/status/2009363540608762149,5719813,False,Argentina
1,todonoticias,rango,2009362418892197940,2026-01-08 20:31:47+00:00,Griselda Siciliani reconoció que otras mujeres le escribieron para contarle que Luciano Castro las seducía https://t.co/T77fYB0EFX,todonoticias,TN - Todo Noticias,25992212,6,2,17,0,7270.0,es,https://x.com/todonoticias/status/2009362418892197940,5719813,False,Argentina
1,todonoticias,rango,2009355036426395693,2026-01-08 20:02:27+00:00,Martín Demichelis y sus hijos casi se ahogan en Punta del Este: el video del rescate https://t.co/p6XFe41SZU,todonoticias,TN - Todo Noticias,25992212,10,7,47,0,23708.0,es,https://x.com/todonoticias/status/2009355036426395693,5719813,False,Argentina
1,todonoticias,rango,2009353358247633067,2026-01-08 19:55:47+00:00,La gran noticia que recibió Milton Giménez en medio de los rumores de su salida de Boca https://t.co/DZATeDUOWw,todonoticias,TN - Todo Noticias,25992212,1,1,3,0,3908.0,es,https://x.com/todonoticias/status/2009353358247633067,5719813,False,Argentina
1,todonoticias,rango,2009351172579094652,2026-01-08 19:47:06+00:00,Habló la esposa del gendarme Nahuel Gallo mientras aguarda su liberación en Venezuela: “Estamos esperanzados” https://t.co/zNEUvHVqT9,todonoticias,TN - Todo Noticias,25992212,6,6,14,0,5106.0,es,https://x.com/todonoticias/status/2009351172579094652,5719813,False,Argentina
1,todonoticias,rango,2009348954551423189,2026-01-08 19:38:17+00:00,El conmovedor mensaje del boxeador Anthony Joshua tras el accidente en el que murieron sus dos amigos https://t.co/AYwVAuTME4,todonoticias,TN - Todo Noticias,25992212,0,1,5,0,4898.0,es,https://x.com/todonoticias/status/2009348954551423189,5719813,False,Argentina
1,todonoticias,rango,2009346681725128972,2026-01-08 19:29:15+00:00,"La novia de un militante libertario chocó en Mar de Ajó: manejaba con 1,89 gramos de alcohol en sangre https://t.co/Z9vyIwDpuQ",todonoticias,TN - Todo Noticias,25992212,12,6,7,1,5171.0,es,https://x.com/todonoticias/status/2009346681725128972,5719813,False,Argentina
1,todonoticias,rango,2009345574735077845,2026-01-08 19:24:51+00:00,"“No solo lo asesinan, también lo desvisten y le hacen una lápida”: el testimonio de la mamá de Jeremías Monzón https://t.co/SfZpHQmFqY",todonoticias,TN - Todo Noticias,25992212,0,1,2,0,3657.0,es,https://x.com/todonoticias/status/2009345574735077845,5719813,False,Argentina
1,todonoticias,rango,2009344530248593823,2026-01-08 19:20:42+00:00,"Quién es Nahuel Gallo, el gendarme argentino secuestrado en Venezuela https://t.co/gMomRz96DK",todonoticias,TN - Todo Noticias,25992212,0,1,10,0,3891.0,es,https://x.com/todonoticias/status/2009344530248593823,5719813,False,Argentina
1,todonoticias,rango,2009343095339667495,2026-01-08 19:15:00+00:00,"📱 DOS MUJERES VIAJABAN DESDE PARAGUAY HACIA BUENOS AIRES, LA POLICÍA LAS DETUVO EN UN CONTROL DE RUTINA Y LO QUE ENCONTRARON EN EL AUTO LAS DEJÓ EXPUESTAS.

▪️ El martes a la mañana, cerca de Paso Cerrito en Entre Ríos, un patrullero frenó a un Volkswagen Taos para un control habitual. Los efectivos notaron que había un panel suelto en la parte trasera del lado izquierdo. Cuando miraron, vieron celulares apilados adentro.

▪️ Alertaron al Juzgado Federal de Concordia y ordenaron revisar el vehículo completo. Encontraron 131 teléfonos de distintas marcas escondidos en los paneles laterales del baúl, en la zona del motor y en sus laterales. La mercadería vale aproximadamente $25 millones.

▪️ Las dos mujeres, una de 54 años y otra de 22, quedaron en libertad pero están imputadas por presunto contrabando. Los celulares fueron secuestrados por infringir el Código Aduanero.

Más información en la web de TN 👇
https://t.co/KscuEKRwkZ",todonoticias,TN - Todo Noticias,25992212,1,8,54,0,22749.0,es,https://x.com/todonoticias/status/2009343095339667495,5719813,False,Argentina
1,todonoticias,rango,2009341992908784022,2026-01-08 19:10:37+00:00,"“No solo lo asesinan, también lo desvisten y le hacen una lápida”: el testimonio de la mamá de Jeremías Monzón https://t.co/7OmaMNTXCq",todonoticias,TN - Todo Noticias,25992212,0,2,3,1,4091.0,es,https://x.com/todonoticias/status/2009341992908784022,5719813,False,Argentina
1,todonoticias,rango,2009340150694678810,2026-01-08 19:03:18+00:00,"Música electrónica, caras de sueño y gritos en la madrugada: así fue el entrenamiento de Riestra en la playa https://t.co/7nBwLKNkzd",todonoticias,TN - Todo Noticias,25992212,0,1,1,0,3613.0,es,https://x.com/todonoticias/status/2009340150694678810,5719813,False,Argentina
1,todonoticias,rango,2009337623190663676,2026-01-08 18:53:15+00:00,Venezuela comenzó a liberar a los más de 860 presos políticos: 86 son extranjeros o tienen doble ciudadanía https://t.co/O7LfD3KfeA,todonoticias,TN - Todo Noticias,25992212,3,3,25,2,4496.0,es,https://x.com/todonoticias/status/2009337623190663676,5719813,False,Argentina
1,todonoticias,rango,2009335837331169607,2026-01-08 18:46:09+00:00,Caso Romina Gaetani: salieron a la luz las imágenes de las cámaras de seguridad del country https://t.co/eOx8subuUs,todonoticias,TN - Todo Noticias,25992212,2,1,7,1,15617.0,es,https://x.com/todonoticias/status/2009335837331169607,5719809,False,Argentina
1,todonoticias,rango,2009335545307242727,2026-01-08 18:45:00+00:00,"👶 UN BEBÉ DE TRES MESES MURIÓ POR UN DERRAME CEREBRAL, SUS PADRES FUERON DETENIDOS Y AHORA APARECIÓ UN DATO QUE LO CAMBIA TODO.

▪️ El domingo, el bebé llegó al centro de salud de Camilo Aldao, en Córdoba, con una lesión grave en la cabeza. Lo derivaron al Hospital de Marcos Juárez y después al Hospital de Niños de Córdoba. El lunes constataron muerte cerebral y lo desconectaron.

▪️ La pareja de 24 y 18 años quedó detenida por orden del fiscal Fernando Epelde. Están imputados por homicidio calificado por el vínculo. Pero lo que complica todo es que el bebé ""no estaba desnutrido"" ni tenía ninguna condición que hiciera alertar a los médicos. Era un bebé sano.

▪️ El fiscal confirmó que tienen pruebas para sospechar que ""podría haber habido intervención de los padres en las lesiones que derivaron en la muerte"". La Justicia aguarda los resultados de la autopsia para determinar de dónde provinieron las lesiones y avanzar con responsabilidades.

Más información en la web de TN 👇
https://t.co/pBAAWwR7WH",todonoticias,TN - Todo Noticias,25992212,3,3,60,0,48538.0,es,https://x.com/todonoticias/status/2009335545307242727,5719809,False,Argentina
1,todonoticias,rango,2009333134026830218,2026-01-08 18:35:25+00:00,El presidente del Parlamento venezolano anunció la liberación de presos políticos y crece la expectativa por el gendarme Nahuel Gallo. ¿Puede haber un subregistro sobre la cantidad total de presos políticos que hay en Venezuela? https://t.co/HAnkNFqvZG,todonoticias,TN - Todo Noticias,25992212,8,38,390,4,46062.0,es,https://x.com/todonoticias/status/2009333134026830218,5719809,False,Argentina
1,todonoticias,rango,2009332034645196995,2026-01-08 18:31:03+00:00,Christian Petersen reapareció en las redes sociales tras recibir el alta médica: qué dijo https://t.co/PMJvMT8RBT,todonoticias,TN - Todo Noticias,25992212,2,1,5,0,3788.0,es,https://x.com/todonoticias/status/2009332034645196995,5719809,False,Argentina
1,todonoticias,rango,2009330417099297136,2026-01-08 18:24:37+00:00,Organismos de DD.HH. de Venezuela confirmaron que ya empezó la liberación de los presos políticos https://t.co/WCQsXlY0tE,todonoticias,TN - Todo Noticias,25992212,1,2,7,1,3455.0,es,https://x.com/todonoticias/status/2009330417099297136,5719809,False,Argentina
1,todonoticias,rango,2009329900776206428,2026-01-08 18:22:34+00:00,Lapidario: qué dice el primer comunicado oficial sobre la tenista que hizo un papelón en un torneo en Kenia https://t.co/8ehD6UotGs,todonoticias,TN - Todo Noticias,25992212,0,1,4,0,3585.0,es,https://x.com/todonoticias/status/2009329900776206428,5719809,False,Argentina
1,todonoticias,rango,2009327996122050693,2026-01-08 18:15:00+00:00,"😳CREYÓ QUE ESTABA DE NOVIA CON BRAD PITT, FUE A ESPERARLO AL AEROPUERTO EN NOCHEBUENA Y SE LLEVÓ UNA DESAGRADABLE SORPRESA.

▪️ La policía militar de Brasil la encontró en un auto estacionado cerca del aeropuerto de Erechim, en Rio Grande do Sul. Cuando le preguntaron qué hacía ahí, respondió: ""Vine a buscar a Brad Pitt"".

▪️ Sin embargo, el aeropuerto estaba vacío. No había vuelos programados.

▪️ La mujer dijo que mantuvo una relación virtual durante dos meses. Aseguró que hablaron varias veces por videollamada y hasta tenían planes de casarse. ""Estoy segura de que es Brad Pitt porque hablé con él varias veces por videollamada"", insistió frente a los policías.

▪️ Los agentes le advirtieron sobre estafas digitales y riesgos de secuestro. Ella negó haber transferido dinero, pero no quedó claro si realmente logró evitar el engaño antes de tiempo.

Más información en la web de TN 👇
https://t.co/6bkkqD508Z",todonoticias,TN - Todo Noticias,25992212,89,78,2372,144,1220767.0,es,https://x.com/todonoticias/status/2009327996122050693,5719809,False,Argentina
1,todonoticias,rango,2009325057785438636,2026-01-08 18:03:19+00:00,El impactante accidente en el Rally Dakar: cuál es el estado de salud de los pilotos https://t.co/rKO74PInXm,todonoticias,TN - Todo Noticias,25992212,0,3,1,0,3833.0,es,https://x.com/todonoticias/status/2009325057785438636,5719809,False,Argentina
1,todonoticias,rango,2009322765611094286,2026-01-08 17:54:13+00:00,La primera reacción del gobierno luego de que el chavismo anunciara la liberación de presos políticos https://t.co/bfsPbtMDtv,todonoticias,TN - Todo Noticias,25992212,3,2,6,0,3672.0,es,https://x.com/todonoticias/status/2009322765611094286,5719809,False,Argentina
1,todonoticias,rango,2009320497667068200,2026-01-08 17:45:12+00:00,Los presuntos testaferros de Toviggino pidieron que se postergue la investigación por la mansión de Pilar https://t.co/ixf0zvQ9zO,todonoticias,TN - Todo Noticias,25992212,2,3,4,0,3520.0,es,https://x.com/todonoticias/status/2009320497667068200,5719809,False,Argentina
1,todonoticias,rango,2009320445821243683,2026-01-08 17:45:00+00:00,"🚨 AGOSTINA JALABERT TENÍA 25 AÑOS CUANDO LA ENCONTRARON AHORCADA EN SU DEPARTAMENTO DE MÉXICO, PERO LA JUSTICIA TARDÓ TRES AÑOS EN CONFIRMAR LO QUE SU FAMILIA SIEMPRE SUPO: FUE UN FEMICIDIO.

⚫ El 18 de febrero de 2023, su hermana Candela la encontró colgada del cuello con un cinturón atado a un toallero, a solo 1,20 metros del piso. Su perra Bruna la guió hasta el baño. 

⚫En el departamento también estaba su novio, quien abrió la puerta tras varios minutos de espera y aseguró que había estado durmiendo.

⚫ La autopsia encontró golpes de puño, trauma craneal, quemaduras de cigarrillo y signos de abuso sexual. El médico forense fue claro: ""Nunca vi que una persona se suicide por ahorcadura teniendo apoyo en el piso y a una altura tan baja"".

⚫ Después de tres años de reclamos, Interpol lanzó una alerta roja. La Justicia argentina ahora lo busca en Río Negro, Estados Unidos, Belice y Guatemala. Sospechan que podría estar en un predio sobre la ruta entre Viedma y El Cóndor.

Más información en la web de TN 👇
https://t.co/mnuZjiN72L",todonoticias,TN - Todo Noticias,25992212,54,792,3712,24,621989.0,es,https://x.com/todonoticias/status/2009320445821243683,5719809,False,Argentina
1,todonoticias,rango,2009318379182588363,2026-01-08 17:36:47+00:00,"La joya que sorprende al mundo del fútbol: tiene 13 años, es un goleador letal y fue subido a primera división https://t.co/SskrzU8Y9p",todonoticias,TN - Todo Noticias,25992212,0,1,7,0,7468.0,es,https://x.com/todonoticias/status/2009318379182588363,5719809,False,Argentina
1,todonoticias,rango,2009314721598459927,2026-01-08 17:22:15+00:00,Tomás Holder denunció que le robaron y lo retuvieron ilegalmente en Punta Cana https://t.co/6m9Y981XoI,todonoticias,TN - Todo Noticias,25992212,5,3,7,0,6899.0,es,https://x.com/todonoticias/status/2009314721598459927,5719809,False,Argentina
1,todonoticias,rango,2009312896011129036,2026-01-08 17:15:00+00:00,"🔴 PAULA FUE VÍCTIMA DE UNA VIOLACIÓN GRUPAL, SE QUITÓ LA VIDA Y AHORA SU MAMÁ LUCHA POR ENCONTRAR AL ÚLTIMO SOSPECHOSO.

⚫ En diciembre de 2016, Paula fue drogada con escopolamina en una fiesta en Florencio Varela. La raptaron y la violaron entre varios. Ella denunció, marchó, fue a la televisión, pero no resistió la revictimización y el amedrentamiento constante por parte del entorno de los acusados.

⚫ Cuatro hombres fueron condenados a entre 19 y 20 años de prisión. Un quinto fue absuelto por un jurado popular. Pero las pericias encontraron algo más: un perfil genético que no coincide con ninguno de ellos.

⚫ Ese ADN fue archivado con un argumento: que en Argentina no existe un banco de violadores. La mamá de Paula asegura que ese fundamento es falso, que el Banco Nacional de Datos Genéticos existe y puede ser utilizado para avanzar en la identificación.

⚫ Ahora, Sandra Zapata pide que desarchiven el caso y busquen al responsable que falta. ""No se puede cerrar una historia cuando hay una prueba biológica que indica que falta alguien"", dice.

Más información en la web de TN 👇
https://t.co/D4XcaJdqqO",todonoticias,TN - Todo Noticias,25992212,152,3796,18223,88,920653.0,es,https://x.com/todonoticias/status/2009312896011129036,5719809,False,Argentina
1,todonoticias,rango,2009311478608728561,2026-01-08 17:09:22+00:00,"""Tenía sangre y muchos cortes"": el relato del empleado que ayudó al hombre que se le cayó encima el vidrio de un balcón https://t.co/5EKAwBGzqB",todonoticias,TN - Todo Noticias,25992212,2,1,23,1,6336.0,es,https://x.com/todonoticias/status/2009311478608728561,5719809,False,Argentina
1,todonoticias,rango,2009310706726842693,2026-01-08 17:06:18+00:00,"El Presidente del Parlamento venezolano anunció la liberación de presos políticos.  Jorge Rodríguez habló de ""un número importante de venezolanos y extranjeros"" y subrayó que es ""un gesto de búsqueda de paz"" https://t.co/2CfgtL3QPJ",todonoticias,TN - Todo Noticias,25992212,3,13,52,6,13841.0,es,https://x.com/todonoticias/status/2009310706726842693,5719809,False,Argentina
1,todonoticias,rango,2009310278882873451,2026-01-08 17:04:36+00:00,Violento robo en Córdoba: ladrones encapuchados arrastraron por el piso a una mujer para sacarle la cartera https://t.co/d0MOioS95w,todonoticias,TN - Todo Noticias,25992212,0,4,5,0,3503.0,es,https://x.com/todonoticias/status/2009310278882873451,5719809,False,Argentina
1,todonoticias,rango,2009310113266278400,2026-01-08 17:03:56+00:00,"Venezuela: Jorge Rodríguez anunció la liberación de presos políticos. Habló de ""un número importante de venezolanos y extranjeros"" y subrayó que es ""un gesto de búsqueda de paz"" https://t.co/BjKgpGgOoR",todonoticias,TN - Todo Noticias,25992212,12,22,121,4,13720.0,es,https://x.com/todonoticias/status/2009310113266278400,5719809,False,Argentina
1,todonoticias,rango,2009309361558966440,2026-01-08 17:00:57+00:00,Luciano Castro se mostró en pleno móvil de Griselda Siciliani y sorprendió a Moria Casán https://t.co/HORf8cFLmw,todonoticias,TN - Todo Noticias,25992212,2,2,3,0,4093.0,es,https://x.com/todonoticias/status/2009309361558966440,5719809,False,Argentina
1,todonoticias,rango,2009306760260014106,2026-01-08 16:50:37+00:00,Incendios en La Pampa y la Patagonia: el Banco Nación anunció un paquete de ayuda para los productores https://t.co/60znm6MGDB,todonoticias,TN - Todo Noticias,25992212,1,3,7,0,4128.0,es,https://x.com/todonoticias/status/2009306760260014106,5719809,False,Argentina
1,todonoticias,rango,2009306746448134589,2026-01-08 16:50:34+00:00,El Gobierno hizo más transferencias para municipios afectados por inundaciones y ya suman casi $1800 millones https://t.co/yZ3fSA2oDp,todonoticias,TN - Todo Noticias,25992212,0,2,6,0,3292.0,es,https://x.com/todonoticias/status/2009306746448134589,5719810,False,Argentina
1,todonoticias,rango,2009305928697565610,2026-01-08 16:47:19+00:00,PODCAST | Adopción e identidad: la importancia de conocer nuestra historia https://t.co/dJs0ApTFXN,todonoticias,TN - Todo Noticias,25992212,0,1,2,0,3044.0,es,https://x.com/todonoticias/status/2009305928697565610,5719810,False,Argentina
1,todonoticias,rango,2009304644896616950,2026-01-08 16:42:13+00:00,Detuvieron a un hombre acusado de asesinar a puñaladas a un peón rural tras una discusión por una deuda https://t.co/R6N1yqPMAm,todonoticias,TN - Todo Noticias,25992212,0,1,1,0,3454.0,es,https://x.com/todonoticias/status/2009304644896616950,5719810,False,Argentina
1,todonoticias,rango,2009303120883359809,2026-01-08 16:36:09+00:00,Griselda Siciliani le respondió a Sabrina Rojas al ver la frase que lanzó sobre la infidelidad de Luciano Castro https://t.co/omnOfXUSze,todonoticias,TN - Todo Noticias,25992212,2,2,2,0,11431.0,es,https://x.com/todonoticias/status/2009303120883359809,5719810,False,Argentina
1,todonoticias,rango,2009299134067650831,2026-01-08 16:20:19+00:00,Detuvieron al ladrón que quedó grabado mientras golpeaba y mordía a una vendedora durante un robo en Rosario https://t.co/P8r1GNFnPU,todonoticias,TN - Todo Noticias,25992212,6,2,10,1,3622.0,es,https://x.com/todonoticias/status/2009299134067650831,5719810,False,Argentina
1,todonoticias,rango,2009297451392340227,2026-01-08 16:13:38+00:00,Yanina Latorre deslumbró en microbikini triángulo animal print desde Miami https://t.co/LT8qyULXJR,todonoticias,TN - Todo Noticias,25992212,18,1,9,1,8562.0,es,https://x.com/todonoticias/status/2009297451392340227,5719810,False,Argentina
1,todonoticias,rango,2009296047588200612,2026-01-08 16:08:03+00:00,https://t.co/BTgtBzNcJi,todonoticias,TN - Todo Noticias,25992212,0,1,4,0,3571.0,zxx,https://x.com/todonoticias/status/2009296047588200612,5719810,False,Argentina
1,todonoticias,rango,2009296044991955000,2026-01-08 16:08:02+00:00,"La mujer de 36 años se ganaba la confianza de sus potenciales víctimas, que la contrataban como cuidadora para tareas de compañía y de limpieza, y luego de un tiempo las empezaba a drogar y les revolvía la casa llevándose plata y elementos de valor.

https://t.co/LDzOek9UmV https://t.co/7xOX03MWtv",todonoticias,TN - Todo Noticias,25992212,2,5,12,0,4310.0,es,https://x.com/todonoticias/status/2009296044991955000,5719810,False,Argentina
1,todonoticias,rango,2009292906205458606,2026-01-08 15:55:34+00:00,Abigeato: un fiscal tardó más de un día en pedir un allanamiento y generó la indignación de los ruralistas https://t.co/eL6B3oqHre,todonoticias,TN - Todo Noticias,25992212,2,3,6,0,3345.0,es,https://x.com/todonoticias/status/2009292906205458606,5719810,False,Argentina
1,todonoticias,rango,2009290856386212106,2026-01-08 15:47:25+00:00,Se viralizaron los hirientes comentarios que recibió Luciano Castro tras serle infiel a Griselda Siciliani https://t.co/pmYSGwI3qr,todonoticias,TN - Todo Noticias,25992212,3,1,4,0,4064.0,es,https://x.com/todonoticias/status/2009290856386212106,5719810,False,Argentina
1,todonoticias,rango,2009288774975447521,2026-01-08 15:39:09+00:00,Qué dijo la amante de Luciano Castro sobre la posibilidad de venir a la Argentina a trabajar https://t.co/umQ1JvF2TD,todonoticias,TN - Todo Noticias,25992212,5,1,4,1,5893.0,es,https://x.com/todonoticias/status/2009288774975447521,5719810,False,Argentina
1,todonoticias,rango,2009285373923611127,2026-01-08 15:25:38+00:00,Cayó una falsa cuidadora que drogaba a adultos mayores para robarles: la pista que fue clave para atraparla https://t.co/lV37wwyZka,todonoticias,TN - Todo Noticias,25992212,0,2,6,0,3590.0,es,https://x.com/todonoticias/status/2009285373923611127,5719810,False,Argentina
1,todonoticias,rango,2009284042965856573,2026-01-08 15:20:21+00:00,@todonoticias 👉 https://t.co/U0IXMvDMlx,todonoticias,TN - Todo Noticias,25992212,0,1,2,0,3612.0,qme,https://x.com/todonoticias/status/2009284042965856573,5719810,False,Argentina
1,todonoticias,rango,2009284036288450683,2026-01-08 15:20:19+00:00,"El Presidente recibe a una líder antichavista para analizar la situación en Venezuela y la eventual liberación de presos políticos

Por Josefina Godoy Martínez https://t.co/n1CaAq4wMM",todonoticias,TN - Todo Noticias,25992212,2,2,9,0,4136.0,es,https://x.com/todonoticias/status/2009284036288450683,5719810,False,Argentina
1,todonoticias,rango,2009282006220460304,2026-01-08 15:12:15+00:00,Javier Milei recibe a Elisa Trotta en Casa Rosada en medio de la transición política en Venezuela https://t.co/apIrQgVKOP,todonoticias,TN - Todo Noticias,25992212,0,3,2,0,3119.0,es,https://x.com/todonoticias/status/2009282006220460304,5719810,False,Argentina
1,todonoticias,rango,2009280882910085322,2026-01-08 15:07:47+00:00,Video desgarrador: brigadistas rescataron a un perrito encadenado en medio del fuego en Chubut https://t.co/e5YHCYoHow,todonoticias,TN - Todo Noticias,25992212,2,7,14,2,4141.0,es,https://x.com/todonoticias/status/2009280882910085322,5719810,False,Argentina
1,todonoticias,rango,2009279331982258572,2026-01-08 15:01:38+00:00,"Así se inundó la ciudad de La Merced, en el Valle de Lerma, Salta. Por el fuerte temporal, salió el río y la ciudad quedó dividida en dos. 

Los vecinos denuncian desde hace años que cada vez que hay una tormenta se inunda la ciudad. https://t.co/4QOpov4fBV",todonoticias,TN - Todo Noticias,25992212,2,16,70,1,16369.0,es,https://x.com/todonoticias/status/2009279331982258572,5719810,False,Argentina
1,todonoticias,rango,2009278971976786162,2026-01-08 15:00:12+00:00,Un hombre fue acusado de matar a puñaladas a su hermano luego de que le exigiera el pago del alquiler https://t.co/td3rRUV45E,todonoticias,TN - Todo Noticias,25992212,0,2,4,0,3350.0,es,https://x.com/todonoticias/status/2009278971976786162,5719810,False,Argentina
1,todonoticias,rango,2009276425279361430,2026-01-08 14:50:04+00:00,Iban desde Paraguay a Buenos Aires y la policía descubrió que ocultaban 131 celulares en el motor de su auto https://t.co/W0b4N9uOpZ,todonoticias,TN - Todo Noticias,25992212,0,4,4,0,3596.0,es,https://x.com/todonoticias/status/2009276425279361430,5719810,False,Argentina
1,todonoticias,rango,2009273976367812761,2026-01-08 14:40:21+00:00,"Video: creyó que llevaba dos meses de novia con Brad Pitt, fue a esperarlo al aeropuerto y se llevó una desagradable sorpresa https://t.co/loAmuHNtA8",todonoticias,TN - Todo Noticias,25992212,17,6,38,8,12978.0,es,https://x.com/todonoticias/status/2009273976367812761,5719810,False,Argentina
1,todonoticias,rango,2009270714684039426,2026-01-08 14:27:23+00:00,La explicación que Luciano Castro le dio a Griselda Siciliani cuando ella descubrió su infidelidad https://t.co/hNRHCFKhtA,todonoticias,TN - Todo Noticias,25992212,1,2,2,1,3677.0,es,https://x.com/todonoticias/status/2009270714684039426,5719810,False,Argentina
1,todonoticias,rango,2009270674477687143,2026-01-08 14:27:13+00:00,Iban desde Paraguay a Buenos Aires y la policía descubrió que ocultaban 131 celulares en el motor de su auto https://t.co/gsWPXoF4Cj,todonoticias,TN - Todo Noticias,25992212,1,1,3,0,3262.0,es,https://x.com/todonoticias/status/2009270674477687143,5719810,False,Argentina
1,todonoticias,rango,2009268412179206586,2026-01-08 14:18:14+00:00,Robo en un restaurante de La Matanza: ladrones le apuntaron en la cabeza a un nene y golpearon a los empleados https://t.co/3rTpsl0hOd,todonoticias,TN - Todo Noticias,25992212,2,3,4,1,3587.0,es,https://x.com/todonoticias/status/2009268412179206586,5719810,False,Argentina
1,todonoticias,rango,2009267670269517900,2026-01-08 14:15:17+00:00,Maxi López habló tras la polémica por el parto de su esposa y contó la determinante decisión que tomaron https://t.co/3JHyo3yagv,todonoticias,TN - Todo Noticias,25992212,0,1,1,0,3875.0,es,https://x.com/todonoticias/status/2009267670269517900,5719810,False,Argentina
1,todonoticias,rango,2009264776560427028,2026-01-08 14:03:47+00:00,"☕ ESTABA TOMANDO ALGO EN LA VEREDA DE UN BAR Y DE REPENTE SE LE CAYÓ ENCIMA UN VIDRIO DE UN CUARTO PISO.

El blindex se desprendió del balcón de un departamento en Palermo y el impacto fue brutal.

El hombre quedó inconsciente: la cabeza y el brazo izquierdo, llenos de sangre.

Cuando llegaron los médicos del SAME, le diagnosticaron traumatismo cortante en el antebrazo y la cabeza, pero está fuera de peligro.

 Los bomberos revisaron el edificio y encontraron otro vidrio igual de astillado en el mismo balcón. Lo retiraron de urgencia.

Más información en la web de TN 👇
https://t.co/0XgnTqgvln",todonoticias,TN - Todo Noticias,25992212,6,15,122,9,32886.0,es,https://x.com/todonoticias/status/2009264776560427028,5719810,False,Argentina
1,todonoticias,rango,2009264710563045405,2026-01-08 14:03:31+00:00,Lanzaron descuentos del 30% y $25.000 de reintegro en nafta y gasoil en enero de 2026 https://t.co/Y8aT10PFaD,todonoticias,TN - Todo Noticias,25992212,3,3,13,0,6735.0,es,https://x.com/todonoticias/status/2009264710563045405,5719810,False,Argentina
1,todonoticias,rango,2009264590941507882,2026-01-08 14:03:03+00:00,Usar papel film en los rieles de las ventanas: para qué sirve y por qué lo recomiendan https://t.co/puOma89OeT,todonoticias,TN - Todo Noticias,25992212,0,1,1,0,4280.0,es,https://x.com/todonoticias/status/2009264590941507882,5719810,False,Argentina
1,todonoticias,rango,2009264512671649927,2026-01-08 14:02:44+00:00,Griselda Siciliani se cansó y aclaró cómo es el acuerdo de pareja que tienen con Luciano Castro https://t.co/joLTVV77zW,todonoticias,TN - Todo Noticias,25992212,6,1,3,1,4262.0,es,https://x.com/todonoticias/status/2009264512671649927,5719810,False,Argentina
1,todonoticias,rango,2009262727265431665,2026-01-08 13:55:39+00:00,"Así se desprendió el vidrio de un balcón y cayó sobre un hombre que estaba sentado en un bar de Palermo.  https://t.co/lpr7NatET6

La víctima terminó inconsciente y con heridas, pero está fuera de peligro. https://t.co/Ajc2qfjg0M",todonoticias,TN - Todo Noticias,25992212,166,144,1155,78,188858.0,es,https://x.com/todonoticias/status/2009262727265431665,5719810,False,Argentina
1,todonoticias,rango,2009262310917906516,2026-01-08 13:53:59+00:00,Impactante video: se desprendió el vidrio del balcón de un cuarto piso y cayó sobre un hombre que estaba sentado en un bar de Palermo https://t.co/BuVDer7RnV,todonoticias,TN - Todo Noticias,25992212,1,1,7,0,2913.0,es,https://x.com/todonoticias/status/2009262310917906516,5719810,False,Argentina
1,todonoticias,rango,2009260011294208117,2026-01-08 13:44:51+00:00,Tragedia en Brasil: una madre y su hijo murieron electrocutados en la pileta de un hotel https://t.co/uYlrfEWxxy,todonoticias,TN - Todo Noticias,25992212,0,2,14,0,5278.0,es,https://x.com/todonoticias/status/2009260011294208117,5719810,False,Argentina
1,todonoticias,rango,2009258209551282357,2026-01-08 13:37:42+00:00,Mercedes-Benz lideró el mercado argentino de camiones y buses en 2025 https://t.co/s2wBRY4ZDI,todonoticias,TN - Todo Noticias,25992212,1,1,4,0,3109.0,es,https://x.com/todonoticias/status/2009258209551282357,5719810,False,Argentina
1,todonoticias,rango,2009255232740499800,2026-01-08 13:25:52+00:00,Maxi López confirmó la separación de Wanda Nara y Martín Migueles https://t.co/ghtIFHIxWQ,todonoticias,TN - Todo Noticias,25992212,1,1,6,0,4773.0,es,https://x.com/todonoticias/status/2009255232740499800,5719810,False,Argentina
1,todonoticias,rango,2009252975282123258,2026-01-08 13:16:54+00:00,Bruno Mars le puso fecha de salida a nuevo su disco “The Romantic” https://t.co/XIvVoYvtB7,todonoticias,TN - Todo Noticias,25992212,1,2,2,0,3308.0,es,https://x.com/todonoticias/status/2009252975282123258,5719810,False,Argentina
1,todonoticias,rango,2009250657803387262,2026-01-08 13:07:41+00:00,Una mujer responsabilizó a una IA el suicidio de su hijo de 14 años: el inesperado acuerdo al que llegó con Google https://t.co/yukSmLx9YD,todonoticias,TN - Todo Noticias,25992212,1,1,5,0,3458.0,es,https://x.com/todonoticias/status/2009250657803387262,5719810,False,Argentina
1,todonoticias,rango,2009248355407311148,2026-01-08 12:58:32+00:00,Griselda Siciliani contó cuál fue su reacción al escuchar el audio que Luciano Castro le mandó a la joven danesa https://t.co/edvnHOcb9P,todonoticias,TN - Todo Noticias,25992212,7,2,16,2,10558.0,es,https://x.com/todonoticias/status/2009248355407311148,5719810,False,Argentina
1,todonoticias,rango,2009248031657640165,2026-01-08 12:57:15+00:00,Emboscaron y apuñalaron en grupo a un chico de 15 años en una panadería de Olavarría https://t.co/wWwlt5xKk4,todonoticias,TN - Todo Noticias,25992212,3,2,4,0,3455.0,es,https://x.com/todonoticias/status/2009248031657640165,5719810,False,Argentina
1,todonoticias,rango,2009245967824925147,2026-01-08 12:49:03+00:00,Descubren nueva evidencia en el crimen de Rob Reiner y Michele Singer: el giro que daría el caso https://t.co/Q3AmWsGmjH,todonoticias,TN - Todo Noticias,25992212,0,3,3,0,3081.0,es,https://x.com/todonoticias/status/2009245967824925147,5719810,False,Argentina
1,todonoticias,rango,2009244256536547805,2026-01-08 12:42:15+00:00,El dramático relato de la policía que rescató a la beba abandonada en un tacho de basura en San Martin https://t.co/gGLkhdFc66,todonoticias,TN - Todo Noticias,25992212,2,4,7,0,3155.0,es,https://x.com/todonoticias/status/2009244256536547805,5719810,False,Argentina
1,todonoticias,rango,2009243496792903699,2026-01-08 12:39:14+00:00,Milei recibirá a la presidenta de la Comunidad de Madrid: Venezuela será uno de los temas clave https://t.co/AnpE4N6bNh,todonoticias,TN - Todo Noticias,25992212,4,5,5,0,3145.0,es,https://x.com/todonoticias/status/2009243496792903699,5719810,False,Argentina
1,todonoticias,rango,2009241184326308119,2026-01-08 12:30:02+00:00,https://t.co/4uqS7vNHpZ,todonoticias,TN - Todo Noticias,25992212,0,1,3,0,3602.0,zxx,https://x.com/todonoticias/status/2009241184326308119,5719810,False,Argentina
1,todonoticias,rango,2009241050041172115,2026-01-08 12:29:30+00:00,PERSECUCIÓN DE PELÍCULA EN LA GRAL. PAZ I La Policía de la Ciudad detuvo a dos delincuentes de 19 y 20 años que escapaban en una camioneta robada. Los habían detectado luego de pasar por un anillo de seguridad. https://t.co/LBv0D38Jgx,todonoticias,TN - Todo Noticias,25992212,2,5,24,1,5713.0,es,https://x.com/todonoticias/status/2009241050041172115,5719810,False,Argentina
1,todonoticias,rango,2009240756657996258,2026-01-08 12:28:20+00:00,Los 10 alimentos que quitan el cansancio y mejoran el humor https://t.co/BJTC6wOBki,todonoticias,TN - Todo Noticias,25992212,0,3,1,0,3040.0,es,https://x.com/todonoticias/status/2009240756657996258,5719810,False,Argentina
1,todonoticias,rango,2009239013312299307,2026-01-08 12:21:25+00:00,OpenAI anunció una versión de ChatGPT experta en salud: cómo funciona y cuáles son las recomendaciones que da https://t.co/aaB2ygBwSp,todonoticias,TN - Todo Noticias,25992212,0,3,4,0,3059.0,es,https://x.com/todonoticias/status/2009239013312299307,5719810,False,Argentina
1,todonoticias,rango,2009236703836557509,2026-01-08 12:12:14+00:00,Insólita persecución en La Plata: dos jóvenes evadieron un control y un policía los persiguió en bicicleta https://t.co/Wdgk1KAfDR,todonoticias,TN - Todo Noticias,25992212,0,2,2,0,3163.0,es,https://x.com/todonoticias/status/2009236703836557509,5719810,False,Argentina
1,todonoticias,rango,2009236549930541346,2026-01-08 12:11:37+00:00,La historia del coleccionista argentino que vio cuatro veces en vivo a Elvis Presley https://t.co/hxFxWCZIWW,todonoticias,TN - Todo Noticias,25992212,0,1,4,0,3098.0,es,https://x.com/todonoticias/status/2009236549930541346,5719810,False,Argentina
1,todonoticias,rango,2009234429869248617,2026-01-08 12:03:12+00:00,"Juega en Europa, es goleador y coqueteó con la chance de llegar a River: “Si me llaman lo voy a pensar” https://t.co/2QSUs15h2b",todonoticias,TN - Todo Noticias,25992212,2,1,2,0,3792.0,es,https://x.com/todonoticias/status/2009234429869248617,5719810,False,Argentina
1,todonoticias,rango,2009232075325423709,2026-01-08 11:53:51+00:00,"Desde un lugar secreto, Diosdado Cabello volvió a conducir su programa de TV: respaldó a Delcy Rodríguez e insultó a Milei https://t.co/Ux5CH2E0Yk",todonoticias,TN - Todo Noticias,25992212,3,3,7,1,3638.0,es,https://x.com/todonoticias/status/2009232075325423709,5719810,False,Argentina
1,todonoticias,rango,2009229623456940533,2026-01-08 11:44:06+00:00,"Voraz incendio en un aserradero San Fernando. Trabajaron 11 dotaciones de bomberos, que controlaron las llamas, y evacuaron a los vecinos del lugar. https://t.co/2JLP7R4gg0 https://t.co/pSGAQqEWlH",todonoticias,TN - Todo Noticias,25992212,0,4,16,0,9345.0,es,https://x.com/todonoticias/status/2009229623456940533,5719810,False,Argentina
1,todonoticias,rango,2009229362369851452,2026-01-08 11:43:04+00:00,Las macetas tradicionales no van más: el objeto de cocina que las reemplaza en el jardín https://t.co/MiP5LNT04L,todonoticias,TN - Todo Noticias,25992212,0,1,2,0,3512.0,es,https://x.com/todonoticias/status/2009229362369851452,5719810,False,Argentina
1,todonoticias,rango,2009226218894225473,2026-01-08 11:30:34+00:00,El argentino Luciano Benavides ganó la quinta etapa del Rally Dakar y se consolidó en la pelea por el título de la división motos https://t.co/7CHF7ZHVBS,todonoticias,TN - Todo Noticias,25992212,0,1,14,0,3334.0,es,https://x.com/todonoticias/status/2009226218894225473,5719810,False,Argentina
1,todonoticias,rango,2009223437076582621,2026-01-08 11:19:31+00:00,El hijo de Nazarena Vélez confirmó su noviazgo con una ex Gran Hermano a los besos desde la cama https://t.co/EXCCFx5kG8,todonoticias,TN - Todo Noticias,25992212,0,2,5,0,6108.0,es,https://x.com/todonoticias/status/2009223437076582621,5719810,False,Argentina
1,todonoticias,rango,2009220731196854591,2026-01-08 11:08:46+00:00,"Conservó su vestido de novia en una caja, lo abrió 30 años después y quedó impactada con lo que encontró https://t.co/mtoNJQMwJI",todonoticias,TN - Todo Noticias,25992212,0,1,2,2,3570.0,es,https://x.com/todonoticias/status/2009220731196854591,5719810,False,Argentina
1,todonoticias,rango,2009218560607011196,2026-01-08 11:00:08+00:00,"Conservó su vestido de novia en una caja, lo abrió 30 años después y quedó impactada con lo que encontró https://t.co/IzIkoL9Wqt",todonoticias,TN - Todo Noticias,25992212,0,1,2,0,3289.0,es,https://x.com/todonoticias/status/2009218560607011196,5719810,False,Argentina
1,todonoticias,rango,2009217990441529502,2026-01-08 10:57:53+00:00,Revelaron un estremecedor detalle que complica a los papás del bebé de tres meses que murió por un derrame cerebral en Córdoba https://t.co/hF3DYEbKu5,todonoticias,TN - Todo Noticias,25992212,0,1,1,0,3335.0,es,https://x.com/todonoticias/status/2009217990441529502,5719810,False,Argentina
1,todonoticias,rango,2009216874374987953,2026-01-08 10:53:26+00:00,Murió la joven que tenía el 95% del cuerpo quemado y no quedan sobrevivientes del trágico accidente en la ruta de Entre Ríos https://t.co/L7zqwzeF3q,todonoticias,TN - Todo Noticias,25992212,30,44,1536,9,97070.0,es,https://x.com/todonoticias/status/2009216874374987953,5719810,False,Argentina
1,todonoticias,rango,2009216651393388589,2026-01-08 10:52:33+00:00,Interpol lanzó una alerta roja para capturar al exnovio de una modelo argentina que murió ahorcada en México https://t.co/D3fSp7cCBm,todonoticias,TN - Todo Noticias,25992212,6,28,144,0,27498.0,es,https://x.com/todonoticias/status/2009216651393388589,5719810,False,Argentina
1,todonoticias,rango,2009215817422934505,2026-01-08 10:49:14+00:00,"Revelaron la dolorosa causa de muerte de James Ransone, actor de It y The Wire https://t.co/S0wAkYVNWy",todonoticias,TN - Todo Noticias,25992212,0,2,3,1,4256.0,es,https://x.com/todonoticias/status/2009215817422934505,5719810,False,Argentina
1,todonoticias,rango,2009215542075511083,2026-01-08 10:48:09+00:00,Impactante persecución en la General Paz: detuvieron a dos delincuentes que escapaban en una camioneta robada https://t.co/TNeFuYbxjM,todonoticias,TN - Todo Noticias,25992212,0,2,8,0,3223.0,es,https://x.com/todonoticias/status/2009215542075511083,5719810,False,Argentina
1,todonoticias,rango,2009213299087618258,2026-01-08 10:39:14+00:00,Murió la joven que tenía el 95% del cuerpo quemado y no quedan sobrevivientes del accidente en Entre Ríos https://t.co/uOqqTmPnG4,todonoticias,TN - Todo Noticias,25992212,0,1,4,0,3504.0,es,https://x.com/todonoticias/status/2009213299087618258,5719810,False,Argentina
1,todonoticias,rango,2009212118751695218,2026-01-08 10:34:33+00:00,Revelaron un dato clave que complica a los papás del bebé que murió por un derrame cerebral en Córdoba https://t.co/ZYvNLaiUud,todonoticias,TN - Todo Noticias,25992212,0,1,5,0,4301.0,es,https://x.com/todonoticias/status/2009212118751695218,5719813,False,Argentina
1,todonoticias,rango,2009207920970351021,2026-01-08 10:17:52+00:00,"Atlético de Madrid vs. Real Madrid, por la Supercopa de España: formaciones, hora, y cómo ver en vivo y formaciones https://t.co/cLoAPfQcOm",todonoticias,TN - Todo Noticias,25992212,0,2,3,0,3381.0,es,https://x.com/todonoticias/status/2009207920970351021,5719813,False,Argentina
1,todonoticias,rango,2009205771452514584,2026-01-08 10:09:19+00:00,"La historia detrás de “Heroes”, el clásico de David Bowie que marcó una etapa https://t.co/jXbYnxO19h",todonoticias,TN - Todo Noticias,25992212,0,1,4,0,3182.0,es,https://x.com/todonoticias/status/2009205771452514584,5719813,False,Argentina
1,todonoticias,rango,2009203046048219591,2026-01-08 09:58:30+00:00,Un jugador que se fue de River a préstamo criticó a Marcelo Gallardo por la falta de oportunidades https://t.co/zA8NngX388,todonoticias,TN - Todo Noticias,25992212,0,1,2,0,3469.0,es,https://x.com/todonoticias/status/2009203046048219591,5719813,False,Argentina
1,todonoticias,rango,2009198104772530554,2026-01-08 09:38:51+00:00,AHORA I Levantaron el paro de colectivos de la empresa MOQSA en la zona sur del conurbano bonaerense.  https://t.co/2JLP7R4O5y https://t.co/vfKVO2xR3B,todonoticias,TN - Todo Noticias,25992212,0,10,24,0,14940.0,es,https://x.com/todonoticias/status/2009198104772530554,5719813,False,Argentina
1,todonoticias,rango,2009196290496991392,2026-01-08 09:31:39+00:00,"El clima renueva el optimismo para la cosecha 2025/26 y afirman que podría alcanzarse un récord de producción

https://t.co/s1OFgQxDbQ",todonoticias,TN - Todo Noticias,25992212,2,4,6,0,3603.0,es,https://x.com/todonoticias/status/2009196290496991392,5719813,False,Argentina
1,todonoticias,rango,2009196154265711033,2026-01-08 09:31:06+00:00,"Por qué Venezuela se volvió un tema clave en la agenda política argentina

Por Mariana Prado

https://t.co/bPwtcKFt6i",todonoticias,TN - Todo Noticias,25992212,1,1,1,0,2941.0,es,https://x.com/todonoticias/status/2009196154265711033,5719813,False,Argentina
1,todonoticias,rango,2009196004214525974,2026-01-08 09:30:31+00:00,El abogado del policía acusado por la muerte de una mujer en Luján negó una picada y apuntó a un tercer auto https://t.co/G9Vcc9YAR4,todonoticias,TN - Todo Noticias,25992212,1,2,4,0,2928.0,es,https://x.com/todonoticias/status/2009196004214525974,5719813,False,Argentina
1,todonoticias,rango,2009195830020825336,2026-01-08 09:29:49+00:00,"Donald Trump ahora mira de reojo a Cuba, Colombia y México y mantiene su idea de apoderarse de Groenlandia

Por Marcelo Izquierdo

https://t.co/SvcuaE1Tmb",todonoticias,TN - Todo Noticias,25992212,0,2,4,0,2647.0,es,https://x.com/todonoticias/status/2009195830020825336,5719813,False,Argentina
1,todonoticias,rango,2009195742330773960,2026-01-08 09:29:28+00:00,"Historias de rehabilitación: el camino para volver a caminar tras una amputación

https://t.co/JyGckM4bgl",todonoticias,TN - Todo Noticias,25992212,0,1,4,0,2634.0,es,https://x.com/todonoticias/status/2009195742330773960,5719813,False,Argentina
1,todonoticias,rango,2009195612940492829,2026-01-08 09:28:57+00:00,"El Gobierno se concentra en la reforma laboral y la Ley de Glaciares y demora la reforma del Código Penal

Por Josefina Godoy Martínez

https://t.co/NPXrgsMfWe",todonoticias,TN - Todo Noticias,25992212,2,2,3,0,2818.0,es,https://x.com/todonoticias/status/2009195612940492829,5719813,False,Argentina
1,todonoticias,rango,2009195484108476810,2026-01-08 09:28:27+00:00,"Con la morosidad en niveles récord, los analistas esperan una baja de tasas para impulsar el crédito en 2026

Por Melina Manfredi

https://t.co/PdDQd2PP3I",todonoticias,TN - Todo Noticias,25992212,0,2,7,0,2755.0,es,https://x.com/todonoticias/status/2009195484108476810,5719813,False,Argentina
1,todonoticias,rango,2009195409227329688,2026-01-08 09:28:09+00:00,"A días de volver a la actividad con Alpine, Franco Colapinto se divirtió con una curiosa actividad

https://t.co/fFf7KsbeJS",todonoticias,TN - Todo Noticias,25992212,0,1,3,0,2537.0,es,https://x.com/todonoticias/status/2009195409227329688,5719813,False,Argentina
1,todonoticias,rango,2009195275009839266,2026-01-08 09:27:37+00:00,"A los 89 años ganó una medalla de oro en natación y reveló cuál es su secreto

Por Constanza Macieri

https://t.co/9tENNyf4Qb",todonoticias,TN - Todo Noticias,25992212,1,1,5,0,2509.0,es,https://x.com/todonoticias/status/2009195275009839266,5719813,False,Argentina
1,todonoticias,rango,2009195184538464586,2026-01-08 09:27:15+00:00,"Quién fue el Gauchito Gil y por qué se lo conmemora este jueves 8 de enero

https://t.co/SJEgDs94T4",todonoticias,TN - Todo Noticias,25992212,0,1,8,0,2514.0,es,https://x.com/todonoticias/status/2009195184538464586,5719813,False,Argentina
1,todonoticias,rango,2009194895039160612,2026-01-08 09:26:06+00:00,"Tras el allanamiento a su casa, el denunciante de la mansión de Pilar aseguró que buscan callarlo

https://t.co/WVyURoMsyA",todonoticias,TN - Todo Noticias,25992212,0,8,11,0,3342.0,es,https://x.com/todonoticias/status/2009194895039160612,5719813,False,Argentina
1,todonoticias,rango,2009194737266274423,2026-01-08 09:25:29+00:00,"De “gobierno dictatorial” a “protectorado de facto”: los fuertes cruces por la situación de Venezuela
https://t.co/mBOCfKJtlF",todonoticias,TN - Todo Noticias,25992212,0,1,3,0,2378.0,es,https://x.com/todonoticias/status/2009194737266274423,5719813,False,Argentina
1,todonoticias,rango,2009194617602810220,2026-01-08 09:25:00+00:00,@todonoticias 👉 https://t.co/eYNVybQPe8,todonoticias,TN - Todo Noticias,25992212,2,1,1,0,3007.0,qme,https://x.com/todonoticias/status/2009194617602810220,5719813,False,Argentina
1,todonoticias,rango,2009194611785310463,2026-01-08 09:24:59+00:00,El exdiputado asumirá la representación diplomática en Bruselas tras una decisión formalizada por decreto presidencial. https://t.co/e1QMjkYCtR,todonoticias,TN - Todo Noticias,25992212,3,3,12,3,3389.0,es,https://x.com/todonoticias/status/2009194611785310463,5719813,False,Argentina
1,todonoticias,rango,2009194425931501664,2026-01-08 09:24:14+00:00,El Gobierno se concentra en la reforma laboral y la Ley de Glaciares y demora la reforma del Código Penal https://t.co/T19uchSx7e,todonoticias,TN - Todo Noticias,25992212,1,4,2,0,2268.0,es,https://x.com/todonoticias/status/2009194425931501664,5719813,False,Argentina
1,todonoticias,rango,2009194362203517434,2026-01-08 09:23:59+00:00,"El día que volvieron a capturar al Chapo Guzmán: una actriz mexicana, muchos tacos y un túnel bajo la bañera

Por Matías Bauso

https://t.co/pjNs7Am8Ub",todonoticias,TN - Todo Noticias,25992212,0,2,6,0,2612.0,es,https://x.com/todonoticias/status/2009194362203517434,5719810,False,Argentina
1,todonoticias,rango,2009194270876684357,2026-01-08 09:23:37+00:00,"Alerta por la posible expansión en la Argentina de un grupo criminal nacido en una cárcel de Venezuela

https://t.co/KNIJ9O7YBY",todonoticias,TN - Todo Noticias,25992212,1,1,2,0,2215.0,es,https://x.com/todonoticias/status/2009194270876684357,5719810,False,Argentina
1,todonoticias,rango,2009194208045998396,2026-01-08 09:23:22+00:00,"Sofía Gonet apareció con la cabeza rapada en “MasterChef Celebrity” y explicó por qué

https://t.co/sQA1BS6pHG",todonoticias,TN - Todo Noticias,25992212,0,2,1,0,2203.0,es,https://x.com/todonoticias/status/2009194208045998396,5719810,False,Argentina
1,todonoticias,rango,2009194153071243642,2026-01-08 09:23:09+00:00,"Flor Vigna lanzó una nueva canción y se burló de los audios de Luciano Castro a una actriz: “¡Oye guapa!""

https://t.co/EL1suAqGBG",todonoticias,TN - Todo Noticias,25992212,0,2,3,0,2354.0,es,https://x.com/todonoticias/status/2009194153071243642,5719810,False,Argentina
1,todonoticias,rango,2009194033000947998,2026-01-08 09:22:41+00:00,"Video: el dramático rescate de una pareja de turistas atrapada en un auto por la inundación en Salta

https://t.co/SLrZO0Q3UX",todonoticias,TN - Todo Noticias,25992212,0,6,17,0,3627.0,es,https://x.com/todonoticias/status/2009194033000947998,5719810,False,Argentina
1,todonoticias,rango,2009193861562912808,2026-01-08 09:22:00+00:00,"La drástica decisión que tomó Martín Migueles tras su separación de Wanda Nara

https://t.co/A3f5KsRJqh",todonoticias,TN - Todo Noticias,25992212,8,2,7,0,6986.0,es,https://x.com/todonoticias/status/2009193861562912808,5719810,False,Argentina
1,todonoticias,rango,2009193806298792184,2026-01-08 09:21:47+00:00,"Una mujer se tiró desde un primer piso para escapar de su pareja, acusado de intentar matarla con una pala

https://t.co/1NbFGXjthj",todonoticias,TN - Todo Noticias,25992212,0,1,1,0,1904.0,es,https://x.com/todonoticias/status/2009193806298792184,5719810,False,Argentina
1,todonoticias,rango,2009193753928716668,2026-01-08 09:21:34+00:00,"El abogado del policía acusado por la muerte de una mujer en Luján negó una picada y apuntó a un tercer auto

Por Julieta Ortiz

https://t.co/ED2N5VnxJK",todonoticias,TN - Todo Noticias,25992212,0,1,2,0,1967.0,es,https://x.com/todonoticias/status/2009193753928716668,5719810,False,Argentina
1,todonoticias,rango,2009191163937607989,2026-01-08 09:11:17+00:00,El Gobierno se concentra en la reforma laboral y la Ley de Glaciares y demora la reforma del Código Penal https://t.co/4XVJH4bbba,todonoticias,TN - Todo Noticias,25992212,0,1,2,0,2038.0,es,https://x.com/todonoticias/status/2009191163937607989,5719810,False,Argentina
1,todonoticias,rango,2009189868665229801,2026-01-08 09:06:08+00:00,El abogado del policía acusado por la muerte de una mujer en Luján negó una picada y apuntó a un tercer auto https://t.co/XxGMGWEqUL,todonoticias,TN - Todo Noticias,25992212,0,4,5,0,3810.0,es,https://x.com/todonoticias/status/2009189868665229801,5719810,False,Argentina
1,todonoticias,rango,2009187613140504761,2026-01-08 08:57:10+00:00,"Fue víctima de una violación grupal, se quitó la vida y ahora su mamá lucha por encontrar al último sospechoso https://t.co/vZnA6M7BNp",todonoticias,TN - Todo Noticias,25992212,0,2,7,0,2853.0,es,https://x.com/todonoticias/status/2009187613140504761,5719810,False,Argentina
1,todonoticias,rango,2009178658007871922,2026-01-08 08:21:35+00:00,Alerta por la posible expansión en la Argentina de un grupo criminal nacido en una cárcel de Venezuela https://t.co/Y5rl6Ib9dh,todonoticias,TN - Todo Noticias,25992212,1,3,4,1,2465.0,es,https://x.com/todonoticias/status/2009178658007871922,5719810,False,Argentina
1,todonoticias,rango,2009168085241221504,2026-01-08 07:39:34+00:00,El Gobierno oficializó la designación de Fernando Iglesias como embajador argentino en Bélgica https://t.co/0HLYJPypbZ,todonoticias,TN - Todo Noticias,25992212,3,9,9,2,2708.0,es,https://x.com/todonoticias/status/2009168085241221504,5719810,False,Argentina
1,todonoticias,rango,2009120702008578225,2026-01-08 04:31:17+00:00,"Una mujer se tiró desde un primer piso para escapar de su pareja, acusado de intentar matarla con una pala https://t.co/lgFu8ZhMFl",todonoticias,TN - Todo Noticias,25992212,0,2,5,0,3097.0,es,https://x.com/todonoticias/status/2009120702008578225,5719810,False,Argentina
1,todonoticias,rango,2009113109894398131,2026-01-08 04:01:07+00:00,"Flor Vigna se burló de los audios de Luciano Castro a una actriz: “¡Oye guapa!"" https://t.co/FovsPPPdrz",todonoticias,TN - Todo Noticias,25992212,1,1,4,0,4580.0,es,https://x.com/todonoticias/status/2009113109894398131,5719810,False,Argentina
1,todonoticias,rango,2009111581360021780,2026-01-08 03:55:03+00:00,"El Puma Rodríguez destrozó a Fernando Carillo por apoyar a Delcy Rodríguez: “Nunca tuvo un..."" https://t.co/zGEaynhwDX",todonoticias,TN - Todo Noticias,25992212,1,1,5,0,3341.0,es,https://x.com/todonoticias/status/2009111581360021780,5719810,False,Argentina
1,todonoticias,rango,2009110156991217758,2026-01-08 03:49:23+00:00,Las camisetas de la captura de Maduro se convierten en moda: “El verdugo ya cayó” https://t.co/PXrOcd3Qeq,todonoticias,TN - Todo Noticias,25992212,0,1,2,0,3206.0,es,https://x.com/todonoticias/status/2009110156991217758,5719810,False,Argentina
1,todonoticias,rango,2009108097751744824,2026-01-08 03:41:12+00:00,"Tras el allanamiento a su casa, el denunciante de la mansión de Pilar aseguró que buscan callarlo https://t.co/Zzqn8VfvXd",todonoticias,TN - Todo Noticias,25992212,1,1,8,0,4236.0,es,https://x.com/todonoticias/status/2009108097751744824,5719810,False,Argentina
1,todonoticias,rango,2009105831472828664,2026-01-08 03:32:12+00:00,De “gobierno dictatorial” a “protectorado de facto”: los fuertes cruces por la situación de Venezuela https://t.co/wmgTjJbKta,todonoticias,TN - Todo Noticias,25992212,2,8,14,0,3638.0,es,https://x.com/todonoticias/status/2009105831472828664,5719810,False,Argentina
1,todonoticias,rango,2009103860497817640,2026-01-08 03:24:22+00:00,Por qué Sofía Gonet apareció con la cabeza rapada en MasterChef Celebrity https://t.co/nLxofFrQvB,todonoticias,TN - Todo Noticias,25992212,7,1,6,0,10888.0,es,https://x.com/todonoticias/status/2009103860497817640,5719810,False,Argentina
1,todonoticias,rango,2009098035104555402,2026-01-08 03:01:13+00:00,“Es mi vida”: la bronca de Roly Serrano tras las críticas por la diferencia de edad con su novia https://t.co/aAq8SdPfSI,todonoticias,TN - Todo Noticias,25992212,6,1,16,0,7734.0,es,https://x.com/todonoticias/status/2009098035104555402,5719810,False,Argentina
1,todonoticias,rango,2009086552790765573,2026-01-08 02:15:35+00:00,El Gobierno remató una casona de Villa Devoto que perteneció al exsecretario privado de Néstor Kirchner https://t.co/9aWc7sq5s3,todonoticias,TN - Todo Noticias,25992212,1,2,15,0,5753.0,es,https://x.com/todonoticias/status/2009086552790765573,5719810,False,Argentina
1,todonoticias,rango,2009085097975361595,2026-01-08 02:09:49+00:00,https://t.co/ZzeKILcjSN,todonoticias,TN - Todo Noticias,25992212,1,1,1,0,6862.0,zxx,https://x.com/todonoticias/status/2009085097975361595,5719810,False,Argentina
1,todonoticias,rango,2009070850180530501,2026-01-08 01:13:12+00:00,“Mi abuelo se descompensó”: buscan a un hombre de 85 años y a su nieto perdidos en un cerro salteño https://t.co/Ox7cjiK87G,todonoticias,TN - Todo Noticias,25992212,0,5,11,1,5072.0,es,https://x.com/todonoticias/status/2009070850180530501,5719810,False,Argentina
1,todonoticias,rango,2009068433296552221,2026-01-08 01:03:35+00:00,La Justicia rechazó el pedido de CFK de tratar sus apelaciones a las restricciones a la prisión domiciliaria https://t.co/mCGrjLuFoz,todonoticias,TN - Todo Noticias,25992212,2,8,28,0,5814.0,es,https://x.com/todonoticias/status/2009068433296552221,5719810,False,Argentina
1,todonoticias,rango,2009061644446351713,2026-01-08 00:36:37+00:00,"🏈 SE DIVORCIÓ DE UNA INFLUENCER Y REVELÓ EN VIVO EL TAMAÑO DE SU PENE: AHORA LA DEMANDA POR MILLONES

▪️ En plena transmisión, comparó la anatomía de su exmarido con ""varias latas de gaseosa"" y aseguró que esa ""incompatibilidad física extrema"" fue el motivo de la separación. 

▪️ Ahora la demanda por más de 75.000 dólares: su actual esposa es acosada en redes con referencias directas a lo que Haley dijo.

▪️ La influencer se mostró ""conmocionada"" y dice que lo sacaron de contexto. ""Me rompe el corazón que haya elegido someternos a este proceso judicial"", declaró.

Más información en la web de TN 👇",todonoticias,TN - Todo Noticias,25992212,10,3,13,0,32565.0,es,https://x.com/todonoticias/status/2009061644446351713,5719810,False,Argentina
1,todonoticias,rango,2009057713603354998,2026-01-08 00:21:00+00:00,Abandonaron un perro en una cancha de fútbol y la reacción del club generó gran impacto https://t.co/8wP9P8n2NN,todonoticias,TN - Todo Noticias,25992212,0,2,10,1,15310.0,es,https://x.com/todonoticias/status/2009057713603354998,5719810,False,Argentina
1,todonoticias,rango,2009056908427063522,2026-01-08 00:17:48+00:00,"👶 LLAMÓ AL 911 POR UN LLANTO EN LA BASURA Y LO QUE ENCONTRÓ LA POLICÍA DEJÓ A TODOS SIN PALABRAS

▪️ Eran las 5 de la mañana en San Martín. En un cesto de basura de la calle Riobamba al 2300 había una bebé recién nacida. Estaba desnuda, sin pañal, con el cordón umbilical cortado de manera artesanal.

▪️ La teniente Verónica Ayala y su equipo la envolvieron y la llevaron de urgencia al Hospital Thompson. La beba pesaba 1.890 gramos y era prematura: solo tenía 36 semanas de gestación.

▪️ Los médicos calcularon que había nacido minutos antes del llamado. El parto fue domiciliario y alguien la dejó allí, a metros de casas habitadas.

▪️ La llamaron ""Verónica"", en honor a la policía que la salvó. Ahora está en terapia intensiva de neonatología.

Más información en la web de TN 👇
https://t.co/boeg5EOdGO",todonoticias,TN - Todo Noticias,25992212,34,101,659,15,76503.0,es,https://x.com/todonoticias/status/2009056908427063522,5719810,False,Argentina
1,todonoticias,rango,2009055730905547041,2026-01-08 00:13:07+00:00,"Malena Pichot destrozó a Maxi López por pedir que adelanten el parto de Lando: ""Tipos que..."" https://t.co/Ys4DzltDCk",todonoticias,TN - Todo Noticias,25992212,30,34,240,0,11373.0,es,https://x.com/todonoticias/status/2009055730905547041,5719810,False,Argentina
1,todonoticias,rango,2009053750497792004,2026-01-08 00:05:15+00:00,La microbikini multicolor con la que Morena Beltrán se comprometió con Lucas Blondel https://t.co/PSJ3Y66M3O,todonoticias,TN - Todo Noticias,25992212,1,1,9,0,8536.0,es,https://x.com/todonoticias/status/2009053750497792004,5719810,False,Argentina
1,todonoticias,rango,2009052471277265233,2026-01-08 00:00:10+00:00,"🎾 LA INVITARON A JUGAR UN TORNEO PROFESIONAL DE TENIS, HIZO UN PAPELÓN Y NADIE SABE QUIÉN ES

▪️ Hajar Abdelkader tiene 21 años y es egipcia. Este miércoles entró a la cancha en Nairobi, Kenia, con una invitación especial. Perdió 6-0, 6-0 sin ganar un solo game.

▪️ Su rival, la alemana Lorena Schaedel, ganó casi sin mover la raqueta. La egipcia cometió 20 dobles faltas, confundió de qué lado sacar y solo ganó tres puntos porque la alemana erró.

▪️ Entonces, empezaron a buscarla. No tiene redes sociales. No aparece en el ranking de la WTA. No figura en el registro de la Federación Internacional de Tenis. Ni siquiera está en la web oficial del torneo.

▪️ Su nombre circula en las redes, pero en internet no hay rastro de ella. Jugó un torneo profesional y es como si nunca hubiera existido.

Más información en la web de TN 👇
https://t.co/a6cx1EO3wb",todonoticias,TN - Todo Noticias,25992212,4,4,47,2,24157.0,es,https://x.com/todonoticias/status/2009052471277265233,5719810,False,Argentina
1,todonoticias,rango,2009052435390844954,2026-01-08 00:00:01+00:00,"🔥 MIENTRAS LOS BOMBEROS COMBATEN INCENDIOS EN EL PARQUE NACIONAL LOS GLACIARES, UN TURISTA VIO HUMO, SE ACERCÓ Y NO PODÍA CREER LO QUE ENCONTRÓ.

▪️ Martín estaba armando su carpa cuando vio una nube de humo extraña en la Laguna Torre. Pensó que era algo natural, pero la columna no se movía.

▪️ Bordeó la laguna y se topó con una pareja de extranjeros haciendo una fogata debajo de toda la vegetación, en pleno bosque. ""Se nos está prendiendo fuego la Argentina y hacen esto"", dijo indignado.

▪️ Les gritó que apagaran todo y se fueran a un camping habilitado. Ellos obedecieron, pero apenas se retiraron, Martín terminó de apagar las llamas con sus propias manos y un poco de agua.

▪️""Es increíble que tengamos a todo el personal combatiendo incendios y tengamos que desviar gente para buscar a estos inconscientes"", se lamentó.

Más información en: https://t.co/kiN9dac6YA",todonoticias,TN - Todo Noticias,25992212,324,740,4116,62,347814.0,es,https://x.com/todonoticias/status/2009052435390844954,5719810,False,Argentina
1,todonoticias,rango,2009051600052986265,2026-01-07 23:56:42+00:00,Poeta y madre de tres hijos: quién era la mujer que murió baleada por un agente de migraciones en Minnesota https://t.co/CIrSyzhTju,todonoticias,TN - Todo Noticias,25992212,7,3,4,0,3799.0,es,https://x.com/todonoticias/status/2009051600052986265,5719810,False,Argentina
1,todonoticias,rango,2009049460098093512,2026-01-07 23:48:12+00:00,La actitud de Martín Migueles que generó indignación antes de separarse de Wanda Nara https://t.co/9WEBguJRC3,todonoticias,TN - Todo Noticias,25992212,0,1,2,0,4075.0,es,https://x.com/todonoticias/status/2009049460098093512,5719810,False,Argentina
1,todonoticias,rango,2009047815016599927,2026-01-07 23:41:40+00:00,"🤰 TIENE 17 AÑOS, ERA VIRGEN Y QUEDÓ EMBARAZADA

▪️ Kelsi Mickelson miró el test de embarazo y vio dos líneas rosas: iba a ser mamá. Pero nunca había tenido relaciones sexuales.

▪️ A los 15, los médicos le habían dicho que no podía tener sexo por un exceso de piel en el himen que bloqueaba la entrada vaginal. ""No es un problema, salvo que no vas a poder tener sexo"", le dijo la doctora.

▪️ Después de una noche de juegos sexuales con Jake, su novio, su período se atrasó. ""Compré un test y dio positivo al instante. Compré diez más, todos positivos"", contó.

▪️ Sus amigos no le creyeron: ""Me decían que mentía, que no quería admitir que había tenido sexo. Perdí a la mayoría"", recordó. Hasta su mamá pensó que era un falso positivo.

▪️ La explicación médica, sin embargo, arrojó luz sobre lo que pasó. Más información en la web de TN 👇
https://t.co/h9kpSERLXt",todonoticias,TN - Todo Noticias,25992212,129,27,1826,43,1417810.0,es,https://x.com/todonoticias/status/2009047815016599927,5719810,False,Argentina
1,todonoticias,rango,2009046531228278821,2026-01-07 23:36:33+00:00,"Murió Ángel Norberto Coerezza, el árbitro argentino que dirigió en los Mundiales de 1970 y 1978 https://t.co/ZqhU5UzAPx",todonoticias,TN - Todo Noticias,25992212,2,6,10,0,4016.0,es,https://x.com/todonoticias/status/2009046531228278821,5719810,False,Argentina
1,todonoticias,rango,2009043725201047936,2026-01-07 23:25:24+00:00,Tamara Báez mostró a su hija en la pileta de su casa y un detalle en el agua impactó a todos: el video https://t.co/ZpHHUiCwv9,todonoticias,TN - Todo Noticias,25992212,2,2,3,0,4864.0,es,https://x.com/todonoticias/status/2009043725201047936,5719810,False,Argentina
1,todonoticias,rango,2009041253577756963,2026-01-07 23:15:35+00:00,Amenazó a su expareja con una granada y escapó dos veces de la policía hasta que lo capturaron https://t.co/KvN0SnbI5z,todonoticias,TN - Todo Noticias,25992212,0,1,2,0,3606.0,es,https://x.com/todonoticias/status/2009041253577756963,5719810,False,Argentina
1,todonoticias,rango,2009039976319557891,2026-01-07 23:10:31+00:00,Escándalo judicial: un exjugador de la NFL demandó a su exesposa por revelar detalles del tamaño de su pene https://t.co/1kxebMHAui,todonoticias,TN - Todo Noticias,25992212,0,2,4,0,3326.0,es,https://x.com/todonoticias/status/2009039976319557891,5719810,False,Argentina
1,todonoticias,rango,2009037332956184813,2026-01-07 23:00:00+00:00,"😱 ESTUVIERON CASADOS 40 AÑOS, SE SEPARARON Y CUANDO ELLA FUE A PEDIRLE DINERO ÉL LE CONFESÓ QUE SACRIFICÓ A SUS DOS PERROS.

⚫ Clare Bridger tenía 64 años y había dejado a sus perros al cuidado de su exesposo Keith después de la separación. Cuando fue a su casa para pedirle que pagara la próxima sesión de mediación, le preguntó por ellos.

⚫ Él le dijo que los había sacrificado porque ""mordían"" y ""eran ruidosos"". Ella salió del auto con un cuchillo y lo apuñaló dos veces, una en el pecho y otra en el abdomen.

⚫ Los vecinos tuvieron que desarmarla y uno de ellos, que era médico, le salvó la vida al hombre.

⚫ Cuando la policía llegó a Bramerton, en Reino Unido, Clare admitió: ""Él mató a mis perros, simplemente vi todo rojo"".

Más información en: https://t.co/rwihuiEsR9",todonoticias,TN - Todo Noticias,25992212,203,151,2589,105,297972.0,es,https://x.com/todonoticias/status/2009037332956184813,5719810,False,Argentina
1,todonoticias,rango,2009037278891372807,2026-01-07 22:59:48+00:00,Trump defendió el accionar del agente que mató a una mujer en Minnesota: “Le disparó en defensa propia” https://t.co/o94U0sXi0Q,todonoticias,TN - Todo Noticias,25992212,8,1,7,0,4185.0,es,https://x.com/todonoticias/status/2009037278891372807,5719813,False,Argentina
1,todonoticias,rango,2009035617498480831,2026-01-07 22:53:11+00:00,"Luego de la asunción de Andrés Vázquez, ARCA desplazó a un grupo de directivos de la Aduana https://t.co/m0sSZbtXnw",todonoticias,TN - Todo Noticias,25992212,0,5,9,0,4097.0,es,https://x.com/todonoticias/status/2009035617498480831,5719813,False,Argentina
1,todonoticias,rango,2009034705279090863,2026-01-07 22:49:34+00:00,Así fue el primer encuentro entre Luciano Castro y la actriz danesa Sarah Borrell https://t.co/6B16d9kLJc,todonoticias,TN - Todo Noticias,25992212,2,2,5,0,5128.0,es,https://x.com/todonoticias/status/2009034705279090863,5719813,False,Argentina
1,todonoticias,rango,2009031586092613827,2026-01-07 22:37:10+00:00,"Wanda Nara se separó de Martín Migueles, según Yanina Latorre: por qué se pelearon https://t.co/QLeOevW7Qk",todonoticias,TN - Todo Noticias,25992212,5,3,10,1,6222.0,es,https://x.com/todonoticias/status/2009031586092613827,5719813,False,Argentina
1,todonoticias,rango,2009029294509474089,2026-01-07 22:28:04+00:00,Video: así fue el momento en el que un oficial de migraciones mató a una mujer en Minnesota https://t.co/iiL4iXWSpd,todonoticias,TN - Todo Noticias,25992212,0,2,3,1,3390.0,es,https://x.com/todonoticias/status/2009029294509474089,5719813,False,Argentina
1,todonoticias,rango,2009028823715557527,2026-01-07 22:26:12+00:00,Violento asalto a dos repartidores de agua en Merlo: los motochorros actuaron en 30 segundos https://t.co/7eq8qgxiFb,todonoticias,TN - Todo Noticias,25992212,0,1,2,0,3522.0,es,https://x.com/todonoticias/status/2009028823715557527,5719813,False,Argentina
1,todonoticias,rango,2009027016171901233,2026-01-07 22:19:01+00:00,Impactante video: un agente de migraciones de EE.UU. mató a una mujer que intentó evadir un operativo https://t.co/tiT0sT6Lp7,todonoticias,TN - Todo Noticias,25992212,3,3,2,0,3456.0,es,https://x.com/todonoticias/status/2009027016171901233,5719813,False,Argentina
1,todonoticias,rango,2009025416850243619,2026-01-07 22:12:39+00:00,Qué dijo Daniela Christiansson de Maxi López luego de que él la dejara sola en Suiza para regresar a la Argentina https://t.co/tl90uEW3AB,todonoticias,TN - Todo Noticias,25992212,1,2,9,1,22507.0,es,https://x.com/todonoticias/status/2009025416850243619,5719813,False,Argentina
1,todonoticias,rango,2009022233335988485,2026-01-07 22:00:00+00:00,"🚨 LE PUSIERON UNA PISTOLA EN LA BOCA Y LE DIJERON ""ARRODÍLLATE Y PÍDEME PERDÓN"": LOS DESGARRADORES RELATOS DEL HELICÓIDE.

⚫ Víctor Navarro tenía 28 años cuando 35 agentes del SEBIN entraron a su casa en Venezuela, lo tiraron al piso, le pusieron una escopeta en la cabeza y lo desaparecieron.

⚫ Lo llevaron al Helicoide, la cárcel del Servicio Bolivariano de Inteligencia donde el chavismo encierra a opositores. La ONU lo señala como el principal centro de torturas de América Latina.

⚫ Dylan Canache tenía 16 años cuando lo detuvieron. Diannet Blanco repartía insumos médicos para heridos en protestas. Antony Vegas fue vinculado con un crimen que no cometió. Los cuatro contaron cómo es sobrevivir al horror.

⚫ ""Me amenazaban con violar a mi novia, me metieron una pistola cargada en la boca, yo me arrodillé porque no quería que me volaran la cabeza"", contó Navarro.

Más información en: https://t.co/cT8lTIeUYo",todonoticias,TN - Todo Noticias,25992212,7,21,48,2,20137.0,es,https://x.com/todonoticias/status/2009022233335988485,5719813,False,Argentina
1,todonoticias,rango,2009022096660132114,2026-01-07 21:59:28+00:00,Justin Baldoni acusó a Blake Lively de tenderle una trampa en las escenas íntimas de Romper el círculo https://t.co/JurFXxM3Ca,todonoticias,TN - Todo Noticias,25992212,0,1,2,1,4477.0,es,https://x.com/todonoticias/status/2009022096660132114,5719813,False,Argentina
1,todonoticias,rango,2009020261912199387,2026-01-07 21:52:10+00:00,Preocupación por el Dibu Martínez: tuvo que ser reemplazado en el segundo tiempo ante el Crystal Palace https://t.co/Qfu8sWOF4z,todonoticias,TN - Todo Noticias,25992212,0,1,5,0,3255.0,es,https://x.com/todonoticias/status/2009020261912199387,5719813,False,Argentina
1,todonoticias,rango,2009017639213961396,2026-01-07 21:41:45+00:00,"Una joven recibió un mensaje de WhatsApp del amigo de su novio, lo escuchó y se quedó sin palabras https://t.co/AHGY7XiysR",todonoticias,TN - Todo Noticias,25992212,1,1,2,0,11609.0,es,https://x.com/todonoticias/status/2009017639213961396,5719813,False,Argentina
1,todonoticias,rango,2009015893414527346,2026-01-07 21:34:49+00:00,Maxi López contó que pidió adelantar el parto de su hijo y generó polémica https://t.co/WTnki3UtwI,todonoticias,TN - Todo Noticias,25992212,0,1,2,0,4009.0,es,https://x.com/todonoticias/status/2009015893414527346,5719813,False,Argentina
1,todonoticias,rango,2009012971922448555,2026-01-07 21:23:12+00:00,Qué dijo la nueva novia de Martín Demichelis sobre el video discutiendo que se filtró https://t.co/5W0LlsiT66,todonoticias,TN - Todo Noticias,25992212,0,1,8,0,12014.0,es,https://x.com/todonoticias/status/2009012971922448555,5719813,False,Argentina
1,todonoticias,rango,2009010466790465988,2026-01-07 21:13:15+00:00,Filtraron los chats de Luciano Castro y la mujer con la que le habría sido infiel a Griselda Siciliani https://t.co/XntofSV6UV,todonoticias,TN - Todo Noticias,25992212,2,1,5,0,5000.0,es,https://x.com/todonoticias/status/2009010466790465988,5719813,False,Argentina
1,todonoticias,rango,2009008452241404396,2026-01-07 21:05:15+00:00,La policía rescató a una beba que había sido abandonada en un cesto de basura en San Martín https://t.co/OdTvEVBf0q,todonoticias,TN - Todo Noticias,25992212,1,3,14,1,4326.0,es,https://x.com/todonoticias/status/2009008452241404396,5719813,False,Argentina
1,todonoticias,rango,2009007955392237621,2026-01-07 21:03:16+00:00,"Se resbaló y cayó al río con su bebé en brazos: un hombre se tiró a ayudarlos, pero solo sobrevivió el nene https://t.co/zFAEQIN4ao",todonoticias,TN - Todo Noticias,25992212,0,1,6,0,3755.0,es,https://x.com/todonoticias/status/2009007955392237621,5719813,False,Argentina
1,todonoticias,rango,2009007137075450057,2026-01-07 21:00:01+00:00,"🚨 UNA MUJER DISCUTIÓ CON UN AGENTE DE MIGRACIONES EN MINNESOTA, INTENTÓ ESCAPAR CON SU CAMIONETA Y ÉL LA MATÓ

▪️ Ocurrió en pleno operativo del Servicio de Inmigración de Estados Unidos. La mujer tenía 37 años, era estadounidense y no era objetivo de ninguna investigación.

▪️ Un testigo grabó todo: se escucha la discusión, se ve cuando ella avanza con el vehículo y se oyen al menos tres disparos.

▪️ El Departamento de Seguridad Nacional dijo que fue ""un acto de terrorismo"" porque intentó atropellar a los agentes. Murió en el lugar después de chocar contra otro auto estacionado.

Más información en: https://t.co/QgFjgvyyla",todonoticias,TN - Todo Noticias,25992212,2,7,23,0,10281.0,es,https://x.com/todonoticias/status/2009007137075450057,5719813,False,Argentina
1,todonoticias,rango,2009005222614429935,2026-01-07 20:52:25+00:00,"Informe especial: así es El Helicoide, el peor centro de torturas de Venezuela https://t.co/GDHisLDbIo",todonoticias,TN - Todo Noticias,25992212,0,7,12,0,3988.0,es,https://x.com/todonoticias/status/2009005222614429935,5719813,False,Argentina
1,todonoticias,rango,2009003924779405719,2026-01-07 20:47:15+00:00,"Antes de viajar a Davos, Javier Milei irá a Córdoba y estará en el Festival de Jesús María https://t.co/Lex9W5VDXC",todonoticias,TN - Todo Noticias,25992212,4,3,16,0,3767.0,es,https://x.com/todonoticias/status/2009003924779405719,5719813,False,Argentina
1,todonoticias,rango,2009002749254619139,2026-01-07 20:42:35+00:00,“Por lo que le hicieron a mi hijo”: la frase que habría dicho la mujer que se prendió fuego en una comisaría https://t.co/b4i0cwF86f,todonoticias,TN - Todo Noticias,25992212,1,2,2,0,4178.0,es,https://x.com/todonoticias/status/2009002749254619139,5719810,False,Argentina
1,todonoticias,rango,2008997131852632517,2026-01-07 20:20:16+00:00,Córdoba: murió un bebé de tres meses por un derrame cerebral y detuvieron a sus padres https://t.co/rglKVeCSYz,todonoticias,TN - Todo Noticias,25992212,0,2,7,0,3707.0,es,https://x.com/todonoticias/status/2008997131852632517,5719810,False,Argentina
1,todonoticias,rango,2008993780913893513,2026-01-07 20:06:57+00:00,Griselda Siciliani habló tras los rumores de infidelidad de Luciano Castro: qué dijo https://t.co/pwbpOs7GYJ,todonoticias,TN - Todo Noticias,25992212,2,1,9,0,17652.0,es,https://x.com/todonoticias/status/2008993780913893513,5719810,False,Argentina
1,todonoticias,rango,2008990362270838806,2026-01-07 19:53:22+00:00,Un adolescente de 14 años murió por hantavirus en San Andrés de Giles https://t.co/XkiaHU3Olh,todonoticias,TN - Todo Noticias,25992212,2,9,14,0,4836.0,es,https://x.com/todonoticias/status/2008990362270838806,5719810,False,Argentina
1,todonoticias,rango,2008987066324172851,2026-01-07 19:40:16+00:00,"Estuvieron casados 40 años, él sacrificó a sus perros y ella lo apuñaló: “Sos un hombre horrible” https://t.co/oMbnW5f31A",todonoticias,TN - Todo Noticias,25992212,89,113,3606,85,118276.0,es,https://x.com/todonoticias/status/2008987066324172851,5719810,False,Argentina
1,todonoticias,rango,2008984782642851853,2026-01-07 19:31:11+00:00,Encontraron el cuerpo del chico de 16 años que había desaparecido en el río Paraná https://t.co/omL0fMkivM,todonoticias,TN - Todo Noticias,25992212,0,2,1,0,3856.0,es,https://x.com/todonoticias/status/2008984782642851853,5719810,False,Argentina
1,todonoticias,rango,2008981693063979248,2026-01-07 19:18:55+00:00,Cuáles son los seis bancos que le prestaron US$3000 millones a la Argentina para afrontar el vencimiento de deuda https://t.co/qUs6XiCNFu,todonoticias,TN - Todo Noticias,25992212,1,3,2,2,3790.0,es,https://x.com/todonoticias/status/2008981693063979248,5719810,False,Argentina
1,todonoticias,rango,2008980095332164069,2026-01-07 19:12:34+00:00,Diego Santilli abrió en Chubut la ronda con gobernadores: busca apoyo para las reformas https://t.co/7ON1SN3tqV,todonoticias,TN - Todo Noticias,25992212,2,5,3,0,3666.0,es,https://x.com/todonoticias/status/2008980095332164069,5719810,False,Argentina
1,todonoticias,rango,2008979357176414626,2026-01-07 19:09:38+00:00,El pedido de Evangelina Anderson luego de que se filtrara la discusión de Martín Demichelis con la novia https://t.co/GnM8GJg8T7,todonoticias,TN - Todo Noticias,25992212,0,1,6,0,9026.0,es,https://x.com/todonoticias/status/2008979357176414626,5719810,False,Argentina
1,todonoticias,rango,2008979348410294762,2026-01-07 19:09:36+00:00,La reacción de Sabrina Rojas al escuchar a Luciano Castro hablar con acento español para seducir a una mujer https://t.co/coRSJt8vFe,todonoticias,TN - Todo Noticias,25992212,2,1,11,0,6899.0,es,https://x.com/todonoticias/status/2008979348410294762,5719810,False,Argentina
1,todonoticias,rango,2008977827237122119,2026-01-07 19:03:33+00:00,“Venía corriendo una picada”: la denuncia del marido de la mujer que murió atropellada por un policía https://t.co/Chyi9A1g2V,todonoticias,TN - Todo Noticias,25992212,0,1,3,0,3496.0,es,https://x.com/todonoticias/status/2008977827237122119,5719810,False,Argentina
1,todonoticias,rango,2008977059503091786,2026-01-07 19:00:30+00:00,Dolor en el futsal: murió un jugador de 32 años tras descompensarse en un aeropuerto antes de un viaje con su equipo https://t.co/PZ1oe4WmgS,todonoticias,TN - Todo Noticias,25992212,0,2,4,0,3818.0,es,https://x.com/todonoticias/status/2008977059503091786,5719810,False,Argentina
1,todonoticias,rango,2008975559662223580,2026-01-07 18:54:33+00:00,"Dijo que era virgen, quedó embarazada y aseguró: “Pensé que era imposible” https://t.co/RAVVvC1v4e",todonoticias,TN - Todo Noticias,25992212,5,2,7,2,8269.0,es,https://x.com/todonoticias/status/2008975559662223580,5719810,False,Argentina
1,todonoticias,rango,2008974824819806458,2026-01-07 18:51:37+00:00,Caos en un supermercado de Alemania: un rebaño de ovejas ingresó repentinamente y causó destrozos https://t.co/CgR9gOFdjC,todonoticias,TN - Todo Noticias,25992212,1,1,8,1,3814.0,es,https://x.com/todonoticias/status/2008974824819806458,5719810,False,Argentina
1,todonoticias,rango,2008972483446055359,2026-01-07 18:42:19+00:00,"Tras el operativo de Trump, el Gobierno y los inversores se inquietan por el precio del petróleo y miden el impacto en Vaca Muerta https://t.co/0tD9pNvOiq",todonoticias,TN - Todo Noticias,25992212,0,2,4,0,3476.0,es,https://x.com/todonoticias/status/2008972483446055359,5719810,False,Argentina
1,todonoticias,rango,2008967437148897494,2026-01-07 18:22:16+00:00,Ni microondas ni plancha: el electrodoméstico que hay que desenchufar durante la lluvia para evitar incendios https://t.co/Ebu45RDKnT,todonoticias,TN - Todo Noticias,25992212,1,2,4,0,5481.0,es,https://x.com/todonoticias/status/2008967437148897494,5719810,False,Argentina
1,todonoticias,rango,2008963166470852867,2026-01-07 18:05:18+00:00,iPhone 17e: las decepcionantes características que tendría el próximo teléfono low cost de Apple https://t.co/riHMAnCP7M,todonoticias,TN - Todo Noticias,25992212,0,1,6,0,4268.0,es,https://x.com/todonoticias/status/2008963166470852867,5719810,False,Argentina
1,todonoticias,rango,2008959716198699506,2026-01-07 17:51:35+00:00,El crudo relato de Romina Gaetani tras realizar la pericia psiquiátrica por la denuncia contra su expareja https://t.co/P3spXk16lA,todonoticias,TN - Todo Noticias,25992212,2,1,5,0,5638.0,es,https://x.com/todonoticias/status/2008959716198699506,5719810,False,Argentina
1,todonoticias,rango,2008955471223250980,2026-01-07 17:34:43+00:00,El exclusivo regalo millonario que Nicole Neumann le hizo a Allegra Cubero por los 15 años https://t.co/HmRJsSafWU,todonoticias,TN - Todo Noticias,25992212,1,1,3,0,7779.0,es,https://x.com/todonoticias/status/2008955471223250980,5719810,False,Argentina
1,todonoticias,rango,2008951104789254288,2026-01-07 17:17:22+00:00,Un futbolista que perdió lugar en Boca está en la mira de un club de la Liga de España https://t.co/91Nu2iiW6j,todonoticias,TN - Todo Noticias,25992212,0,1,3,0,3515.0,es,https://x.com/todonoticias/status/2008951104789254288,5719810,False,Argentina
1,todonoticias,rango,2008947880569262224,2026-01-07 17:04:33+00:00,El impactante relato de un preso político colombiano que compartió celda con el gendarme Nahuel Gallo https://t.co/p3wol359Fr,todonoticias,TN - Todo Noticias,25992212,1,36,56,2,23611.0,es,https://x.com/todonoticias/status/2008947880569262224,5719809,False,Argentina
1,todonoticias,rango,2008947316527649128,2026-01-07 17:02:19+00:00,Brutal ataque en Tigre: un joven fue golpeado por una patota a la salida de un boliche y está grave https://t.co/DI2rNta9A9,todonoticias,TN - Todo Noticias,25992212,0,3,6,0,4996.0,es,https://x.com/todonoticias/status/2008947316527649128,5719809,False,Argentina
1,todonoticias,rango,2008946816604074085,2026-01-07 17:00:20+00:00,Estas son las predicciones gastronómicas para 2026 https://t.co/qPak3TVVom,todonoticias,TN - Todo Noticias,25992212,0,1,2,0,3593.0,es,https://x.com/todonoticias/status/2008946816604074085,5719809,False,Argentina
1,todonoticias,rango,2008943435223343142,2026-01-07 16:46:53+00:00,Video: una feroz tormenta de granizo azotó Mendoza y provocó destrozos millonarios https://t.co/ECoyDGDW2V,todonoticias,TN - Todo Noticias,25992212,0,2,4,0,3984.0,es,https://x.com/todonoticias/status/2008943435223343142,5719809,False,Argentina
1,todonoticias,rango,2008942149551693865,2026-01-07 16:41:47+00:00,El club que formó a Lautaro Martínez apartó a su DT tras una denuncia por presunta corrupción de menores https://t.co/SRs7VzG5ES,todonoticias,TN - Todo Noticias,25992212,0,1,2,0,4145.0,es,https://x.com/todonoticias/status/2008942149551693865,5719809,False,Argentina
1,todonoticias,rango,2008940961397637149,2026-01-07 16:37:04+00:00,Filtraron los audios con la insólita técnica de seducción que usó Luciano Castro para que no lo reconocieran https://t.co/5aByMWNFI4,todonoticias,TN - Todo Noticias,25992212,0,2,8,0,6018.0,es,https://x.com/todonoticias/status/2008940961397637149,5719809,False,Argentina
1,todonoticias,rango,2008936679550115852,2026-01-07 16:20:03+00:00,EE.UU. busca reforzar el bloqueo a toda la flota fantasma que transporta patróleo venezolano: las claves detrás de la incautación del buque en el Atlántico Norte https://t.co/G45GvjKqqP,todonoticias,TN - Todo Noticias,25992212,9,25,82,0,24822.0,es,https://x.com/todonoticias/status/2008936679550115852,5719809,False,Argentina
1,todonoticias,rango,2008935759458213954,2026-01-07 16:16:23+00:00,"Rusia denunció la intercepción ilegal del ""Bella I"", el buque incautado por EE.UU. en el Atlántico Norte. El petrolero eludió el bloqueo marítimo de Venezuela y había cambiado de nombre y bandera en altamar. ¿Es parte de la flota fantasma que usa Venezuela para exportar crudo? https://t.co/rGrquunKla",todonoticias,TN - Todo Noticias,25992212,9,31,203,3,64023.0,es,https://x.com/todonoticias/status/2008935759458213954,5719809,False,Argentina
1,todonoticias,rango,2008933824861016287,2026-01-07 16:08:42+00:00,"El presidente norteamericano escaló la tensión con una publicación dirigida a sus pares del Moscú y Beijing. 

https://t.co/qKZlTEulie 

La advertencia se produjo luego de la incautación de un buque petrolero de bandera rusa en el Atlántico. https://t.co/suNh1LbF8w",todonoticias,TN - Todo Noticias,25992212,4,1,15,0,4736.0,es,https://x.com/todonoticias/status/2008933824861016287,5719809,False,Argentina
1,todonoticias,rango,2008931114451100086,2026-01-07 15:57:56+00:00,CES 2026: presentaron la evolución de las muñecas inflables con llamativos detalles https://t.co/6W6uWg4gY8,todonoticias,TN - Todo Noticias,25992212,1,1,3,1,4032.0,es,https://x.com/todonoticias/status/2008931114451100086,5719809,False,Argentina
1,todonoticias,rango,2008929175537901769,2026-01-07 15:50:14+00:00,"Virrey del Pino: motochorros quisieron robarle, intentó escapar y terminó chocando con una camioneta https://t.co/sU4KjOVqNq",todonoticias,TN - Todo Noticias,25992212,2,1,10,0,3892.0,es,https://x.com/todonoticias/status/2008929175537901769,5719809,False,Argentina
1,todonoticias,rango,2008927400524963933,2026-01-07 15:43:11+00:00,"Video: una mujer perdió el control de su auto, volcó en una rotonda de Tigre y hay dos personas heridas https://t.co/SWwruBWr3R",todonoticias,TN - Todo Noticias,25992212,1,1,7,0,4091.0,es,https://x.com/todonoticias/status/2008927400524963933,5719809,False,Argentina
1,todonoticias,rango,2008924763079451126,2026-01-07 15:32:42+00:00,"Se filtró el video de la fuerte discusión de Martín Demichelis con su nueva novia adentro de un auto

https://t.co/YHtCV4xuPr",todonoticias,TN - Todo Noticias,25992212,5,1,10,2,8627.0,es,https://x.com/todonoticias/status/2008924763079451126,5719809,False,Argentina
1,todonoticias,rango,2008924391304761378,2026-01-07 15:31:13+00:00,Video: así fue el momento en que las fuerzas de Estados Unidos tomaron el control de un buque petrolero ruso https://t.co/wH9WMyPMQA,todonoticias,TN - Todo Noticias,25992212,0,4,8,0,4398.0,es,https://x.com/todonoticias/status/2008924391304761378,5719809,False,Argentina
1,todonoticias,rango,2008922588815257982,2026-01-07 15:24:03+00:00,Así fue el momento en que las fuerzas de Estados Unidos tomaron el control de un buque petrolero ruso https://t.co/HJ4HV94NsX,todonoticias,TN - Todo Noticias,25992212,21,64,584,19,84831.0,es,https://x.com/todonoticias/status/2008922588815257982,5719809,False,Argentina
1,todonoticias,rango,2008921723706413153,2026-01-07 15:20:37+00:00,Rompió el silencio la mujer con la que Luciano Castro le habría sido infiel a Griselda Siciliani: “Él me besó primero” https://t.co/6zX1bgBSYW,todonoticias,TN - Todo Noticias,25992212,29,7,93,6,25859.0,es,https://x.com/todonoticias/status/2008921723706413153,5719809,False,Argentina
1,todonoticias,rango,2008918943877259606,2026-01-07 15:09:34+00:00,"Horror en Misiones: una mujer entró a una comisaría, se roció con alcohol y se prendió fuego https://t.co/d42zSgkT1k",todonoticias,TN - Todo Noticias,25992212,1,2,7,0,6251.0,es,https://x.com/todonoticias/status/2008918943877259606,5719809,False,Argentina
1,todonoticias,rango,2008916363390116031,2026-01-07 14:59:19+00:00,Liberaron a la conductora que atropelló y mató a un hombre que iba a trabajar en Nordelta https://t.co/X4joD2d575,todonoticias,TN - Todo Noticias,25992212,0,1,2,1,4471.0,es,https://x.com/todonoticias/status/2008916363390116031,5719809,False,Argentina
1,todonoticias,rango,2008913322964582427,2026-01-07 14:47:14+00:00,Liberaron a la conductora que atropelló y mató a un hombre que iba a trabajar en Nordelta https://t.co/nMLL9YYB1M,todonoticias,TN - Todo Noticias,25992212,2,4,3,0,4312.0,es,https://x.com/todonoticias/status/2008913322964582427,5719809,False,Argentina
1,todonoticias,rango,2008911059063833044,2026-01-07 14:38:14+00:00,Tragedia frente a la casa de CFK: un taxista atropelló y mató a un hombre tras embestir a un motochorro https://t.co/c0AaZPUgEh,todonoticias,TN - Todo Noticias,25992212,10,4,21,3,7511.0,es,https://x.com/todonoticias/status/2008911059063833044,5719809,False,Argentina
1,todonoticias,rango,2008908794122879033,2026-01-07 14:29:14+00:00,Insólita pelea Mar del Plata: un hombre le pegó a su amigo porque no le quiso dar un quinto cigarrillo https://t.co/1OgtT90OpF,todonoticias,TN - Todo Noticias,25992212,1,1,7,3,4942.0,es,https://x.com/todonoticias/status/2008908794122879033,5719810,False,Argentina
1,todonoticias,rango,2008906342828843310,2026-01-07 14:19:30+00:00,"Dólar, riesgo país y acciones: así opera el mercado HOY luego del anuncio del Repo por US$3000 millones https://t.co/b1PaFUobQd",todonoticias,TN - Todo Noticias,25992212,1,1,6,0,4027.0,es,https://x.com/todonoticias/status/2008906342828843310,5719810,False,Argentina
1,todonoticias,rango,2008906144153002018,2026-01-07 14:18:43+00:00,"Las Fuerzas Armadas estadounidenses llevan adelante el operativo en el Atlántico Norte. 

https://t.co/OysoibNjK1

Vladimir Putin envió un submarino para escoltar el navío. Se agrava el enfrentamiento entre ambos países. https://t.co/hY0m7HWdxY",todonoticias,TN - Todo Noticias,25992212,2,6,35,0,6343.0,es,https://x.com/todonoticias/status/2008906144153002018,5719810,False,Argentina
1,todonoticias,rango,2008904672757637295,2026-01-07 14:12:52+00:00,Una reconocida influencer italiana se sometió a una cirugía estética de glúteos y murió unas horas después https://t.co/g173VVfGIe,todonoticias,TN - Todo Noticias,25992212,0,1,2,0,3599.0,es,https://x.com/todonoticias/status/2008904672757637295,5719810,False,Argentina
1,todonoticias,rango,2008902042614456355,2026-01-07 14:02:25+00:00,Impactante operativo en Brasil: una mujer se hizo pasar por su hija de 13 años para atrapar a un hombre que quería abusar de ella https://t.co/DTXDfXKIUk,todonoticias,TN - Todo Noticias,25992212,1,2,8,0,3643.0,es,https://x.com/todonoticias/status/2008902042614456355,5719810,False,Argentina
1,todonoticias,rango,2008900487995969782,2026-01-07 13:56:14+00:00,Doble femicidio en Córdoba: la familia de las víctimas denunció que Laurta les robó la casa y no pueden entrar https://t.co/ybiVBcXO4X,todonoticias,TN - Todo Noticias,25992212,0,2,5,0,3847.0,es,https://x.com/todonoticias/status/2008900487995969782,5719810,False,Argentina
1,todonoticias,rango,2008900299570684144,2026-01-07 13:55:29+00:00,Máxima tensión en la costa de Venezuela: Rusia envió un submarino para custodiar a un buque petrolero que EE.UU. intenta incautar https://t.co/FKoYWlRbIJ,todonoticias,TN - Todo Noticias,25992212,1,5,9,1,3802.0,es,https://x.com/todonoticias/status/2008900299570684144,5719810,False,Argentina
1,todonoticias,rango,2008899738616164421,2026-01-07 13:53:15+00:00,"Impactante video: un policía manejaba borracho, se metió a contramano, chocó y mató a una mujer https://t.co/dbYR7UCfSX",todonoticias,TN - Todo Noticias,25992212,6,3,14,0,4270.0,es,https://x.com/todonoticias/status/2008899738616164421,5719810,False,Argentina
1,todonoticias,rango,2008899401654194289,2026-01-07 13:51:55+00:00,https://t.co/BmQS5o3Xea,todonoticias,TN - Todo Noticias,25992212,1,4,5,0,3709.0,zxx,https://x.com/todonoticias/status/2008899401654194289,5719810,False,Argentina
1,todonoticias,rango,2008899398760063440,2026-01-07 13:51:54+00:00,Putin busca escoltar el navío que intenta eludir el bloqueo norteamericano. Se agrava el enfrentamiento entre ambos países. https://t.co/01W84P5bKm https://t.co/PJVWcxkQLM,todonoticias,TN - Todo Noticias,25992212,27,17,70,1,11084.0,es,https://x.com/todonoticias/status/2008899398760063440,5719810,False,Argentina
1,todonoticias,rango,2008898912623509826,2026-01-07 13:49:58+00:00,"Iván Colmenares es venezolano y estuvo preso en ""El Rodeo"", la cárcel de máxima seguridad. Allí conoció al argentino que está detenido: ""Nahuel Gallo llegó a la celda de al lado mío. Terminé siendo su compañero, era mi mejor amigo. Éramos presos políticos"". https://t.co/ReSZzKLuX3",todonoticias,TN - Todo Noticias,25992212,38,1512,3956,18,209597.0,es,https://x.com/todonoticias/status/2008898912623509826,5719810,False,Argentina
1,todonoticias,rango,2008896611213054373,2026-01-07 13:40:50+00:00,Arriesgada maniobra del argentino Luciano Benavides en el Rally Dakar https://t.co/CwhhN57C6D,todonoticias,TN - Todo Noticias,25992212,0,1,3,0,3263.0,es,https://x.com/todonoticias/status/2008896611213054373,5719810,False,Argentina
1,todonoticias,rango,2008895364468772893,2026-01-07 13:35:53+00:00,"Investigadores japoneses determinaron que el verdadero riesgo al volante no es escuchar audios, sino hablar https://t.co/SQ4kftUkPs",todonoticias,TN - Todo Noticias,25992212,0,1,1,0,3183.0,es,https://x.com/todonoticias/status/2008895364468772893,5719810,False,Argentina
1,todonoticias,rango,2008894039085715959,2026-01-07 13:30:37+00:00,"Lo acusaron de ladrón, lo atropellaron y lo arrastraron más de tres cuadras: murió tras diez días de agonía https://t.co/tQ7xxqQDiq",todonoticias,TN - Todo Noticias,25992212,2,2,7,1,3377.0,es,https://x.com/todonoticias/status/2008894039085715959,5719810,False,Argentina
1,todonoticias,rango,2008892533334573429,2026-01-07 13:24:38+00:00,Brasil: un profesor fue asesinado a patadas por un hombre y la Justicia investiga un crimen homofóbico https://t.co/hpN2g9QDlj,todonoticias,TN - Todo Noticias,25992212,1,1,8,0,5678.0,es,https://x.com/todonoticias/status/2008892533334573429,5719810,False,Argentina
1,todonoticias,rango,2008890303617388927,2026-01-07 13:15:46+00:00,"Ocurrió en medio de un partido de fútbol amateur en Neuquén. Tras la difusión del video, el árbitro dio su versión de los hechos a través de las redes sociales de su pareja. https://t.co/XO3Q7IKN9e https://t.co/Hhtz4cs9lj",todonoticias,TN - Todo Noticias,25992212,8,4,38,0,16998.0,es,https://x.com/todonoticias/status/2008890303617388927,5719810,False,Argentina
1,todonoticias,rango,2008890257694245372,2026-01-07 13:15:35+00:00,"Infierno en el paraíso: alerta en Chubut por los incendios. Detectaron que los primeros focos fueron intencionales, hay operativos de urgencia y el clima no ayuda: en medio de la sequía, hay alerta naranja por altas temperaturas. https://t.co/IjbV9Wth7E",todonoticias,TN - Todo Noticias,25992212,5,10,22,2,9412.0,es,https://x.com/todonoticias/status/2008890257694245372,5719810,False,Argentina
1,todonoticias,rango,2008887124674621886,2026-01-07 13:03:08+00:00,"EE.UU. se prepara para interceptar un barco petrolero que salió de Venezuela y cambió de bandera en altamar: el ""Bella I"", al que también llaman ""Marinera"", izó la bandera rusa para evitar ser incautado. Rusia mandó buques de guerra para defenderlo https://t.co/u3XXHb4TFa",todonoticias,TN - Todo Noticias,25992212,162,1401,14462,175,1213581.0,es,https://x.com/todonoticias/status/2008887124674621886,5719810,False,Argentina
1,todonoticias,rango,2008884919494234282,2026-01-07 12:54:22+00:00,"Hara hachi bu, la técnica que utilizan en una de las zonas azules para mejorar la relación con la comida https://t.co/1DUpTFl2FF",todonoticias,TN - Todo Noticias,25992212,0,1,1,0,3196.0,es,https://x.com/todonoticias/status/2008884919494234282,5719810,False,Argentina
1,todonoticias,rango,2008882272397643881,2026-01-07 12:43:51+00:00,Del cuarteto a Nicole Neumann: las curiosas respuestas de Messi en un ping pong que le hicieron a los 13 años https://t.co/rKRGWbc7wG,todonoticias,TN - Todo Noticias,25992212,0,1,3,0,3233.0,es,https://x.com/todonoticias/status/2008882272397643881,5719810,False,Argentina
1,todonoticias,rango,2008880235408769474,2026-01-07 12:35:45+00:00,La operación fue anunciada por el Banco Central y permite cubrir el total de los compromisos previstos para el próximo viernes. https://t.co/I3fN0jpU3v,todonoticias,TN - Todo Noticias,25992212,2,1,14,1,3629.0,es,https://x.com/todonoticias/status/2008880235408769474,5719810,False,Argentina
1,todonoticias,rango,2008879633333170460,2026-01-07 12:33:22+00:00,Yungblud se unió a The Smashing Pumpkins para una versión más oscura de “Zombie” https://t.co/VQFEHz4zdT,todonoticias,TN - Todo Noticias,25992212,0,1,1,0,2826.0,es,https://x.com/todonoticias/status/2008879633333170460,5719810,False,Argentina
1,todonoticias,rango,2008877064397685150,2026-01-07 12:23:09+00:00,Se entregó el segundo sospechoso por el crimen del hombre que fue asesinado a golpes por una patota en Merlo https://t.co/FxZ575vReu,todonoticias,TN - Todo Noticias,25992212,0,1,2,0,2938.0,es,https://x.com/todonoticias/status/2008877064397685150,5719810,False,Argentina
1,todonoticias,rango,2008874515678318841,2026-01-07 12:13:02+00:00,"Las incógnitas que abre la captura de Maduro

Por Nelson Castro https://t.co/sQGXA0mM9l",todonoticias,TN - Todo Noticias,25992212,7,2,13,0,6512.0,es,https://x.com/todonoticias/status/2008874515678318841,5719810,False,Argentina
1,todonoticias,rango,2008873101598089217,2026-01-07 12:07:25+00:00,Buscan desesperadamente a una mujer alemana de 73 años que desapareció cuando paseaba a su perro en Vicente López https://t.co/0fSb3ZtigV,todonoticias,TN - Todo Noticias,25992212,0,4,4,0,3310.0,es,https://x.com/todonoticias/status/2008873101598089217,5719810,False,Argentina
1,todonoticias,rango,2008872560361111776,2026-01-07 12:05:16+00:00,"Encontraron restos humanos a metros de donde mataron a Camila Merlo, la joven descuartizada en Córdoba https://t.co/EManbLxf9t",todonoticias,TN - Todo Noticias,25992212,0,3,9,0,4723.0,es,https://x.com/todonoticias/status/2008872560361111776,5719810,False,Argentina
1,todonoticias,rango,2008869117571559798,2026-01-07 11:51:35+00:00,PODCAST | Autos inteligentes y electrificación: así es la movilidad de hoy https://t.co/SPM5DdkvRC,todonoticias,TN - Todo Noticias,25992212,0,1,1,0,3142.0,es,https://x.com/todonoticias/status/2008869117571559798,5719810,False,Argentina
1,todonoticias,rango,2008868982686630301,2026-01-07 11:51:03+00:00,Horror en Estados Unidos: discutieron por el lugar del estacionamiento en un supermercado y lo mató a tiros https://t.co/1KryxqwJiT,todonoticias,TN - Todo Noticias,25992212,0,2,2,1,3408.0,es,https://x.com/todonoticias/status/2008868982686630301,5719810,False,Argentina
1,todonoticias,rango,2008868877837427058,2026-01-07 11:50:38+00:00,"https://t.co/qokj7M9Us6 I Incendios imparables en Chubut: el fuego avanza con tres focos en Epuyén, Lago Puelo y El Hoyo. El gobernador Ignacio Torres confirmó que los incendios fueron intencionales. Hay más de 700 evacuados y declararon ""zona de emergencia"". https://t.co/74h7x2RGId",todonoticias,TN - Todo Noticias,25992212,12,24,33,9,12003.0,es,https://x.com/todonoticias/status/2008868877837427058,5719810,False,Argentina
1,todonoticias,rango,2008866859752251805,2026-01-07 11:42:36+00:00,Alerta en Chubut por los incendios: confirmaron que el fuego fue intencional y hay cientos de evacuados https://t.co/j8vfrdoLq6,todonoticias,TN - Todo Noticias,25992212,2,9,7,2,3384.0,es,https://x.com/todonoticias/status/2008866859752251805,5719810,False,Argentina
1,todonoticias,rango,2008864736155181137,2026-01-07 11:34:10+00:00,Argentina juega los cuartos de final de la United Cup ante Suiza https://t.co/i2eOJ70zUv,todonoticias,TN - Todo Noticias,25992212,0,2,5,0,3764.0,es,https://x.com/todonoticias/status/2008864736155181137,5719810,False,Argentina
1,todonoticias,rango,2008862012227379269,2026-01-07 11:23:21+00:00,"Revelan la causa de la muerte de Brigitte Bardot, la legendaria actriz francesa https://t.co/gosAnXkjlN",todonoticias,TN - Todo Noticias,25992212,0,2,10,0,7060.0,es,https://x.com/todonoticias/status/2008862012227379269,5719810,False,Argentina
1,todonoticias,rango,2008859919735206223,2026-01-07 11:15:02+00:00,Quién era el bombero que volvía de combatir los incendios en Chubut y murió en un impactante choque frontal https://t.co/Eq6flWQhiA,todonoticias,TN - Todo Noticias,25992212,3,2,4,0,3491.0,es,https://x.com/todonoticias/status/2008859919735206223,5719810,False,Argentina
1,todonoticias,rango,2008857925691797942,2026-01-07 11:07:06+00:00,Decisión tomada: un jugador rescindirá su contrato con Boca tras cuatro años y medio en el club https://t.co/GqcFv3jIWi,todonoticias,TN - Todo Noticias,25992212,0,1,2,0,3494.0,es,https://x.com/todonoticias/status/2008857925691797942,5719810,False,Argentina
1,todonoticias,rango,2008856725550702783,2026-01-07 11:02:20+00:00,Una adolescente de 15 años sufrió un disparo en la cabeza en Paraná y la Policía detuvo a dos menores https://t.co/YpEGSt1egB,todonoticias,TN - Todo Noticias,25992212,2,2,3,0,3870.0,es,https://x.com/todonoticias/status/2008856725550702783,5719810,False,Argentina
1,todonoticias,rango,2008855964225610115,2026-01-07 10:59:19+00:00,Silvina Scheffler detalló cuáles son los problemas de salud que le quedaron tras pasar varios días en terapia https://t.co/SzDOEF6vqL,todonoticias,TN - Todo Noticias,25992212,1,1,1,0,3583.0,es,https://x.com/todonoticias/status/2008855964225610115,5719810,False,Argentina
1,todonoticias,rango,2008853268328591734,2026-01-07 10:48:36+00:00,Una mujer fue detenida en Misiones acusada de dispararle a su novio durante una pelea: no lo hirió de milagro https://t.co/p6tDLASyPE,todonoticias,TN - Todo Noticias,25992212,0,1,2,0,3304.0,es,https://x.com/todonoticias/status/2008853268328591734,5719810,False,Argentina
1,todonoticias,rango,2008852799648395435,2026-01-07 10:46:44+00:00,AHORA I Una formación del Sarmiento atropelló a un hombre. Fue derivado al Hospital Santojanni con politraumatismos. Hay demoras y el tren no se detiene en Liniers. https://t.co/2JLP7R4gg0 https://t.co/QznpBLGkVR,todonoticias,TN - Todo Noticias,25992212,12,18,109,4,46123.0,es,https://x.com/todonoticias/status/2008852799648395435,5719810,False,Argentina
1,todonoticias,rango,2008852076508401832,2026-01-07 10:43:52+00:00,Impactante video: el momento en que un árbitro le pegó una trompada a un hincha por festejarle un gol en la cara https://t.co/NocCUQwu0Z,todonoticias,TN - Todo Noticias,25992212,0,1,1,0,3318.0,es,https://x.com/todonoticias/status/2008852076508401832,5719810,False,Argentina
1,todonoticias,rango,2008871404817768874,2026-01-07 12:00:40+00:00,Preocupación por un “mataperros” en La Matanza: apareció un pitbull decapitado en un predio donde juegan nenes https://t.co/XY9WXI7ldo,todonoticias,TN - Todo Noticias,25992212,2,3,1,0,2615.0,es,https://x.com/todonoticias/status/2008871404817768874,5719810,False,Argentina
1,todonoticias,rango,2008851641735303487,2026-01-07 10:42:08+00:00,"Incendios imparables en Chubut: el fuego avanza con tres focos en Epuyén, Lago Puelo y El Hoyo. El Gobernador de Chubut confirmó que los incendios fueron intencionales. Hay más de 700 evacuados y declararon ""zona de emergencia"". https://t.co/2JLP7R4gg0 https://t.co/YeZss8Dhsx",todonoticias,TN - Todo Noticias,25992212,20,75,186,6,15563.0,es,https://x.com/todonoticias/status/2008851641735303487,5719810,False,Argentina
1,todonoticias,rango,2008849176050729268,2026-01-07 10:32:20+00:00,Wanda Nara reveló sin querer que tiene una cuenta trucha y vivió un momento incómodo frente a Yanina Latorre https://t.co/Wgm3v8S6b3,todonoticias,TN - Todo Noticias,25992212,0,1,3,0,4497.0,es,https://x.com/todonoticias/status/2008849176050729268,5719810,False,Argentina
1,todonoticias,rango,2008846612454314273,2026-01-07 10:22:09+00:00,En Córdoba impulsan la implementación de un seguro multirriesgo https://t.co/6YNW00GYRi,todonoticias,TN - Todo Noticias,25992212,0,1,3,0,3405.0,es,https://x.com/todonoticias/status/2008846612454314273,5719810,False,Argentina
1,todonoticias,rango,2008844198188093699,2026-01-07 10:12:34+00:00,"Wanda Nara reveló sin querer que tiene una cuenta trucha y vivió un momento incómodo frente a Yanina Latorre

https://t.co/9SFOeyDdT0",todonoticias,TN - Todo Noticias,25992212,2,1,1,0,3887.0,es,https://x.com/todonoticias/status/2008844198188093699,5719810,False,Argentina
1,todonoticias,rango,2008844058953933282,2026-01-07 10:12:00+00:00,"El elogio del número uno del ajedrez a Faustino Oro: “Un día Messi tendrá la suerte de ser comparado con vos”

https://t.co/2aIlTHa7sg",todonoticias,TN - Todo Noticias,25992212,0,1,13,0,3945.0,es,https://x.com/todonoticias/status/2008844058953933282,5719810,False,Argentina
1,todonoticias,rango,2008841428177207382,2026-01-07 10:01:33+00:00,@todonoticias 👉 https://t.co/owx2fFg5zy,todonoticias,TN - Todo Noticias,25992212,0,1,2,0,3746.0,qme,https://x.com/todonoticias/status/2008841428177207382,5719810,False,Argentina
1,todonoticias,rango,2008841422162498038,2026-01-07 10:01:32+00:00,"El Presidente defendió su estrategia internacional después del operativo para capturar a Nicolás Maduro, respaldó la ofensiva estadounidense y diferenció con claridad la política exterior de los vínculos económicos. https://t.co/XaKgfMiIZ4",todonoticias,TN - Todo Noticias,25992212,2,1,9,0,4365.0,es,https://x.com/todonoticias/status/2008841422162498038,5719810,False,Argentina
1,todonoticias,rango,2008839234380337161,2026-01-07 09:52:50+00:00,"Euro hoy y euro blue: a cuánto cotizan este miércoles 7 de enero

https://t.co/KYjO4ai2kj",todonoticias,TN - Todo Noticias,25992212,0,2,3,0,3013.0,es,https://x.com/todonoticias/status/2008839234380337161,5719810,False,Argentina
1,todonoticias,rango,2008834904126337210,2026-01-07 09:35:38+00:00,"Roberto Moldavsky vuelve renovado a calle Corrientes: humor político, anécdotas familiares y un estilo único

Por Yanet Ingravallo

https://t.co/B1SXR72zhu",todonoticias,TN - Todo Noticias,25992212,4,1,5,0,4002.0,es,https://x.com/todonoticias/status/2008834904126337210,5719810,False,Argentina
1,todonoticias,rango,2008834777709986235,2026-01-07 09:35:08+00:00,"Los libertarios ponen en movimiento en el Congreso su estrategia para sancionar la Reforma Laboral

Por Fernando Fraquelli

https://t.co/jPF8xSn0YO",todonoticias,TN - Todo Noticias,25992212,1,2,6,0,3076.0,es,https://x.com/todonoticias/status/2008834777709986235,5719810,False,Argentina
1,todonoticias,rango,2008834654473007110,2026-01-07 09:34:38+00:00,"Las tasas en pesos no logran estabilizarse y complican la reactivación de la economía en el inicio de 2026

Por Melina Manfredi

https://t.co/I0ufRM5ghG",todonoticias,TN - Todo Noticias,25992212,1,1,3,0,2878.0,es,https://x.com/todonoticias/status/2008834654473007110,5719810,False,Argentina
1,todonoticias,rango,2008834525166772264,2026-01-07 09:34:07+00:00,"Inflación, pobreza, PBI: las claves de la economía venezolana en medio de la tensión por el operativo de EEUU

Por Mariana Prado

https://t.co/BaHTbdoACq",todonoticias,TN - Todo Noticias,25992212,0,1,4,0,2952.0,es,https://x.com/todonoticias/status/2008834525166772264,5719810,False,Argentina
1,todonoticias,rango,2008834093522538757,2026-01-07 09:32:24+00:00,"Venezuela se prepara para una caída catastrófica de la producción de petróleo y temen una crisis humanitaria

Por The New York Times

https://t.co/w40KP8wcaU",todonoticias,TN - Todo Noticias,25992212,4,9,9,2,4327.0,es,https://x.com/todonoticias/status/2008834093522538757,5719810,False,Argentina
1,todonoticias,rango,2008833977919160514,2026-01-07 09:31:57+00:00,"El Gobierno insiste en cubrir las vacantes en la Corte Suprema y planea retomar las negociaciones en marzo

Por Josefina Godoy Martínez

https://t.co/KDosjmeW9V",todonoticias,TN - Todo Noticias,25992212,1,1,1,0,2686.0,es,https://x.com/todonoticias/status/2008833977919160514,5719810,False,Argentina
1,todonoticias,rango,2008833862852591631,2026-01-07 09:31:29+00:00,"La historia de Timothée Chalamet, el actor más relevante del momento y también el mejor vestido

Por Cecilia Absatz

https://t.co/tw5EgGWFuO",todonoticias,TN - Todo Noticias,25992212,0,2,3,0,2794.0,es,https://x.com/todonoticias/status/2008833862852591631,5719810,False,Argentina
1,todonoticias,rango,2008833375063376267,2026-01-07 09:29:33+00:00,"Un importante DT sorprendió y dejó afuera a la Selección argentina de los favoritos al Mundial 2026

https://t.co/bTRW4Vrtrm",todonoticias,TN - Todo Noticias,25992212,1,2,2,0,2760.0,es,https://x.com/todonoticias/status/2008833375063376267,5719810,False,Argentina
1,todonoticias,rango,2008832408947229000,2026-01-07 09:25:43+00:00,Un adolescente asesinó a puñaladas a su hermana gemela y dijo que lo hizo mientras estaba sonámbulo https://t.co/8ZY0sJIill,todonoticias,TN - Todo Noticias,25992212,1,1,2,0,2485.0,es,https://x.com/todonoticias/status/2008832408947229000,5719810,False,Argentina
1,todonoticias,rango,2008832200935092245,2026-01-07 09:24:53+00:00,"Se metió a nadar y no volvió a salir: dramática búsqueda de un adolescente de 16 años en el río Paraná
https://t.co/G8JAqXdQu6",todonoticias,TN - Todo Noticias,25992212,0,3,10,0,4436.0,es,https://x.com/todonoticias/status/2008832200935092245,5719810,False,Argentina
1,todonoticias,rango,2008832082718703887,2026-01-07 09:24:25+00:00,"Cientos de miles de fieles llegarán a Corrientes para venerar al Gauchito Gil: se estrena un santuario gigante

Por Julio Bazán

https://t.co/aTGw4EFMyR",todonoticias,TN - Todo Noticias,25992212,0,3,7,1,2625.0,es,https://x.com/todonoticias/status/2008832082718703887,5719810,False,Argentina
1,todonoticias,rango,2008831868171653328,2026-01-07 09:23:34+00:00,"Centurión rompió el silencio sobre su relación con Riquelme y contó que casi vuelve a Boca

https://t.co/0ZYc3sw9hF",todonoticias,TN - Todo Noticias,25992212,0,1,2,0,2299.0,es,https://x.com/todonoticias/status/2008831868171653328,5719810,False,Argentina
2,todonoticias,rango,2010138566660092205,2026-01-10 23:55:55+00:00,@todonoticias 80 dólares,gdmaldo,Gustavo Maldonado,38189030,0,0,0,0,352.0,pt,https://x.com/gdmaldo/status/2010138566660092205,178,False,Buenos Aires/Salta - Argentina
2,todonoticias,rango,2010138367523176825,2026-01-10 23:55:08+00:00,"@todonoticias Si saben que es caro,para que van.Sera para aparentar ?",granfrances49,Francisco Daniel Diaz,1685786656157147136,0,0,3,0,635.0,es,https://x.com/granfrances49/status/2010138367523176825,16,False,
2,todonoticias,rango,2010138158579466604,2026-01-10 23:54:18+00:00,"@todonoticias Chubut sin Comité de Emergencia, nunca visto es un kilombo",estausadopero,❤️Chubut,1554350715539275776,0,1,3,0,70.0,es,https://x.com/estausadopero/status/2010138158579466604,601,False,"Trelew, Argentina"
2,todonoticias,rango,2010138126027554894,2026-01-10 23:54:10+00:00,@todonoticias No sé qué buscan con estas notas de mierda. Es una ganga lo que pago por comer bien. Y si no te gusta buscas otro lugar,ramarjp,Ramiro,801566417208430600,0,0,0,0,189.0,es,https://x.com/ramarjp/status/2010138126027554894,22,False,
2,todonoticias,rango,2010137680420782588,2026-01-10 23:52:24+00:00,@todonoticias y ya gasto $$ lo necesario,officialjoselu,Jose Luis,46263134,0,0,0,0,134.0,es,https://x.com/officialjoselu/status/2010137680420782588,831,False,Cordoba
2,todonoticias,rango,2010137511188677035,2026-01-10 23:51:43+00:00,@todonoticias Es lo que votaron.,BraianlVillagra,Braian Villagra 🇦🇷,123327130,0,0,2,0,286.0,es,https://x.com/BraianlVillagra/status/2010137511188677035,2520,False,Argentina
2,todonoticias,rango,2010137377805918212,2026-01-10 23:51:12+00:00,@todonoticias O sea se ajusticio a delincuentes bien ahi 🤷‍♂️,elocoxlabici,Loco x la bici Recargado,742857252579741696,0,0,0,0,3458.0,es,https://x.com/elocoxlabici/status/2010137377805918212,285,False,Lanus Este  Argentina
2,todonoticias,rango,2010137058006769765,2026-01-10 23:49:55+00:00,"@todonoticias El gobernador @NachoTorresCH  por el partido @LLibertadAvanza  en las elecciones arrasó
Lamentablemente esa gente vá a disfrutar lo votado",Brocoli_Kirchoo,Brocoli Kircho,1240066436359507969,0,0,6,0,233.0,es,https://x.com/Brocoli_Kirchoo/status/2010137058006769765,712,False,
2,todonoticias,rango,2010136920156709240,2026-01-10 23:49:22+00:00,"@todonoticias Un tal Carli Bianco sigue manejando? No es doble vara, noooooo",rao_ar,Roberto,17413679,0,0,0,0,5.0,es,https://x.com/rao_ar/status/2010136920156709240,866,False,Buenos Aires
2,todonoticias,rango,2010136732164075823,2026-01-10 23:48:38+00:00,"@todonoticias Son los judíos, es obvio que nos quieren matar a todos los argentinos no judíos. Van a por nosotros",fauztino294,Lucas,1947035280445227008,0,0,0,0,26.0,es,https://x.com/fauztino294/status/2010136732164075823,133,False,"Recoleta,Argentina"
2,todonoticias,rango,2010136660806148163,2026-01-10 23:48:21+00:00,@todonoticias Si el fuera albañil no lo mira,micaela_ra63037,Erguida Con Puño,1717000684338343936,0,0,0,0,19.0,es,https://x.com/micaela_ra63037/status/2010136660806148163,42,False,
2,todonoticias,rango,2010136612894806115,2026-01-10 23:48:09+00:00,@todonoticias 💔Q.E.P.D.🕊,solmorenabaires,Solmorenabaires 🇦🇷,286978340,0,0,0,0,1512.0,pt,https://x.com/solmorenabaires/status/2010136612894806115,904,False,Ciudad Autónoma de Buenos Aire
2,todonoticias,rango,2010136610319544662,2026-01-10 23:48:09+00:00,@todonoticias Hdp pedofilos algún la justicia llegará a uds también,robertruiz_mc,robert ricardo ruiz,143786576,0,0,0,0,111.0,es,https://x.com/robertruiz_mc/status/2010136610319544662,40,False,"Neuquén, Argentina"
2,todonoticias,rango,2010136416433693166,2026-01-10 23:47:22+00:00,@todonoticias Cuando van a entender que es escort?,MinistroMassa,Massa Liberal,1446955954633723911,0,0,1,0,89.0,es,https://x.com/MinistroMassa/status/2010136416433693166,244,False,"Washington, DC"
2,todonoticias,rango,2010136189341229368,2026-01-10 23:46:28+00:00,@todonoticias Tutara al abuelo George Washington https://t.co/EWyTRnLWVf,simbolodavid,david daniel,412443133,0,0,0,0,36.0,es,https://x.com/simbolodavid/status/2010136189341229368,22,False,"San Isidro, Argentina"
2,todonoticias,rango,2010136003978158408,2026-01-10 23:45:44+00:00,@todonoticias La no nota,FerLMaria,MF✨️,1358142026,0,0,0,0,259.0,es,https://x.com/FerLMaria/status/2010136003978158408,123,False,
2,todonoticias,rango,2010135451156300227,2026-01-10 23:43:32+00:00,@todonoticias Falto esta JAJAJAJ https://t.co/sNfQAvrm62,NithaelPenna,Nithael Peña,1740528741485338624,0,0,0,0,3.0,es,https://x.com/NithaelPenna/status/2010135451156300227,3,False,
2,todonoticias,rango,2010135264476151967,2026-01-10 23:42:48+00:00,@todonoticias Por Dios!!!!! 🙏😞,S_Doffigny,Sandra_M ⚖️💛,1010998068219703297,0,0,0,0,52.0,es,https://x.com/S_Doffigny/status/2010135264476151967,17627,False,
2,todonoticias,rango,2010134913677181184,2026-01-10 23:41:24+00:00,@todonoticias Una bicoca.,Danny_sh0878,Sheridan,2620136778,0,0,0,0,417.0,es,https://x.com/Danny_sh0878/status/2010134913677181184,876,False,Ciudad Autónoma de Buenos Aire
2,todonoticias,rango,2010134664514523329,2026-01-10 23:40:25+00:00,@todonoticias Los f16 no sirvieron para apagar los incendios ni para proteger que no hagan incendios,PInformada38182,profesión no informada,1892005975193702401,0,0,1,0,84.0,es,https://x.com/PInformada38182/status/2010134664514523329,19,False,
2,todonoticias,rango,2010134348050379226,2026-01-10 23:39:09+00:00,@todonoticias Que horror!!!!,pintobien,mariana beckmann,135953341,0,0,3,0,278.0,es,https://x.com/pintobien/status/2010134348050379226,1817,False,"Pilar, Argentina"
2,todonoticias,rango,2010134280266269102,2026-01-10 23:38:53+00:00,@todonoticias Bien jodidos.,ELEMPER40078140,ELEMPERADOR,1757397322504269824,1,0,0,0,38.0,es,https://x.com/ELEMPER40078140/status/2010134280266269102,16,False,27.9880614 86.92521
2,todonoticias,rango,2010133822269001971,2026-01-10 23:37:04+00:00,@todonoticias Se lo tenemos que regalar a EEUU sino nos van a cagar a bombazos,feyrei77,fede reichen,3254782000,0,0,0,0,5.0,es,https://x.com/feyrei77/status/2010133822269001971,117,False,
2,todonoticias,rango,2010132582709768390,2026-01-10 23:32:08+00:00,@todonoticias Por eso no voy 😹,Ricardichu,RICARDA🍒🌶️🧸,1862993824844599296,2,1,7,0,242.0,es,https://x.com/Ricardichu/status/2010132582709768390,1496,False,Venus 
2,todonoticias,rango,2010131744658489435,2026-01-10 23:28:49+00:00,@todonoticias @Rosana038822909 😢,macristasunidos,@MacristasUnidos,1846432466262994944,0,0,3,0,240.0,qme,https://x.com/macristasunidos/status/2010131744658489435,5454,False,
2,todonoticias,rango,2010131229908033962,2026-01-10 23:26:46+00:00,@todonoticias Qué Nachito devuelva la plata destinada a los incendios😡,betrizmociar,Su-Benn ⭐⭐⭐,1038620202,0,0,5,0,396.0,es,https://x.com/betrizmociar/status/2010131229908033962,1623,False,"Rosario, Argentina"
2,todonoticias,rango,2010131196748149000,2026-01-10 23:26:38+00:00,@todonoticias 🙏🙏🙏🙏 espero que pronto se recupere 🙏❤️😇,ParrottaSa81402,SAVINA PARROTTA,1655719752206106625,0,0,0,0,10.0,es,https://x.com/ParrottaSa81402/status/2010131196748149000,20,False,
2,todonoticias,rango,2010131035787604086,2026-01-10 23:26:00+00:00,"@todonoticias Un revaliente este hombre,no eran que estaban preparados para defender con su vida a Venezuela.",generalpepino,José Carmelo,1921632607873216512,0,0,0,0,10.0,es,https://x.com/generalpepino/status/2010131035787604086,10,False,
2,todonoticias,rango,2010130403512987857,2026-01-10 23:23:29+00:00,@todonoticias Pero donde se quedaba si no había ni casas ni departamento en esa época cuando era chiquita 1780,dantetee00,antioxidante,1626360767330021379,0,0,0,0,49.0,es,https://x.com/dantetee00/status/2010130403512987857,2,False,lcdtm
2,todonoticias,rango,2010129873184964734,2026-01-10 23:21:22+00:00,@todonoticias Está muy bien el precio. Me gusta más La Cabrera que Don Julio.,InesT21896,Inu_,1768738504601686016,0,0,0,0,323.0,es,https://x.com/InesT21896/status/2010129873184964734,16,False,
2,todonoticias,rango,2010129715638481020,2026-01-10 23:20:45+00:00,@todonoticias Tu papá George Washington amenaza o verdad pensar lo que decís https://t.co/B51I0YCB68,simbolodavid,david daniel,412443133,0,0,0,0,,es,https://x.com/simbolodavid/status/2010129715638481020,22,False,"San Isidro, Argentina"
2,todonoticias,rango,2010129558117462419,2026-01-10 23:20:07+00:00,@todonoticias ciro y luli bass en 2027:,cabo_tuitero,TAPIA ME DIVIDIO LA COMPUTADORA EN DOS ZONAS DE 15,1779955374088466432,0,0,0,0,89.0,es,https://x.com/cabo_tuitero/status/2010129558117462419,25,False,
2,todonoticias,rango,2010129311064264911,2026-01-10 23:19:08+00:00,@todonoticias Y los helicópteros de Nacion?,AlmaDeMillo,𝗡. 𝐏𝐨𝐧𝐤 🤍❤️🤍,1084358814,1,0,8,0,606.0,es,https://x.com/AlmaDeMillo/status/2010129311064264911,2001,False,"Tigre, Argentina"
2,todonoticias,rango,2010128796729655491,2026-01-10 23:17:06+00:00,@todonoticias Qué tristeza hermano.,Pablomaidana_96,¿Esto es Boca?,816336853326581760,0,0,4,0,428.0,es,https://x.com/Pablomaidana_96/status/2010128796729655491,316,False,"Moreno, Argentina"
2,todonoticias,rango,2010128297792033200,2026-01-10 23:15:07+00:00,"@todonoticias El precio está perfecto, el ojo de bife pesa 600 gr, es el xl con eso comen 3",Pankeallende,FJA,180408166,0,0,0,0,485.0,es,https://x.com/Pankeallende/status/2010128297792033200,465,False,Argentina
2,todonoticias,rango,2010128203210199425,2026-01-10 23:14:44+00:00,"@todonoticias Culpa de Milei, Alberto, Cristina, Macri y todos los gobiernos.

Cómo siempre, la Patagonia se salvará por el pueblo.",thiagob159,Thiago 🇦🇷,1425443192451776513,0,0,14,0,579.0,es,https://x.com/thiagob159/status/2010128203210199425,109,False,Cupido en Formentera 
2,todonoticias,rango,2010127902545768727,2026-01-10 23:13:32+00:00,@todonoticias Pásale fósforo y nafta a ver si se prende fuego.,yizuscrack,Etiqueta Negra,40775927,0,0,0,0,4.0,es,https://x.com/yizuscrack/status/2010127902545768727,489,False,Lugano
2,todonoticias,rango,2010126410656997821,2026-01-10 23:07:37+00:00,@todonoticias Par tener 25 esta detonada 🤔,PureLunas,Pure con papas con medias lunas,957819165984935937,0,0,0,0,9.0,es,https://x.com/PureLunas/status/2010126410656997821,35,False,
2,todonoticias,rango,2010126279211733026,2026-01-10 23:07:05+00:00,@todonoticias https://t.co/KgBSqJoxxT,MrDomyn,Alex Rose,2496137433,2,0,250,0,10930.0,qme,https://x.com/MrDomyn/status/2010126279211733026,278,False,Wolhynien
2,todonoticias,rango,2010126144625131731,2026-01-10 23:06:33+00:00,@todonoticias El mercado se regula solo,lucasdaneri,luqita,243420606,0,0,2,0,436.0,es,https://x.com/lucasdaneri/status/2010126144625131731,858,False,
2,todonoticias,rango,2010126138396594413,2026-01-10 23:06:32+00:00,@todonoticias Nunca se olviden de esto TNK https://t.co/ZNfdow4EU5,robertoramone77,RobertoRamone,1563940049971994625,2,1,2,0,260.0,es,https://x.com/robertoramone77/status/2010126138396594413,737,False,ciudad de grand bourg
2,todonoticias,rango,2010125062217838724,2026-01-10 23:02:15+00:00,@todonoticias Te banco con sacar a bailar a la chica y si no te daba bolilla ivas con la amiga antes era de esa manera ahora es todo mas frío y se perdió todo lo lindo de sacar a bailar a la chica ahora es todo por watssap o por intagram,caf6903,carlos figueroa,461982066,0,0,0,0,3.0,es,https://x.com/caf6903/status/2010125062217838724,11,False,
2,todonoticias,rango,2010124937366049104,2026-01-10 23:01:46+00:00,"@todonoticias @IbertisSandra Es un Escort Vip, llamemos a mujeres como ella por su nombre",NikiNikitaLiana,NiKi 🇦🇷,153886014,7,0,59,0,1156.0,es,https://x.com/NikiNikitaLiana/status/2010124937366049104,38349,False,
2,todonoticias,rango,2010124881615258056,2026-01-10 23:01:32+00:00,@todonoticias https://t.co/2zIKfSbP5V,OA_Reload,Oscar A,2789093783,0,0,0,0,63.0,qme,https://x.com/OA_Reload/status/2010124881615258056,202,False,
2,todonoticias,rango,2010124766028468630,2026-01-10 23:01:05+00:00,"@todonoticias Quién es tu nuevo amor, tu nueva ocupación, tu misterioso alien 🎶🎵🎶🎵",lau_abrazo,Lᴀᴜ 🦁🇦🇷,1517826265,1,0,2,0,35.0,es,https://x.com/lau_abrazo/status/2010124766028468630,2464,False,Argentina
2,todonoticias,rango,2010124567038108045,2026-01-10 23:00:17+00:00,@todonoticias @ADRIANAAZZIAS El pajarito 🤣🤣🤣🤣 había olvidado eso 🤣🤣🤣,a_spireli,Naldo,146954651,0,0,0,0,2.0,es,https://x.com/a_spireli/status/2010124567038108045,44987,False,
2,todonoticias,rango,2010123952060797201,2026-01-10 22:57:51+00:00,@todonoticias https://t.co/4xsBtdhpzu,Argentoderecho,Argento,1995945038732558336,0,0,0,0,65.0,qme,https://x.com/Argentoderecho/status/2010123952060797201,0,False,
2,todonoticias,rango,2010122318077714544,2026-01-10 22:51:21+00:00,@todonoticias Colegiales,amarantuch,amaranto,1605197145425993728,0,0,0,0,10.0,es,https://x.com/amarantuch/status/2010122318077714544,104,False,
2,todonoticias,rango,2010122016028778954,2026-01-10 22:50:09+00:00,@todonoticias NO SON NOVIOS!,STEFAN22239932,STEFAN,1138961579297427456,0,0,0,0,95.0,es,https://x.com/STEFAN22239932/status/2010122016028778954,200,False,
2,todonoticias,rango,2010121754916860393,2026-01-10 22:49:07+00:00,@todonoticias Y ????,marcelaliz4,marli,3130865451,0,0,0,0,23.0,und,https://x.com/marcelaliz4/status/2010121754916860393,653,False,
2,todonoticias,rango,2010120919725879493,2026-01-10 22:45:48+00:00,@todonoticias 🤣🤣🤣🤣🤣🤣🤣🤣🤣🤣🤣,KRRLLiberal,KrrownLLR,1776035520390270976,0,0,0,0,1.0,qme,https://x.com/KRRLLiberal/status/2010120919725879493,342,False,Imperio Austral Liberal
2,todonoticias,rango,2010120819419017512,2026-01-10 22:45:24+00:00,@todonoticias Así nada más? Todos eran bebés de pecho?,OA_Reload,Oscar A,2789093783,5,0,0,0,15546.0,es,https://x.com/OA_Reload/status/2010120819419017512,202,False,
2,todonoticias,rango,2010119668380664263,2026-01-10 22:40:49+00:00,@todonoticias Encima a este engendro le facturan con la nuestra..,Sandra678_HLVS,Sandy 🇦🇷,208695602,0,0,0,0,3.0,es,https://x.com/Sandra678_HLVS/status/2010119668380664263,222,False,Hurlingham
2,todonoticias,rango,2010119015079846325,2026-01-10 22:38:14+00:00,@todonoticias https://t.co/bKBBVulYQh,HernanGuinazu,Hernán Guiñazú,1106005697412677634,0,0,1,0,86.0,qme,https://x.com/HernanGuinazu/status/2010119015079846325,23,False,
2,todonoticias,rango,2010118968862728454,2026-01-10 22:38:03+00:00,@todonoticias Cumplieron cuando les dijeron ganen o hay balas para todos.,manetti_daniel,Daniel Manetti,1461742160122982401,0,0,10,0,11488.0,es,https://x.com/manetti_daniel/status/2010118968862728454,26,False,Republica de Córdoba
2,todonoticias,rango,2010118929591513205,2026-01-10 22:37:53+00:00,@todonoticias Ella está intentando imitar a Francella?,MarcoGianoli,Marco,185508136,0,0,0,0,9.0,es,https://x.com/MarcoGianoli/status/2010118929591513205,1592,False,Ciudad Autónoma de Buenos Aire
2,todonoticias,rango,2010118054189937105,2026-01-10 22:34:24+00:00,@todonoticias 25 de aportes tiene,techdeck229,felixs,1735375329605136386,0,0,0,0,17.0,es,https://x.com/techdeck229/status/2010118054189937105,35,False,
2,todonoticias,rango,2010117139726840083,2026-01-10 22:30:46+00:00,@todonoticias Se te para la pija al menos viejo choto...,jehuazrael17,Jehu Azrael,1641305934679900161,0,0,0,0,12.0,es,https://x.com/jehuazrael17/status/2010117139726840083,6,False,
2,todonoticias,rango,2010116042006385118,2026-01-10 22:26:25+00:00,"@todonoticias en 10 años ella va a tener 35 y el 78 si llega,ahora yendo a lo practico a el le va a salir mas barato que andar pagando gatos toda la semana ,que disfrute sus ultimos cartuchos  dure lo que dure y el resto que se cague",ricardoberdague,Ricardo a secas 💙,394281004,0,0,0,0,77.0,es,https://x.com/ricardoberdague/status/2010116042006385118,2372,False,
2,todonoticias,rango,2010115875848761780,2026-01-10 22:25:45+00:00,"@todonoticias Es el cliente, no el novio",micaela_ra63037,Erguida Con Puño,1717000684338343936,0,0,3,0,200.0,es,https://x.com/micaela_ra63037/status/2010115875848761780,42,False,
2,todonoticias,rango,2010115558654820467,2026-01-10 22:24:29+00:00,"@todonoticias, QUÉ ESTÁ HACIENDO EL GOBIERNO PARA TERMINAR CON LOS INCENDIOS??????
LLAMEN Y HABLEN CON "" LAS AUTORIDADES"" YAAAAAAAAAA!!!!!!!!",BeatrizF15_,Beatriz,1640731167207858177,0,0,0,0,1.0,es,https://x.com/BeatrizF15_/status/2010115558654820467,898,False,
2,todonoticias,rango,2010115554745466892,2026-01-10 22:24:29+00:00,@todonoticias TONTO Y RETONTO,LuzGarcia__,Luz Garcia,970828552269680640,0,0,0,0,46.0,es,https://x.com/LuzGarcia__/status/2010115554745466892,1178,False,
2,todonoticias,rango,2010115434813764035,2026-01-10 22:24:00+00:00,@todonoticias 🤡🤡🤡🤡🤡🤡🤡🤡🤡🤡,Adrianogomezt,Adrian Gomez,1279416252067241989,0,0,0,0,3.0,qme,https://x.com/Adrianogomezt/status/2010115434813764035,341,False,"Puebla, México"
2,todonoticias,rango,2010114611367067991,2026-01-10 22:20:44+00:00,@todonoticias Quienes son???,09Damocles,Damocles#09,1284488260375523328,0,0,0,0,76.0,es,https://x.com/09Damocles/status/2010114611367067991,548,False,
2,todonoticias,rango,2010114320911282261,2026-01-10 22:19:34+00:00,@todonoticias Kukarda,AnaGadea725975,San Pio,1840962338024792065,0,0,0,0,25.0,et,https://x.com/AnaGadea725975/status/2010114320911282261,28,False,
2,todonoticias,rango,2010113596714553724,2026-01-10 22:16:42+00:00,"@todonoticias Vivan dice la gorda, en cualquier momento se le revienta una arteria",DobleveBeeme,Beeme Dobleve,1995330801270202368,0,0,0,0,58.0,es,https://x.com/DobleveBeeme/status/2010113596714553724,0,False,
2,todonoticias,rango,2010112299995120061,2026-01-10 22:11:33+00:00,@todonoticias Dejen que se besen en paz,claudiopalmas,Claudio Palmas,270446606,1,0,0,0,235.0,es,https://x.com/claudiopalmas/status/2010112299995120061,4625,False,Cordoba
2,todonoticias,rango,2010111997007057020,2026-01-10 22:10:20+00:00,@todonoticias @nelsonalcastro,cirilli_marcelo,Chelo Bostero 💛🐱💪🟦🟨🟦🇦🇷,916791848496136192,0,0,0,0,1.0,qam,https://x.com/cirilli_marcelo/status/2010111997007057020,2759,False,"Avellaneda, Argentina"
2,todonoticias,rango,2010052945451286730,2026-01-10 18:15:41+00:00,"🚨🇮🇷 ÚLTIMA HORA: Miles de valientes iraníes están tomando nuevamente las calles esta noche en un gran levantamiento contra el régimen islámico.

Los medios de comunicación están ignorando esto completamente.

Hazlo viral. Compártelo en todas partes.
https://t.co/4rMhkBMmK9",isaacrrr7,Isaac,1283672799777886208,49,2789,4790,29,44689.0,es,https://x.com/isaacrrr7/status/2010052945451286730,91917,False,Israel
2,todonoticias,rango,2010111116526186546,2026-01-10 22:06:50+00:00,"@todonoticias Para las mujeres que se quejan de los princesos, acá tienen un hombre de verdad, se casó y todo... Voy a hacer lo mismo cuando llegue a esa edad... No sé si una de 25, quizás una más de 30 seguro...",Cris_G_Shadow,Cris_G_Shadow,1887986119113162752,0,0,1,0,48.0,es,https://x.com/Cris_G_Shadow/status/2010111116526186546,15,False,
2,todonoticias,rango,2010110977275007135,2026-01-10 22:06:17+00:00,@todonoticias Y?,DobleveBeeme,Beeme Dobleve,1995330801270202368,0,0,0,0,495.0,und,https://x.com/DobleveBeeme/status/2010110977275007135,0,False,
2,todonoticias,rango,2010110345973841935,2026-01-10 22:03:47+00:00,@todonoticias cuidado con el mensaje...hay mapuches y los q se hacen pasar por mapuche...ojo hay mucho comentario politico....a veces se quiere mezclar,julysaad,Julysaad,153145877,0,0,0,0,3.0,es,https://x.com/julysaad/status/2010110345973841935,3,False,Argentina
2,todonoticias,rango,2010110085234880711,2026-01-10 22:02:45+00:00,@todonoticias Qeod 🙏,dorothyelvira,dorothy elvira rojo,1360449368,0,0,0,0,46.0,et,https://x.com/dorothyelvira/status/2010110085234880711,244,False,
2,todonoticias,rango,2010109859346428203,2026-01-10 22:01:51+00:00,@todonoticias También le sacaron la licencia   ? Y multas,Escorpi27050986,Comento sin leer,1217504583947296769,0,0,0,0,22.0,es,https://x.com/Escorpi27050986/status/2010109859346428203,17,False,
2,todonoticias,rango,2010109846360850737,2026-01-10 22:01:48+00:00,@todonoticias @radiomitre,doctorblanco,Ale Blanco,964635840,0,0,0,0,2.0,qam,https://x.com/doctorblanco/status/2010109846360850737,145,False,
2,todonoticias,rango,2010064100164882904,2026-01-10 19:00:01+00:00,"🚨 ESTALLA EL ESCÁNDALO MAS GRANDE HASTA LA FECHA EN EL SENADO BONAERENSE DE KICILLOF Y MAGARIO

💥 Detuvieron a DOS EMPLEADOS por ABUSO, a los empleados les sacaban PARTE DEL SUELDO PARA MANTENER MOVILIZACIONES y meter EMPLEADOS PÚBLICOS
¿Kicillof y Magario? DURMIENDO LA SIESTA https://t.co/kuNt470F0W",agarra_pala,Agarra la Pala,1274441565256265737,61,1975,6291,28,172784.0,es,https://x.com/agarra_pala/status/2010064100164882904,277352,False,
2,todonoticias,rango,2010109427190464649,2026-01-10 22:00:08+00:00,@todonoticias Y me parece poco,Dr_Robert_1966,Dr. Robert,1029012889582153728,0,0,0,0,2.0,es,https://x.com/Dr_Robert_1966/status/2010109427190464649,276,False,
2,todonoticias,rango,2010108548911665190,2026-01-10 21:56:38+00:00,"@todonoticias Por favor si pueden viralizar el estado calamitoso de la basura en Mar del Plata 
Es una vergüenza algunas zonas Sarmiento/Falucho/Alsina/ Gascón no levantan la basura por favor mencionar a ver si las autoridades hacen algo https://t.co/42kV9td9cS",oscarsotoar,O S,596976445,0,0,0,0,27.0,es,https://x.com/oscarsotoar/status/2010108548911665190,61,False,BS AS
2,todonoticias,rango,2010108425263350218,2026-01-10 21:56:09+00:00,@todonoticias @Ambitocom @radiomitre,doctorblanco,Ale Blanco,964635840,0,0,0,0,3.0,qam,https://x.com/doctorblanco/status/2010108425263350218,145,False,
2,todonoticias,rango,2010008414316056608,2026-01-10 15:18:44+00:00,"Esta publicación muestra lo FASCISTA que es Kicillof @Kicillofok

Está usando al ESTADO, al Ministerio de Transporte que es parte de él, para perseguir opositores.

Cuando Carlos Bianco, su mano derecha, se negó al test de alcoholemia, se hicieron los boludos",ElianaCere,Eliana,788175319,62,175,886,2,9562.0,es,https://x.com/ElianaCere/status/2010008414316056608,62101,False,Ciudad Autónoma de Buenos Aire
2,todonoticias,rango,2010108056655507564,2026-01-10 21:54:41+00:00,@todonoticias De laburar.....,LechyG,Daniel Grondona,143906939,0,0,0,0,775.0,es,https://x.com/LechyG/status/2010108056655507564,95,False,Coronel Pringles
2,todonoticias,rango,2010108035847573958,2026-01-10 21:54:36+00:00,"@todonoticias Perfecto se ven divertidos
Me encantan
Ahora 🤔 al revés 
Aplaudimos también??
El 24
Ella 68 
Mmmmmmm",provisorio77,el sol y la luna 😍,1959688398798774272,0,0,0,0,23.0,es,https://x.com/provisorio77/status/2010108035847573958,4,False,
2,todonoticias,rango,2010107874836656392,2026-01-10 21:53:58+00:00,@todonoticias Habría que mandar el video al próximo entrenamiento de Boca,ElBetoMgico21,El Beto mágico,1150867165677010951,0,0,64,0,7765.0,es,https://x.com/ElBetoMgico21/status/2010107874836656392,396,False,"Vicente López, Argentina"
2,todonoticias,rango,2010107222265569521,2026-01-10 21:51:22+00:00,@todonoticias @Ambitocom @lanacionmas,doctorblanco,Ale Blanco,964635840,0,0,0,0,2.0,qam,https://x.com/doctorblanco/status/2010107222265569521,145,False,
2,todonoticias,rango,2010003935025901750,2026-01-10 15:00:56+00:00,"@TransportePBA @BAProvincia @Kicillofok @MartinMarinucci @EduardoFeijoo Ustedes no son los mismos que usaron un vehículo oficial para trasladar al jefe de ministros, CARLOS BIANCO, a su casa porque estaba completamente borracho y se negó al test de alcoholemia? https://t.co/ijY62uMrN7",GordoEdicion,El gordo edición,1422457375240433687,8,400,2439,6,29531.0,es,https://x.com/GordoEdicion/status/2010003935025901750,44566,False,
2,todonoticias,rango,2010107106452513004,2026-01-10 21:50:54+00:00,@todonoticias Hoy escuché varias veces decir a Santi Martella que el Boeing 737 de Santiago del Estero carga 15000 toneladas de agua. Carga 15000 litros de agua y eso pesa 15 toneladas. No existe avión en el mundo que pueda cargar 15000 toneladas. Un abrazo y que se cuide,pehuen_sureno,Gustavo Anti K,770404747853586432,0,0,0,0,7.0,es,https://x.com/pehuen_sureno/status/2010107106452513004,343,False,Buenos Aires
2,todonoticias,rango,2010107097078198318,2026-01-10 21:50:52+00:00,"@todonoticias Siempre fué Kuka.

Durante las protestas contra Alberso, no pasaban las protestas, y si lo hacían, era 5 minutos para decir: ""Bueno ya están desconcentrando""",lSmosh1996l,Arcturian,1847812664749375488,0,0,0,0,15.0,es,https://x.com/lSmosh1996l/status/2010107097078198318,51,False,"Avellaneda, Buenos Aires, Arge"
2,todonoticias,rango,2010043262300754323,2026-01-10 17:37:13+00:00,"""Eugenia Rolón atropelló y mató a una persona"". Oficialmente TN ya es peor que los kukas.
https://t.co/vWRn54rhCz",GordoLeyes,ASB,1674973789073948674,195,615,4536,16,113968.0,es,https://x.com/GordoLeyes/status/2010043262300754323,74202,False,CABA
2,todonoticias,rango,2010106618583880185,2026-01-10 21:48:58+00:00,@todonoticias QUIÉN,GustavoRey51157,Gustavo Reynoso,1784786330012008448,0,0,0,0,99.0,es,https://x.com/GustavoRey51157/status/2010106618583880185,6,False,Ciudad Autónoma de Buenos Aire
2,todonoticias,rango,2010105822517596609,2026-01-10 21:45:48+00:00,@todonoticias Seguro son libertarios!,dariomena78,dario mena,1431377611,2,0,0,0,86.0,es,https://x.com/dariomena78/status/2010105822517596609,1074,False,
2,todonoticias,rango,2010105407449006390,2026-01-10 21:44:09+00:00,"@todonoticias El estafador Diego Lacki tiene vínculos familiares con la Justicia de la Provincia de Buenos Aires.  Su cuñada es la fiscal del caso ""chocolate "". Su esposa es secretaria de la Corte provincial. Esas relaciones le garantizan la impunidad??",manupincha75027,manupincha65,1882878653824139265,0,0,0,0,9.0,es,https://x.com/manupincha75027/status/2010105407449006390,5,False,
2,todonoticias,rango,2010104867029954738,2026-01-10 21:42:00+00:00,@todonoticias Se encontró el pendejo que le provee y le resuelve...que aproveche porque en unos años lo va querer mandar al asilo.,CarlosH41047521,Carlos,1249135296488386560,0,0,0,0,18.0,es,https://x.com/CarlosH41047521/status/2010104867029954738,39,False,
2,todonoticias,rango,2010104753439555955,2026-01-10 21:41:33+00:00,@todonoticias Y el viejo Constantini le lleva como 100 a la esposa jajaja,johnjohnx823995,johnjohnx,1868114697981222912,0,0,1,0,19.0,es,https://x.com/johnjohnx823995/status/2010104753439555955,17,False,Ciudad Autónoma de Buenos Aire
2,todonoticias,rango,2010104745843679262,2026-01-10 21:41:32+00:00,@todonoticias A las autoridades que corresponda.. no permitan que se sumen personas sin experiencia a apagar el fuego. Es muy peligroso. Alguien tiene que controlar eso por más que la situación sea desesperante. Que se sumen a quienes saben.,laraus65,Gabi Raus,1944462766871650305,0,1,2,0,54.0,es,https://x.com/laraus65/status/2010104745843679262,0,False,
2,todonoticias,rango,2010104632161513819,2026-01-10 21:41:04+00:00,@todonoticias Que espanto esta flaca sin talento sin gracia,Javier35799637,César Javier Diaz,1062026683509891073,0,0,0,0,2.0,es,https://x.com/Javier35799637/status/2010104632161513819,106,False,
2,todonoticias,rango,2010104596572565552,2026-01-10 21:40:56+00:00,"@todonoticias Que tiene que ver si es libertario o KK, actuó mal y debe ser sancionada, pero hasta el 2099? Otros atropellan y matan y solo lo inhabilitan por 2 o 3 años. La ley tiene que ser igual para todos",tolycruz,Liliana beatriz,993558632,0,0,0,0,6.0,es,https://x.com/tolycruz/status/2010104596572565552,54,False,
2,todonoticias,rango,2010103966974222526,2026-01-10 21:38:26+00:00,"@todonoticias No es novio de un militanañte. Ella ES MILITANTE IIBERTARIA. recuerdo habermela cruzado en el piso de crónica, con un poco de adoquines que tengo abajo de las patas, les aseguro que desde ese momento ya le competia a las pesqueras chinas. Creo que todos los libertarios son asi",SebaMartinoLds,Sebastián Martino LDS,1267551994161618947,0,0,0,0,18.0,es,https://x.com/SebaMartinoLds/status/2010103966974222526,81,False,Caba
2,todonoticias,rango,2010103762531299653,2026-01-10 21:37:37+00:00,"@todonoticias Estuve en el Lago Epuyen hace un mes haciendo Kayak  y me sacaron del Lago la policía, diciendo que había una granada. Ya sabíamos una semana antes de otra granada que hicieron explotar.",claudiomonetti1,El Rey de Copas,135028675,0,0,0,0,16.0,es,https://x.com/claudiomonetti1/status/2010103762531299653,993,False,"Avellaneda,Argentina"
2,todonoticias,rango,2010102495771533652,2026-01-10 21:32:35+00:00,@todonoticias el gobierno no ayuda en nada los que ayudan son todos voluntarios que no tienen nada para llevar agua,OsvaldoSol61253,Osvaldo Solis,1799790768187396096,0,0,0,0,,es,https://x.com/OsvaldoSol61253/status/2010102495771533652,9,False,
2,todonoticias,rango,2010100364704718903,2026-01-10 21:24:07+00:00,@todonoticias Está perfecto pero existen antecedentes de una pena tan grande? Hay gente que ha matado al volante alcoholizado y sigue manejando. Por ej. La Hiena Barrios.,PhillipQuarles3,Nostromo,1069764519365410816,0,0,0,0,2.0,es,https://x.com/PhillipQuarles3/status/2010100364704718903,27,False,Westworld
2,todonoticias,rango,2010099718148485602,2026-01-10 21:21:33+00:00,"@todonoticias Tan linda y tan pelotuda (por este hecho en particular), la banco en lo demás.",Gnomesaurus,JLuisEnrique del 30% 🇵🇪🇦🇷,128053756,0,0,0,0,2.0,es,https://x.com/Gnomesaurus/status/2010099718148485602,912,False,
2,todonoticias,rango,2010099682828308693,2026-01-10 21:21:24+00:00,"@todonoticias Si eeuu nos invade por el petróleo, tn estaría feliz",tiamat_enki,Davo,456721833,0,0,0,0,5.0,es,https://x.com/tiamat_enki/status/2010099682828308693,993,False,Buenos Aires. Argentina 
2,todonoticias,rango,2010099460039385575,2026-01-10 21:20:31+00:00,@todonoticias Y????,fabiancorrea11,Fabian Correa ,827765396,0,0,0,0,52.0,und,https://x.com/fabiancorrea11/status/2010099460039385575,56,False,Cordoba
2,todonoticias,rango,2010099425780334777,2026-01-10 21:20:23+00:00,@todonoticias A alguien le importa????,CARILAY,CARY,145719703,0,0,0,0,48.0,es,https://x.com/CARILAY/status/2010099425780334777,97,False,ARGENTINA
2,todonoticias,rango,2010099183773176131,2026-01-10 21:19:25+00:00,"@todonoticias Si a cualquier hora tiene vecinos, porque no atropellaron a nadie?",tiamat_enki,Davo,456721833,0,0,0,0,72.0,es,https://x.com/tiamat_enki/status/2010099183773176131,993,False,Buenos Aires. Argentina 
2,todonoticias,rango,2010098531747443127,2026-01-10 21:16:50+00:00,@todonoticias Es como lo que hace milei en Argentina,tiamat_enki,Davo,456721833,6,0,1,1,3139.0,es,https://x.com/tiamat_enki/status/2010098531747443127,993,False,Buenos Aires. Argentina 
2,todonoticias,rango,2010098221796995281,2026-01-10 21:15:36+00:00,"@todonoticias Te ahorro el click:
No limpiar las hornallas cuando todavía están calientes, espera a que se enfríen",lau_abrazo,Lᴀᴜ 🦁🇦🇷,1517826265,0,0,0,0,32.0,es,https://x.com/lau_abrazo/status/2010098221796995281,2464,False,Argentina
2,todonoticias,rango,2010098181359427592,2026-01-10 21:15:26+00:00,@todonoticias,brujis72,Poli®♥,2924865283,0,0,0,0,2.0,qam,https://x.com/brujis72/status/2010098181359427592,396,False,
2,todonoticias,rango,2009992093855560198,2026-01-10 14:13:53+00:00,"Masivo crecimiento de villas con población de países limítrofes, principalmente Bolivia, para asegurarle al intendente y el gobernador retener el poder en la provincia. Es increíble que la propia población de tierra del fuego no haga nada. Pero nada. Permiten todo esto. https://t.co/mxyIasspv5",laromadelsur,El Oráculo de Trenque Lauquen,1845614298963320833,125,738,2146,35,52919.0,es,https://x.com/laromadelsur/status/2009992093855560198,30740,False,Capital del Imperio que no fue
2,todonoticias,rango,2010097566176682369,2026-01-10 21:13:00+00:00,@todonoticias No fue un monstruo impredecible. Fue un tipo común con doble vida y mensajes previos. Lo impredecible es que todavía nos sorprenda.,Luchi81RD,MaLuchi,1377023911913791489,0,0,0,0,13.0,es,https://x.com/Luchi81RD/status/2010097566176682369,4196,False,
2,todonoticias,rango,2010096549653819643,2026-01-10 21:08:57+00:00,@todonoticias @LANACION @clarincom @telefenoticias @CronicaTV acá tienen al payaso.,Ezequiel6383844,Ezequiel Quinteros 🐍,964145851831595008,0,0,0,0,3.0,es,https://x.com/Ezequiel6383844/status/2010096549653819643,244,False,
2,todonoticias,rango,2010082434629730593,2026-01-10 20:12:52+00:00,"Está es la Gran Colombia, era la idea de Bolívar y propongo por voto constituyente de la población, que la reconstruyamos como una confederación de Naciones autónomas.

Tendríamos unas políticas comunes en las materias que proponga el pueblo. Indudablemente la política comercial hacia la industrialiación y ser lo que es geográficamente un centro del mundo y de Latinoamérica. Un centro de energías  limpias, del saber, de infraestructuras de alta tenología de movilidad y comunición. Sobre esas habría habría un parlamento grancolombiano, un tribunal de justicia y consejo de gobierno, como en la Unión Europea o en los EEUU federales.

Una potencial del turismo y de la conectividad del mundo.",petrogustavo,Gustavo Petro,49849732,10992,5155,32858,2988,4282392.0,es,https://x.com/petrogustavo/status/2010082434629730593,8198180,False,"ÜT: 4.650541,-74.074043"
2,todonoticias,rango,2010096057318027617,2026-01-10 21:07:00+00:00,"@todonoticias No lo necesita, la pepona le va a volver a prestar el auto porque es un hdp impune de mierd.",MAMWDMF,Sun Ship,1983551423087513600,0,0,0,0,5.0,es,https://x.com/MAMWDMF/status/2010096057318027617,5,False,
2,todonoticias,rango,2010096046563803521,2026-01-10 21:06:57+00:00,"@todonoticias Le tienen que sacar el registro por 20 años.

Como una multa de 600.000 nada mas?????",SebasTodoRojo,Sebas.CAI,1523110577291288576,0,0,0,0,151.0,es,https://x.com/SebasTodoRojo/status/2010096046563803521,215,False,
2,todonoticias,rango,2010095243648245859,2026-01-10 21:03:46+00:00,@todonoticias Son tan pelotudos y se creen tan piolas estos pendejos q ellos mismos certifican las idioteces q hacen,pazhirod,Pablo,1551867474,0,0,0,0,96.0,es,https://x.com/pazhirod/status/2010095243648245859,828,False,Quilmes
2,todonoticias,rango,2010094573243212231,2026-01-10 21:01:06+00:00,"@todonoticias Alerta.
https://t.co/TeJOX6c5ZU",veizaga_alberto,Alberto Veizaga,4259793081,0,0,1,0,29.0,eu,https://x.com/veizaga_alberto/status/2010094573243212231,20,False,Argentina
2,todonoticias,rango,2009774469707935842,2026-01-09 23:49:08+00:00,"𝗔𝗟𝗘𝗥𝗧𝗔 PATAGONIA: “ISRAHELLÍ” DESCUBIERTO HACIENDO FUEGO

El joven argentino Martín Morales grabó a “turistas” a los que ha identificado como “israhellíes” haciendo fuego en el Parque Nacional Los Glaciares, un área donde está estrictamente prohibido.

El caso se ha viralizado debido a la justa indignación del joven argentino, pero prácticamente la mayoría de los medios que difundieron este grave hecho evitaron mencionar la presunta nacionalidad de los responsables.

Lo cierto es que no se trata de un hecho aislado, hay antecedentes de los años 2011, 2017 y 2023 por sólo citar algunos casos, de situaciones similares en las que “israhellíes” ha iniciado fuego en áreas protegidas de la Patagonia, donde está estrictamente prohibido.

¿Por qué no respetan las leyes?
¿Tomarán medidas las autoridades de Argentina y Chile para evitar mayores catástrofes?",GoyDescontrol_,La Rebelión de los goyim,1890562588100161536,140,3750,5913,90,50541.0,es,https://x.com/GoyDescontrol_/status/2009774469707935842,3991,False,
2,todonoticias,rango,2010092823689998735,2026-01-10 20:54:09+00:00,@todonoticias Bueno después lo sacará versión Momia...,Cavasile73,Claudio V.,3292768675,0,0,0,0,1.0,es,https://x.com/Cavasile73/status/2010092823689998735,16,False,"Venice, Veneto"
2,todonoticias,rango,2010092650758848581,2026-01-10 20:53:28+00:00,"@todonoticias Hay video de algunos responsables, salgan a buscarlos a esos HDP, dale Torres no es tan difícil, cagon",avemart2013,🇦🇷💚Avemart💚🇦🇷,215087779,0,0,0,0,10.0,es,https://x.com/avemart2013/status/2010092650758848581,915,False,Buenos Aires
2,todonoticias,rango,2010092163112284232,2026-01-10 20:51:32+00:00,@todonoticias Que asco lo cachavicheras que son con tal de no agarrar la pala las inútiles estas.,AhoraMasQueAyer,🥢ɢᵘⁱˢʰe🔖,138971045,0,0,0,0,19.0,es,https://x.com/AhoraMasQueAyer/status/2010092163112284232,75,False,Juncal y Billinghurst
2,todonoticias,rango,2010091888137891974,2026-01-10 20:50:26+00:00,"@todonoticias #SabadoEnTN 
Aquí desde la localidad de #ElMaitén en #Chubut en la #ComarcaAndina asi se ven las columnas de humo del Fuego qué avanza hacia aquí. Estamos aislados, con las rutas cortadas. https://t.co/bzoeobl6VC",claudiomonetti1,El Rey de Copas,135028675,0,0,0,0,15.0,es,https://x.com/claudiomonetti1/status/2010091888137891974,993,False,"Avellaneda,Argentina"
2,todonoticias,rango,2010091223504363832,2026-01-10 20:47:48+00:00,"@todonoticias Por qué no hacés estas payasadas de cuarta con el 1.89 DE ALCOHOL EN SANGRE DE @EugeniaRolon_ la discípula de @PatoBullrich ?!?! 
TODOS IMPRESENTABLES E IRRESPONSABLES!! 🤮🤮🤮",claudia71mdq,🆑️🅰️🆙️,3396925214,0,0,0,0,1.0,es,https://x.com/claudia71mdq/status/2010091223504363832,130,False,
2,todonoticias,rango,2010089932010954851,2026-01-10 20:42:40+00:00,@todonoticias @LANACION @cronica @C5N .... alguno??????,Mar_Sagitariana,MarSagitariana,1346235153891393536,0,0,1,0,10.0,es,https://x.com/Mar_Sagitariana/status/2010089932010954851,1655,False,
2,todonoticias,rango,2010084077693743402,2026-01-10 20:19:24+00:00,"Teherán: ni la brutalidad de las fuerzas del régimen de Jamenei detiene a lo iranies.

Día 14 de las protestas, ya no hay miedo. https://t.co/1xZxxiPyHx",danilerer,Dani Lerer,52772832,9,402,847,5,6406.0,es,https://x.com/danilerer/status/2010084077693743402,72307,False,Ciudad Autónoma de Buenos Aire
2,todonoticias,rango,2010088455729205300,2026-01-10 20:36:48+00:00,"@todonoticias yo la limpio con un flap con la amoladora queda joya. y estos ponen: 
Cómo limpiar las hornallas sin dañarlas_
Esperar a que las hornallas estén completamente frías. a q imbéciles les escriben estas notas.",Andreke85,Andreke,1937554396948185088,0,0,0,0,58.0,es,https://x.com/Andreke85/status/2010088455729205300,108,False,
2,todonoticias,rango,2010088202141597984,2026-01-10 20:35:47+00:00,@todonoticias https://t.co/HElGBejkaO,NEKROMANTE,♠️🦇NK🦇♠️,71046486,0,0,0,0,12.0,qme,https://x.com/NEKROMANTE/status/2010088202141597984,89,False,Chile
2,todonoticias,rango,2010087613529764308,2026-01-10 20:33:27+00:00,@todonoticias Multa?? Los quiero en cana; y si justo aparece alguien? O un chico ? Ni despacio iban. Rifle sanitario la proxima,MajoMembrives,María José Membrives,423698868,0,0,0,0,196.0,es,https://x.com/MajoMembrives/status/2010087613529764308,112,False,
2,todonoticias,rango,2010086063793197283,2026-01-10 20:27:17+00:00,@todonoticias Yo me quiero casar con un pibe de 28. Bah mejor no nos casamos pero me enamoro lindo..Los mayores me dan impresión,Lula11269346,Lula Muro 🇦🇷 🇮🇹⛰️🏠🧉🍉🐕,1461497234470711298,1,0,1,0,121.0,es,https://x.com/Lula11269346/status/2010086063793197283,314,False,"San Carlos de Bariloche, Argen"
2,todonoticias,rango,2010085877167599862,2026-01-10 20:26:33+00:00,@todonoticias La concha de tu hermana tn,DobleveBeeme,Beeme Dobleve,1995330801270202368,0,0,0,0,117.0,es,https://x.com/DobleveBeeme/status/2010085877167599862,0,False,
2,todonoticias,rango,2010085673697698005,2026-01-10 20:25:44+00:00,@todonoticias Perfecto!!!! Ejemplificador!!! Cosa que nunca sucedió en gobiernos peronistas 💩✌🏾,silchima,Sil Chima,603992117,0,0,0,0,6.0,es,https://x.com/silchima/status/2010085673697698005,321,False,🇦🇷Chetoslovaquia del este
2,todonoticias,rango,2010083198055919721,2026-01-10 20:15:54+00:00,@todonoticias Sjsjsjsjajajajja,francoguarino4,Fran🦉,1912602048,0,0,0,0,2.0,it,https://x.com/francoguarino4/status/2010083198055919721,71,False,
2,todonoticias,rango,2010083081768841374,2026-01-10 20:15:26+00:00,@todonoticias Obvio mira si se va a tomar en serio a una Nara !!,LaDoloresAgrup1,La Dolores ✨,1321944552878518277,0,0,4,0,315.0,es,https://x.com/LaDoloresAgrup1/status/2010083081768841374,2972,False,
2,todonoticias,rango,2010082947215561024,2026-01-10 20:14:54+00:00,@todonoticias Que vendia en el hotel?,andrescuervo90,Andrés,490405854,0,0,0,0,58.0,es,https://x.com/andrescuervo90/status/2010082947215561024,246,False,
2,todonoticias,rango,2010082913891877219,2026-01-10 20:14:46+00:00,@todonoticias Viejos verdes 💚 🙄 no lo creo que haya amor mutuo porqué ahí plata por medio ahí gozosos amor 💘 infiel,Roberto78801369,Roberto Espinola,1089999708314058753,0,0,0,0,21.0,es,https://x.com/Roberto78801369/status/2010082913891877219,3031,False,"Asuncion, Paraguay"
2,todonoticias,rango,2010082192568005054,2026-01-10 20:11:54+00:00,@todonoticias ‘La novia del militante libertario’ están en lo importante se ve,diefunys,Diego,4068100341,0,0,0,0,5.0,es,https://x.com/diefunys/status/2010082192568005054,109,False,"Buenos Aires City Region, Argentina"
2,todonoticias,rango,2010081028552175629,2026-01-10 20:07:17+00:00,@todonoticias La salud mental no era un juego. Miles de personas necesitan ser asistidas y no haciendo el papelón en la tele y obvio también Luli,Carla_5_L,Laidi,1350239818534563840,0,0,0,0,47.0,es,https://x.com/Carla_5_L/status/2010081028552175629,6945,False,
2,todonoticias,rango,2010080811966771465,2026-01-10 20:06:25+00:00,@todonoticias Empiecen x aca... https://t.co/MLdQX9ah5p,mendezadrian0,Adrian Mendez,1605695820107587591,1,0,2,0,17.0,es,https://x.com/mendezadrian0/status/2010080811966771465,877,False,
2,todonoticias,rango,2010080761542791261,2026-01-10 20:06:13+00:00,@todonoticias La cara de ardilla jajaj,Ahorasecarp14,ezequiel,2956064829,0,0,0,0,107.0,es,https://x.com/Ahorasecarp14/status/2010080761542791261,67,False,
2,todonoticias,rango,2010080470936273247,2026-01-10 20:05:04+00:00,@todonoticias No entendí la parte del cajero automático.,ger_CerIn,German,571238633,0,0,0,0,50.0,es,https://x.com/ger_CerIn/status/2010080470936273247,4105,False,"Ciudad Autónoma de Buenos Aires, Argentina"
2,todonoticias,rango,2010080450103128444,2026-01-10 20:04:59+00:00,@todonoticias @rancanoglenda7 Crack 😮‍💨,MrJavi_96,Mr.Javi  𝕏 🇨🇺 🇺🇸,1347666061592850433,0,0,0,0,30.0,en,https://x.com/MrJavi_96/status/2010080450103128444,2587,False,"Texas, USA"
2,todonoticias,rango,2010079577394294858,2026-01-10 20:01:31+00:00,"@todonoticias Gatos sobran, lo que faltan son financistas... https://t.co/MTKRMbDNo7",buenosaires1853,buenos Aires,497243324,0,0,2,0,91.0,es,https://x.com/buenosaires1853/status/2010079577394294858,832,False,
2,todonoticias,rango,2010079316869271585,2026-01-10 20:00:29+00:00,@todonoticias y esos nenes adonde van ???,SilveradoSimon,Simón Silverado,136685955,0,0,0,0,4.0,es,https://x.com/SilveradoSimon/status/2010079316869271585,1788,False,Ciudad Autónoma de Buenos Aire
2,todonoticias,rango,2010079116301930926,2026-01-10 19:59:41+00:00,@todonoticias @luluci99 es la mejor muestra más clara de la decadencia de @clarincom y @todonoticias,Lmas94230039,Lmas,1044374927103717376,0,0,1,0,52.0,es,https://x.com/Lmas94230039/status/2010079116301930926,9486,False,Argentina
2,todonoticias,rango,2010079090569818428,2026-01-10 19:59:35+00:00,@todonoticias Lo malo de ciertas mujeres y ciertos hombres que cuentan estas cosas como si fuera que se les tiro brad pitt o el otro moldasky contando la intimidad... no tienen codigos ademas por ahi el tipo estaba en otra lo dejan mal parado.,SilveradoSimon,Simón Silverado,136685955,0,0,1,0,89.0,es,https://x.com/SilveradoSimon/status/2010079090569818428,1788,False,Ciudad Autónoma de Buenos Aire
2,todonoticias,rango,2010079060400255188,2026-01-10 19:59:28+00:00,"@todonoticias Entonces a la  borracha mato a un joven que iba a trabajar no corresponde que con una fianza esté en su casa, le corresponde ""la pena de muerte"" verdad. El castigo debe ser proporcional al daño causado !!!!!!!",Raquel_1956,La Gallega,821917380,0,0,0,0,3.0,es,https://x.com/Raquel_1956/status/2010079060400255188,599,False,
2,todonoticias,rango,2010078786591830487,2026-01-10 19:58:22+00:00,"@todonoticias humanidad idiota. Ahora me pregunto el chofer, la madre, la niñera, el resto de los pasajeros que mierda cuantas cosas tienen que fallar para que alguien muera.",SilveradoSimon,Simón Silverado,136685955,0,0,1,0,176.0,es,https://x.com/SilveradoSimon/status/2010078786591830487,1788,False,Ciudad Autónoma de Buenos Aire
2,todonoticias,rango,2010078775321735568,2026-01-10 19:58:20+00:00,@todonoticias Chiqui Tapia SOS vos?,juampab34,juampab34,255641669,0,0,0,0,22.0,es,https://x.com/juampab34/status/2010078775321735568,92,False,"Montevideo, Uruguay"
2,todonoticias,rango,2010078754266390870,2026-01-10 19:58:15+00:00,@todonoticias Rica,Askapa,Tomás,58856131,0,0,0,0,41.0,it,https://x.com/Askapa/status/2010078754266390870,1441,False,Passeig Olímpic 15. 
2,todonoticias,rango,2010078591216955796,2026-01-10 19:57:36+00:00,@todonoticias Demasiado pan,SilveradoSimon,Simón Silverado,136685955,0,0,0,0,122.0,es,https://x.com/SilveradoSimon/status/2010078591216955796,1788,False,Ciudad Autónoma de Buenos Aire
2,todonoticias,rango,2010078502046048594,2026-01-10 19:57:14+00:00,@todonoticias cuando te enteras que solo queda el 0.05 % para el pais.,SilveradoSimon,Simón Silverado,136685955,0,0,0,0,9.0,es,https://x.com/SilveradoSimon/status/2010078502046048594,1788,False,Ciudad Autónoma de Buenos Aire
2,todonoticias,rango,2010078410224357481,2026-01-10 19:56:53+00:00,@todonoticias como si fuera que el tipo fue a comprar el pan... que onda vengan porque tienen un virus o un aliens en la panza...,SilveradoSimon,Simón Silverado,136685955,0,0,0,0,26.0,es,https://x.com/SilveradoSimon/status/2010078410224357481,1788,False,Ciudad Autónoma de Buenos Aire
2,todonoticias,rango,2010078173158142189,2026-01-10 19:55:56+00:00,"@todonoticias juventud idiota diria en realidad humanidad porque algunos parecen de 50 mas que adolescentes. De una juventud que se ponia adelante en movilizaciones, adelante de tanques, adelante de militares arriesgando la vida...hoy tenemos una generacion de cristal, de peluche de trolls..",SilveradoSimon,Simón Silverado,136685955,0,0,0,0,113.0,es,https://x.com/SilveradoSimon/status/2010078173158142189,1788,False,Ciudad Autónoma de Buenos Aire
2,todonoticias,rango,2010078112357441583,2026-01-10 19:55:42+00:00,"@todonoticias Faltó el ""sidozmatamodosmatamo""",FLeyes19132,FabianLeyes19132,1714059417711165440,0,0,0,0,9.0,es,https://x.com/FLeyes19132/status/2010078112357441583,129,False,
2,todonoticias,rango,2010077726120763528,2026-01-10 19:54:10+00:00,"@todonoticias que pasa que nadie habla de Masa, Insaurralde y Fernández.  Y existen motivos.",Cardeste,C_H_D,231596926,0,0,0,0,,es,https://x.com/Cardeste/status/2010077726120763528,224,False,"Buenos Aires, Argentina"
2,todonoticias,rango,2010077463754453186,2026-01-10 19:53:07+00:00,@todonoticias La noticia va a ser cuando un pajero NO esté con una de 40 años menos y este con su edad o mayor.,DrippyJB,Sofia 🇦🇷👑,126432916,1,0,5,0,387.0,es,https://x.com/DrippyJB/status/2010077463754453186,1225,False,Cordoba. Argentina
2,todonoticias,rango,2010077275228909988,2026-01-10 19:52:22+00:00,@todonoticias https://t.co/JjI054OICZ,may_shura1,PANCHOLIN ♑,1285663150868660226,0,0,0,0,66.0,qme,https://x.com/may_shura1/status/2010077275228909988,52,False,Hermosa Ciudad de México
2,todonoticias,rango,2010074985851994116,2026-01-10 19:43:16+00:00,@todonoticias que asco,Cristymdq,Cris Mdq,175127041,0,0,0,0,15.0,pt,https://x.com/Cristymdq/status/2010074985851994116,941,False,"Mdq, Argentina "
2,todonoticias,rango,2010074597820117168,2026-01-10 19:41:44+00:00,"@todonoticias #sabadoentn saludos desde Mendoza, El Carrizal.
Hermoso día. Saludos mendocinos 😘 https://t.co/zFrPV2R8LB",claucarchet,💚💚Claudia Carchet 💚💚,52694573,0,0,0,0,9.0,es,https://x.com/claucarchet/status/2010074597820117168,305,False,"Mendoza, Argentina"
2,todonoticias,rango,2010074536977522760,2026-01-10 19:41:29+00:00,@todonoticias Qué canal de mierda por favor,IierNach00,NachexO,827921201968332800,0,0,0,0,12.0,es,https://x.com/IierNach00/status/2010074536977522760,621,False,"Malvinas Argentinas, Argentina"
2,todonoticias,rango,2010073136553963599,2026-01-10 19:35:55+00:00,"@todonoticias Pero si los kukas dijeron que como ahora Trump tenía Venezuela, Argentina quedaba afuera del negocio del petróleo, como puede ser esto!",MarioMDM15,Mario M,1346229468675923970,1,0,0,0,33.0,es,https://x.com/MarioMDM15/status/2010073136553963599,532,False,"Buenos Aires, Argentina"
2,todonoticias,rango,2010072909986066501,2026-01-10 19:35:01+00:00,"@todonoticias Joya, tiene una banda de tiempo para practicar para el examen.",kimielp878,Cris7️⃣iano Golnaldo 🇵🇹🐐⚽️🥇🤙🏽,2805003105,0,0,0,0,23.0,es,https://x.com/kimielp878/status/2010072909986066501,431,False,"Mar del Plata, Argentina"
2,todonoticias,rango,2010072873596334325,2026-01-10 19:34:53+00:00,@todonoticias @lanacionmas_okk @LANACION ??,ival30256326,@ival,1413991757314932739,0,0,0,0,1.0,qam,https://x.com/ival30256326/status/2010072873596334325,1,False,
2,todonoticias,rango,2009836718942498872,2026-01-10 03:56:29+00:00,"🚫📺#Ahora Ningún canal de TV te lo va a mostrar, pero #Mendoza no duerme, lucha por el Agua💧 
Como cada noche desde hace un mes, familias trabajadoras realizan cortes de ruta informativos, ollas populares y protestas contra la minería contaminante. 
#ElAguaDeMendozaNoSeNegocia https://t.co/ZQR0yoMq0i",LautaroJimenezB,Lautaro Jimenez,3075497493,102,2609,6288,32,47182.0,es,https://x.com/LautaroJimenezB/status/2009836718942498872,4155,False,"Mendoza, Argentina"
2,todonoticias,rango,2010072848195563563,2026-01-10 19:34:47+00:00,"@todonoticias Vos si cars vaga,garca💩💩🐀",LolaLop01639566,Lola Lopez🇦🇷🇪🇸,1211798815608471552,0,0,0,0,2.0,es,https://x.com/LolaLop01639566/status/2010072848195563563,38,False,
2,todonoticias,rango,2010072755648213024,2026-01-10 19:34:24+00:00,"@todonoticias gorda q agarra  a un viejo con algun billete, no le da para más",lolamdq2,lola,2986054785,0,0,0,0,21.0,es,https://x.com/lolamdq2/status/2010072755648213024,91,False,
2,todonoticias,rango,2010071642224177492,2026-01-10 19:29:59+00:00,@todonoticias Hagan cuentas...ella en 15 tendrá 40....él llegará a 83.....en fin....,mrodrizcba,Marcelo,4766324671,0,0,0,0,79.0,es,https://x.com/mrodrizcba/status/2010071642224177492,91,False,"Córdoba, Argentina"
2,todonoticias,rango,2010070762468847774,2026-01-10 19:26:29+00:00,@todonoticias Sildenafil a full y billetera con cuenta corriente canilla libre,mrodrizcba,Marcelo,4766324671,0,0,0,0,133.0,es,https://x.com/mrodrizcba/status/2010070762468847774,91,False,"Córdoba, Argentina"
2,todonoticias,rango,2010070501159588119,2026-01-10 19:25:27+00:00,"@todonoticias Tilinga, hueca, ruin, nefasta... Vergüenza ajena",juanreyes90,Juan Reyes,206464945,0,0,0,0,4.0,es,https://x.com/juanreyes90/status/2010070501159588119,765,False,"Mendoza, Argentina"
2,todonoticias,rango,2010070206937453038,2026-01-10 19:24:17+00:00,@todonoticias https://t.co/RzczFH60Jp,CrazzyHatt,CrazzyHatt 🎩,1452611137,0,0,0,0,14.0,qme,https://x.com/CrazzyHatt/status/2010070206937453038,11534,False,Wonderland 🇦🇷
2,todonoticias,rango,2010069779881881729,2026-01-10 19:22:35+00:00,"@todonoticias Qué buena noticia, ojalá nunca me toque pasar por el mismo horror en mi familia",pablo_sudria,Pablo🇦🇷🇻🇦🇦🇶🇷🇺🇵🇸🇪🇭✝️,1690868934960898049,0,0,0,0,13.0,es,https://x.com/pablo_sudria/status/2010069779881881729,986,False,"Chaco, Argentina"
2,todonoticias,rango,2010069731211128950,2026-01-10 19:22:23+00:00,@todonoticias CARROZA https://t.co/rKVLtltWUa,Jonatha18125264,BESSENT PRESIDENT OF ARGENTINA,1777137376839553024,0,0,2,0,69.0,es,https://x.com/Jonatha18125264/status/2010069731211128950,51,False,"Morón, Argentina"
2,todonoticias,rango,2010068934633070962,2026-01-10 19:19:13+00:00,@todonoticias Hay cientos de videos de las minas rompiendo las bolas con que los hombres no activan y terminan eligiendo al mejor amigo del padre de no creer,EmaPilchita,Ema Gonzalez,2590969518,0,0,0,0,212.0,es,https://x.com/EmaPilchita/status/2010068934633070962,151,False,
2,todonoticias,rango,2010068501889978700,2026-01-10 19:17:30+00:00,@todonoticias Lo raro es que no conozco venezolano desempleado...,Avarela130,Alejandro Varela,1115077751491444736,1,0,2,0,1163.0,es,https://x.com/Avarela130/status/2010068501889978700,550,False,Ciudad Autónoma de Buenos Aire
2,todonoticias,rango,2010068000645501150,2026-01-10 19:15:31+00:00,@todonoticias https://t.co/RXRtBf5qmv,LicTricolor2,Lic. Tricolor 2,1137807005798797313,0,0,4,0,268.0,qme,https://x.com/LicTricolor2/status/2010068000645501150,15139,False,
2,todonoticias,rango,2010067852997579014,2026-01-10 19:14:56+00:00,"@todonoticias @wanditanara nefasta, cuantos cocodrilos matan para vestir un mandril? La mona x mas q se vista de seda 🤷‍♀️ MONA QUEDA!",43marce,AleBrava,172443080,0,0,1,0,3.0,es,https://x.com/43marce/status/2010067852997579014,97,False,
2,todonoticias,rango,2010067614127865894,2026-01-10 19:13:59+00:00,@todonoticias Se ve clarito que no lo usa de cajero automágico.,ro11498743,JRo,1705530179693477888,0,0,2,0,30.0,es,https://x.com/ro11498743/status/2010067614127865894,11,False,
2,todonoticias,rango,2010066927474155927,2026-01-10 19:11:15+00:00,@todonoticias 25 pero de hondo.,Dr_Pocholo,Dr. Pocholo 🇦🇷,3219754696,0,0,0,0,65.0,es,https://x.com/Dr_Pocholo/status/2010066927474155927,1159,False,"Salta, Argentina"
2,todonoticias,rango,2010066368390107250,2026-01-10 19:09:02+00:00,@todonoticias Otro petersen,Gringofurla,German Cristante,1518949044562841601,0,0,0,0,18.0,es,https://x.com/Gringofurla/status/2010066368390107250,2,False,
2,todonoticias,rango,2010065557694095430,2026-01-10 19:05:48+00:00,@todonoticias Gorda calentona,maria1624aaa,MARIAN MARIANGELES,1659501403830730754,0,0,1,0,119.0,pt,https://x.com/maria1624aaa/status/2010065557694095430,1106,False,
2,todonoticias,rango,2010065164943667347,2026-01-10 19:04:15+00:00,@todonoticias Boluda total.,goudgino,Roberto J. Martínez,190494265,0,0,0,0,4.0,es,https://x.com/goudgino/status/2010065164943667347,2480,False,
2,todonoticias,rango,2010065064141959628,2026-01-10 19:03:51+00:00,@todonoticias ella parece que tiene 25 en cada pata,feferico_t,Fede ♌︎,1982100666454790144,0,0,1,0,107.0,es,https://x.com/feferico_t/status/2010065064141959628,5,False,
2,todonoticias,rango,2010064901125922926,2026-01-10 19:03:12+00:00,@todonoticias Situaciones extremas requieren medidas extremas dijo la pibarda y cuando terminó el casorio ya empezó a juntar con tiempo los papeles para tramitar la pensión por viudez.,kimielp878,Cris7️⃣iano Golnaldo 🇵🇹🐐⚽️🥇🤙🏽,2805003105,0,0,1,0,364.0,es,https://x.com/kimielp878/status/2010064901125922926,431,False,"Mar del Plata, Argentina"
2,todonoticias,rango,2010064855173374152,2026-01-10 19:03:01+00:00,@todonoticias Es todo culpa del merquero de Iñaki.,maturepala,Matías Repala,1541261948775448577,0,0,0,0,11.0,es,https://x.com/maturepala/status/2010064855173374152,1266,False,Congourbano
2,todonoticias,rango,2010064737808331070,2026-01-10 19:02:33+00:00,@todonoticias https://t.co/wem2sYd5Mz,Fereze,Fer,87563003,0,2,12,0,436.0,qme,https://x.com/Fereze/status/2010064737808331070,824,False,Buenos Aires
2,todonoticias,rango,2010064045714616425,2026-01-10 18:59:48+00:00,@todonoticias El bobo con la remera de Metallica. Jaja,gustavogini6,Simón Templar 💙,1527321096910843906,0,0,0,0,10.0,es,https://x.com/gustavogini6/status/2010064045714616425,81,False,"Santa Fe, Argentina"
2,todonoticias,rango,2010063792219312613,2026-01-10 18:58:47+00:00,@todonoticias Falopero,amarantuch,amaranto,1605197145425993728,0,0,0,0,2.0,es,https://x.com/amarantuch/status/2010063792219312613,104,False,
2,todonoticias,rango,2010063659784122629,2026-01-10 18:58:16+00:00,@todonoticias Toviggino Belloso Beligoy Tapia,Ricardoleo88,Leo Ricardo,157306315,0,0,1,0,21.0,in,https://x.com/Ricardoleo88/status/2010063659784122629,1349,False,
2,todonoticias,rango,2010063436005396521,2026-01-10 18:57:22+00:00,@todonoticias de cuantos ceros estamos hablando?,Pammego,Pammego,2991185063,0,0,0,0,149.0,es,https://x.com/Pammego/status/2010063436005396521,836,False,"Río Cuarto, Argentina"
2,todonoticias,rango,2010062770293879223,2026-01-10 18:54:44+00:00,@todonoticias Carli bianco amenazo a los oficiales del control y no le sacaron el registro .,DavidDuko,David 🇦🇷,517905102,0,0,0,0,8.0,es,https://x.com/DavidDuko/status/2010062770293879223,757,False,santa fe
2,todonoticias,rango,2010062505230643257,2026-01-10 18:53:41+00:00,"@todonoticias A Guazorra despues de atropellar frente a las cámaras dos policias , no le sacaron el registro y ningun periosida ensobrado hablo del tema .",DavidDuko,David 🇦🇷,517905102,0,0,0,0,15.0,es,https://x.com/DavidDuko/status/2010062505230643257,757,False,santa fe
2,todonoticias,rango,2010062298858303524,2026-01-10 18:52:51+00:00,"@todonoticias La parodia ?"" del cajero. Jaj.",juanjo_rio,Juan de Rio,181182231,0,0,0,0,97.0,es,https://x.com/juanjo_rio/status/2010062298858303524,74,False,Argentina
2,todonoticias,rango,2010061965486633306,2026-01-10 18:51:32+00:00,@todonoticias Viejo pajerto a la vista,LizArz4,Liz Arz,1406962677885374471,0,0,0,0,19.0,es,https://x.com/LizArz4/status/2010061965486633306,491,False,
2,todonoticias,rango,2010061862482915712,2026-01-10 18:51:07+00:00,"@todonoticias Aguante Metallica, la gorda te entrega la rosca por tu billetera y me parece bien si sos feliz capo!",SrD0MADO,Señor Domado ⭐️⭐️⭐️,1792341924243746816,0,0,0,0,18.0,es,https://x.com/SrD0MADO/status/2010061862482915712,723,False,"Buenos Aires, Argentina"
2,todonoticias,rango,2010061790890308087,2026-01-10 18:50:50+00:00,@todonoticias Cola fácil,elpistolero96,EL PISTOLERO,1213115519928193030,0,0,0,0,52.0,pt,https://x.com/elpistolero96/status/2010061790890308087,123,False,
2,todonoticias,rango,2010061502410318263,2026-01-10 18:49:41+00:00,"@todonoticias Me parece perfecto, pero que sea igualdad ante la ley eh. Nada de ""a este si, a este no"".",maxdrumerium198,Maxdrumerium,1004400625,0,0,0,0,5.0,es,https://x.com/maxdrumerium198/status/2010061502410318263,6,False,📍 Argentina 
2,todonoticias,rango,2010061291298402454,2026-01-10 18:48:51+00:00,@todonoticias 1 año estaba bien. Asesinan una familia y le sacan el registro 2 años. Esto es político de parte de todos los peronistas malparidos de provincia,1984insomnio,Gustavo,702137329,0,0,0,0,2.0,es,https://x.com/1984insomnio/status/2010061291298402454,460,False,
2,todonoticias,rango,2010060894022389931,2026-01-10 18:47:16+00:00,@todonoticias este no estaba preso ?? https://t.co/bVzfsrbeIB,SilveradoSimon,Simón Silverado,136685955,0,0,1,0,99.0,es,https://x.com/SilveradoSimon/status/2010060894022389931,1788,False,Ciudad Autónoma de Buenos Aire
2,todonoticias,rango,2010060778817355868,2026-01-10 18:46:49+00:00,@todonoticias Gestión milei,fauztino294,Lucas,1947035280445227008,0,0,0,0,44.0,es,https://x.com/fauztino294/status/2010060778817355868,133,False,"Recoleta,Argentina"
2,todonoticias,rango,2010060373152714833,2026-01-10 18:45:12+00:00,@todonoticias Que los vaya a buscar a la DAIA!!!,powerplant29,Powerful Plant,1959721100084133888,0,0,0,0,19.0,es,https://x.com/powerplant29/status/2010060373152714833,11,False,
2,todonoticias,rango,2010060177064816695,2026-01-10 18:44:25+00:00,@todonoticias Castren a los.padres así no se repr0ducen mas!!!!!,mema1540,mema,147382351,0,0,0,0,7.0,es,https://x.com/mema1540/status/2010060177064816695,65,False,
2,todonoticias,rango,2010059982860058871,2026-01-10 18:43:39+00:00,"@todonoticias Los veo hermosos a los dos ,mi papá tmb es sexi y guapo y tubo novias jóvenes que por su atractivo y carisma ,caballerosidad estaba de novio con una de 25 a mis 19 y duraron bastante,ella lo amaba ,se separaron xq ella enferma de los celos.",Sofia74750880,♡꧁☆ร๏Ŧเค☆꧂♡the Queen🦋,1320923041891844096,1,0,0,0,1101.0,es,https://x.com/Sofia74750880/status/2010059982860058871,1971,False,"Pehuajó, Argentina"
2,todonoticias,rango,2010059900014211413,2026-01-10 18:43:19+00:00,@todonoticias @luluci99 😂😂😂😂,VictorP71077002,Victor talleres,1515399298753695745,0,0,0,0,16.0,qme,https://x.com/VictorP71077002/status/2010059900014211413,41,False,
2,todonoticias,rango,2010059546845462613,2026-01-10 18:41:55+00:00,@todonoticias,Nahuelsoler22,Nah,807432577216823296,0,0,0,0,8.0,qam,https://x.com/Nahuelsoler22/status/2010059546845462613,59,False,
2,todonoticias,rango,2010013111529673173,2026-01-10 15:37:24+00:00,"El trabajo de calle siempre es difícil de todos modos. Me postulo igualmente para la próxima temporada, como cronista o como traductora.",SoFiDrehe,Sofi Drehe ✿,138619406,9,3,109,1,860.0,es,https://x.com/SoFiDrehe/status/2010013111529673173,13176,False,Villa Urquiza
2,todonoticias,rango,2010059133861671306,2026-01-10 18:40:17+00:00,@todonoticias ESO NO SE LLAMA NOVIO ES SACA CALENTURA.,NormaMe97918855,😽Ali-cat,1564394569948700672,0,0,0,0,136.0,es,https://x.com/NormaMe97918855/status/2010059133861671306,858,False,
2,todonoticias,rango,2010059035874340954,2026-01-10 18:39:53+00:00,@todonoticias Y si prueba trabajar?,ROSSONEROLEX,Saw🇺🇦💪🏾🇦🇷,1410721235462414336,2,0,3,0,1133.0,es,https://x.com/ROSSONEROLEX/status/2010059035874340954,127,False,
2,todonoticias,rango,2010058938373550421,2026-01-10 18:39:30+00:00,"@todonoticias Comparto totalmente, suelo ir todos los años al carnaval de Gualeguaychú y me cruzo al balneario público de las cañas sobre el río Uruguay,  en Fray Bentos, un hermoso lugar y con los uruguayos que son muy, pero muy educados",daniel554495579,@Daniel Alberto,1211982646059749382,0,0,0,0,45.0,es,https://x.com/daniel554495579/status/2010058938373550421,229,False,"Santa Fé, Argentina"
2,todonoticias,rango,2010058329855533230,2026-01-10 18:37:05+00:00,@todonoticias Si son felices a nadie le importa!,C_aR_0,C,788052455674224640,0,0,0,0,65.0,es,https://x.com/C_aR_0/status/2010058329855533230,156,False,planeta tierra
2,todonoticias,rango,2010058245826891945,2026-01-10 18:36:45+00:00,"@todonoticias La vida es corta, hay que disfrutarla sin importar la edad, la gente se casa y a los 2 años se separa, por que no probar a pesar de la edad? Y sos joven te podés morir en dos años, quien te quita lo bailado? Nadie está en condiciones de juzgar a otras parejas si ellos son felices",SoftDeveloper,⚡️ Android Flutter dev Argentina trabajoar,353998639,0,0,4,0,747.0,es,https://x.com/SoftDeveloper/status/2010058245826891945,1335,False,"Remote-Only, Buenos Aires 🇦🇷"
2,todonoticias,rango,2010057547282309130,2026-01-10 18:33:58+00:00,@todonoticias Quien es café Tacuva...????,OscarOhmaciel,ohmaciel,1557938278086705152,0,0,0,0,2.0,es,https://x.com/OscarOhmaciel/status/2010057547282309130,20,False,
2,todonoticias,rango,2010055938145931742,2026-01-10 18:27:35+00:00,@todonoticias q bizarro,MarabellaLancer,Marina De Santis 🇦🇷,1208069944396730369,0,0,0,0,24.0,es,https://x.com/MarabellaLancer/status/2010055938145931742,1266,False,Congreso. CABA.
2,todonoticias,rango,2010055515502719394,2026-01-10 18:25:54+00:00,@todonoticias En este caso la aplaudo a la piba porque se casó,fiorenzacarla_,Fiore🌟,1598793236,0,0,0,0,210.0,es,https://x.com/fiorenzacarla_/status/2010055515502719394,96,False,Argentina  
2,todonoticias,rango,2010055108562915471,2026-01-10 18:24:17+00:00,@todonoticias Chauuu 💩,Gorilonadeley,Escuela ALBERDISTA,363466556,0,0,0,0,25.0,cy,https://x.com/Gorilonadeley/status/2010055108562915471,268,False,
2,todonoticias,rango,2010054639711043841,2026-01-10 18:22:25+00:00,"@todonoticias Excelente, alguien que tiene esos niveles de alcohol en sangre no está en condiciones de conducir vehículo alguno.",Haig_Nahabed,Haig_Nahabed 🇦🇷,1161461618624159744,0,0,0,0,8.0,es,https://x.com/Haig_Nahabed/status/2010054639711043841,7899,False,C.A.B.A. 
2,todonoticias,rango,2010054288513597581,2026-01-10 18:21:02+00:00,@todonoticias El seguro es un seco y el amor los une jajajajaaajjaaaaaaj,Leo91551105,Tx,1291541163296645121,0,0,1,0,209.0,es,https://x.com/Leo91551105/status/2010054288513597581,40,False,Argentina
2,todonoticias,rango,2010053711461265627,2026-01-10 18:18:44+00:00,@todonoticias https://t.co/KeKJp1DzHN,EpifanioVi84847,Ron Damon,1837912758685519876,0,0,0,0,10.0,qme,https://x.com/EpifanioVi84847/status/2010053711461265627,10,False,
2,todonoticias,rango,2010053004192559477,2026-01-10 18:15:55+00:00,@todonoticias y las ni una menos todas con el orto cerrado yeguas hijas de putas se tendria que llamar la agrupación.... fin,draconzabaleta,Gaby zabaleta,1641531654932930586,0,0,0,0,1.0,es,https://x.com/draconzabaleta/status/2010053004192559477,69,False,
2,todonoticias,rango,2010052692488675679,2026-01-10 18:14:41+00:00,@todonoticias Por qué le brillan los cachetes? 🤔,Riodelaplatasur,Iryno,1771313482496942080,0,0,0,0,27.0,es,https://x.com/Riodelaplatasur/status/2010052692488675679,257,False,Argentina
2,todonoticias,rango,2010051490636017850,2026-01-10 18:09:54+00:00,@todonoticias Van a durar hasta que haya que cambiarle los pañales al vejete jaja,SilviaLili48664,Silvia,1724160451833954304,0,0,0,0,79.0,es,https://x.com/SilviaLili48664/status/2010051490636017850,57,False,
2,todonoticias,rango,2010051453063508425,2026-01-10 18:09:46+00:00,@todonoticias Es mas que claro que alguno de los 2 (por no decir los 2) está enfermo...,Diegotte74,Diego,1158452955525328897,0,0,0,0,23.0,es,https://x.com/Diegotte74/status/2010051453063508425,53,False,
2,todonoticias,rango,2010051025936494625,2026-01-10 18:08:04+00:00,@todonoticias @C5N,Loreferreyra94,Lore 🦋,1363004342517792770,0,0,0,0,15.0,qam,https://x.com/Loreferreyra94/status/2010051025936494625,322,False,
2,todonoticias,rango,2009866571788005736,2026-01-10 05:55:06+00:00,"Gracias a todos los que se pasaron por el stream, juntamos mas de 6 millones en 4 horas que seran de gran ayuda para toda la patagonia de nuesttro pais ❤️

Ademas de lo que pondre yo y el kcip 

Siempre esta bueno poder ayudar. Buenas noches para todos https://t.co/d9wDm5RIJZ",mernuel_,Manu,1873207428,490,1644,36438,245,1461646.0,es,https://x.com/mernuel_/status/2009866571788005736,258319,False,
2,todonoticias,rango,2010050213407604769,2026-01-10 18:04:50+00:00,"@todonoticias Porque mienten? Con que necesidad? A nadie le importa que el le paga para amante y dama de compañía, y ella acepta ese trabajo. Quieren vender que se aman, como si fuéramos todos idiotas. Déjense de joder a nadie le importan los negocios de estos dos",Vilma74132750,Vil🇦🇷🇮🇱🏆🏆🏆,1312030712128835584,0,0,0,0,13.0,es,https://x.com/Vilma74132750/status/2010050213407604769,169,False,
2,todonoticias,rango,2010049534463017228,2026-01-10 18:02:08+00:00,@todonoticias Me parece perfecto. Mujeres al volante siempre son un desastre.,t3mp3rl3y,Sir George Temperley,1518447377744596993,0,1,4,0,183.0,es,https://x.com/t3mp3rl3y/status/2010049534463017228,36317,False,"Buenos Aires, Argentina"
2,todonoticias,rango,2010049370549563694,2026-01-10 18:01:29+00:00,@todonoticias Que idiota,Maria8578Maria,MariaMaria,1970546362371743745,0,0,0,0,,es,https://x.com/Maria8578Maria/status/2010049370549563694,23,False,
2,todonoticias,rango,2010049193449291803,2026-01-10 18:00:47+00:00,"@todonoticias Y cual es la noticia con esto? No es la primera. Y que quiere con esto? Un premio? Felicitaciones querida te comes un viejo decrépito, tu estómago tiene aguante y tenes el autoestima por el piso si vez atractivo unos testiculos con el escroto estirado hasta las rodillas. Que mas?",FacundoOrtiz20,@fortiz.3,438122013,1,0,5,0,402.0,es,https://x.com/FacundoOrtiz20/status/2010049193449291803,744,False,"San Juan, Argentina"
2,todonoticias,rango,2010048539674730649,2026-01-10 17:58:11+00:00,@todonoticias Que pasa que no hay noteros entrevistando a la gente de la zona? Temen algún comentario que no le guste a sus J-efes???,francovid,franco videla,143922218,0,0,3,0,43.0,es,https://x.com/francovid/status/2010048539674730649,371,False,
2,todonoticias,rango,2010048509828030957,2026-01-10 17:58:04+00:00,@todonoticias Busquen en 🇮🇱,losfelipitos,Felipe Contreras,711529935412838401,0,0,4,0,33.0,es,https://x.com/losfelipitos/status/2010048509828030957,482,False,
2,todonoticias,rango,2010048381000003780,2026-01-10 17:57:33+00:00,"@todonoticias El cuerpo habla gente. El rostro, la forma de moverse, la mirada. Esto es muy falso jaja",vane_pyky,PYKY 🎧,388034217,0,0,0,0,332.0,es,https://x.com/vane_pyky/status/2010048381000003780,256,False,ARGENTINA
2,todonoticias,rango,2010048348192157843,2026-01-10 17:57:25+00:00,@todonoticias Pero si ya manejaba igual sin registro. Que estupidez eso,CamisMou,Camis,360158443,0,0,0,0,4.0,es,https://x.com/CamisMou/status/2010048348192157843,77,False,"Buenos Aires, Argentina"
2,todonoticias,rango,2010048214704238934,2026-01-10 17:56:53+00:00,@todonoticias Para ella es muy lindo tener un sugar daddy cajero.🤣🤣,anadir_sau70235,Anadir Saulo,1635850218968064002,17,0,21,0,1983.0,es,https://x.com/anadir_sau70235/status/2010048214704238934,1508,False,"Santa Fe, Argentina"
2,todonoticias,rango,2010047820406116601,2026-01-10 17:55:19+00:00,"@todonoticias Es muy lindo vivir sin prejuicios dice, ahora que pruebe vivir sin los billetes del vejete.",giudeccaodo,Giudecca 🪻,1561520513708707841,0,0,0,0,238.0,es,https://x.com/giudeccaodo/status/2010047820406116601,896,False,En algún lugar del Mundo.
2,todonoticias,rango,2010047717209460998,2026-01-10 17:54:55+00:00,"@todonoticias Deberían reformular “TN internacional” y llamarlo @tnMCM
Se nota mucho, 86% del programa “llorando”.",Alfredo_Brandon,Alfredo Brandon,238757338,0,0,0,0,2.0,es,https://x.com/Alfredo_Brandon/status/2010047717209460998,2017,False,
2,todonoticias,rango,2010047670631690358,2026-01-10 17:54:44+00:00,@todonoticias Tenés que ser muy trola y que te guste más la guita que el dulce de leche para casarte con el Chiqui PAMI 🤣🤣🤣🤣,BaionSam,Sam Baion,1456468270698094611,0,0,33,0,667.0,es,https://x.com/BaionSam/status/2010047670631690358,32,False,
2,todonoticias,rango,2010046951363097020,2026-01-10 17:51:52+00:00,"@todonoticias @EugeniaRolon_ siempre te encontras con algún liberbobo, tranqui no representan a nadie",dextremaderecha,Gabriel,2572138620,0,0,0,0,35.0,es,https://x.com/dextremaderecha/status/2010046951363097020,5112,False,"Buenos Aires, Argentina"
2,todonoticias,rango,2010046599423279576,2026-01-10 17:50:28+00:00,"@todonoticias Che es un monton😅😆

@UltraViolet4A 
@RosaritoXi 
@jaq_m14 
@FlorenciaG79 
@lili_VV070925",SebaAbregu,Sebastian_Abregu,1184676436302598144,3,0,4,0,725.0,fr,https://x.com/SebaAbregu/status/2010046599423279576,1219,False,
2,todonoticias,rango,2010046369789321335,2026-01-10 17:49:34+00:00,@todonoticias eugEbria Ron,EzequielVa19593,La Huérfana,1902173971120058370,0,0,0,0,3.0,de,https://x.com/EzequielVa19593/status/2010046369789321335,7,False,
2,todonoticias,rango,2010046154516656408,2026-01-10 17:48:42+00:00,@todonoticias Pobrecita🤦‍♀️,m_natalia_ca,Natalia,2557288676,0,0,0,0,3.0,es,https://x.com/m_natalia_ca/status/2010046154516656408,1131,False,"Montevideo, Uruguay"
2,todonoticias,rango,2010046030507868573,2026-01-10 17:48:13+00:00,@todonoticias no entiendo porque no informan sobre lo que está ocurriendo en Irán.  Es muy importante.,Cardeste,C_H_D,231596926,0,0,0,0,23.0,es,https://x.com/Cardeste/status/2010046030507868573,224,False,"Buenos Aires, Argentina"
2,todonoticias,rango,2010045606262374447,2026-01-10 17:46:32+00:00,@todonoticias Basta por favor! No es graciosa ésta piba. NO DA GRACIA!!! A quien le está tirando el fideo en TN?,HUTCHHUTCH1980,HUTCH 🇦🇷🇺🇲,1713242968243531776,0,0,0,0,8.0,es,https://x.com/HUTCHHUTCH1980/status/2010045606262374447,1532,False,
2,todonoticias,rango,2010045565682475348,2026-01-10 17:46:22+00:00,"@todonoticias Pregunta honesta....me parece excelente que pase eso, pero a la unica que engancharon borracha manejando sin registro?? Y aunque tenga registro la persona no deberian de haber penas mas duras?",martin_i_naiman,martin,1701412422592929792,0,0,0,0,33.0,es,https://x.com/martin_i_naiman/status/2010045565682475348,15,False,
2,todonoticias,rango,2010045338011480407,2026-01-10 17:45:28+00:00,"@todonoticias y esta perfecto, saquele punta amigo. No le de bola a los boludos de cristal",JorgeRo7401989,Yo estuve en PinchaPasion!,1637585048911093760,0,0,0,0,77.0,es,https://x.com/JorgeRo7401989/status/2010045338011480407,55,False,
2,todonoticias,rango,2010045305690165318,2026-01-10 17:45:20+00:00,"@todonoticias Amigo,todo a nombre de tus hijos. Haceme caso.",AlexDEL17343929,Alex DELARGE,1362196987806949384,0,0,0,0,86.0,es,https://x.com/AlexDEL17343929/status/2010045305690165318,32,False,
2,todonoticias,rango,2010045281627451491,2026-01-10 17:45:14+00:00,"@todonoticias La carita del tipo jijojojojejejejujujuju
Y yo pensaba que mis chistes eran malos https://t.co/mSRCKWcfty",VonZarovich13,Von Zarov,1846409404037414912,0,0,1,0,18.0,es,https://x.com/VonZarovich13/status/2010045281627451491,211,False,
2,todonoticias,rango,2010045105290523093,2026-01-10 17:44:32+00:00,@todonoticias Es Bilbo. https://t.co/0vczhA09SL,rodrigog259913,BigFish,1749437561989152768,0,0,0,0,27.0,eu,https://x.com/rodrigog259913/status/2010045105290523093,137,False,Peronistán
2,todonoticias,rango,2010044339167330740,2026-01-10 17:41:29+00:00,@todonoticias Edad y peso es mejor info..,El_Diacono,El Diácono 🇦🇷,1775707469278236674,0,0,0,0,129.0,es,https://x.com/El_Diacono/status/2010044339167330740,60,False,
2,todonoticias,rango,2010044299321528648,2026-01-10 17:41:20+00:00,"@todonoticias Perdón, 25 donde mami? JAAJAAJAJAJA",pennyopina,Sindiwindy,1680560496993263624,0,0,0,0,47.0,es,https://x.com/pennyopina/status/2010044299321528648,138,False,
2,todonoticias,rango,2010044172242432024,2026-01-10 17:40:50+00:00,"@todonoticias 2099 ??‽??????

DENTRO DE 74 AÑOS?????",MaximoSche82662,MAX VILLA BALLESTER,1823986448254599168,0,0,0,0,2.0,es,https://x.com/MaximoSche82662/status/2010044172242432024,7,False,Villa Ballester
2,todonoticias,rango,2010044156354396673,2026-01-10 17:40:46+00:00,@todonoticias Chicas...trabajen la autoestima...quieransé,talauri62,UNA TIPA DIVINA,938218268,0,0,0,0,228.0,es,https://x.com/talauri62/status/2010044156354396673,476,False,
2,todonoticias,rango,2010044100201066779,2026-01-10 17:40:32+00:00,@todonoticias Médicos 👏👏👏👏👏👏🥹,Maradrianafeliz,Maradriana🇦🇷,1793468338321907712,0,0,0,0,3.0,es,https://x.com/Maradrianafeliz/status/2010044100201066779,47,False,
2,todonoticias,rango,2010042837241622855,2026-01-10 17:35:31+00:00,@todonoticias Cómo rompen los huevos con la inútil esa por dios,cephandrius14,Cephandrius14,2002035073823248384,1,0,0,0,296.0,es,https://x.com/cephandrius14/status/2010042837241622855,11,False,
2,todonoticias,rango,2010042810918178925,2026-01-10 17:35:25+00:00,"@todonoticias Te juro que cuando empezó el video pensé, es el Chiqui Tapia.",pepitojuarez53,pepitojuarez,1790362864361807873,0,0,2,0,116.0,es,https://x.com/pepitojuarez53/status/2010042810918178925,6,False,
2,todonoticias,rango,2010042734300835892,2026-01-10 17:35:07+00:00,@todonoticias Jajajaja estuvo buena,jerem67390,Jeremias Enrique,1818114250566459393,0,0,0,0,11.0,es,https://x.com/jerem67390/status/2010042734300835892,5,False,
2,todonoticias,rango,2010042499423961215,2026-01-10 17:34:11+00:00,"@todonoticias Más cerca del cajón , más rápida la herencia",Mononeuralinkk,Mononeuralink,1805750676322140160,0,0,0,0,43.0,es,https://x.com/Mononeuralinkk/status/2010042499423961215,6,False,
2,todonoticias,rango,2010042468230914499,2026-01-10 17:34:03+00:00,@todonoticias Me encantan los finales felices. Ahora hagamos algo para frenar a los que manejan mirando el celular como si estuvieran solos en su baño. Gracias.,BalbastroLau,Soy Lau,1225222166750334978,0,0,2,0,111.0,es,https://x.com/BalbastroLau/status/2010042468230914499,913,False,Ciudad de Buenos Aires 
2,todonoticias,rango,2010041927920693379,2026-01-10 17:31:55+00:00,@todonoticias Se unieron en son de quiero plata y quiero una joven xd se re nota.,RitsuDelMillo,Ritsu,3100689616,0,0,0,0,39.0,es,https://x.com/RitsuDelMillo/status/2010041927920693379,230,False,Ciudad Autónoma de Buenos Aire
2,todonoticias,rango,2010040815385751911,2026-01-10 17:27:29+00:00,"@todonoticias Cosas del tirano kichi peligroso con quien no son su chupamedia…mira q rapido todo ahora el
Ministro borracho patotero sigue ahi y tapia en el ceamse",gustirobert,corazón pincha,144302485,0,0,0,0,4.0,es,https://x.com/gustirobert/status/2010040815385751911,180,False,"LA PLATA CITY, ARGENTINA"
2,todonoticias,rango,2010040690055737434,2026-01-10 17:26:59+00:00,@todonoticias Basta... Por favor te lo pido!!,LeandroGonh,Lean,1176291949709549570,0,0,0,0,3.0,es,https://x.com/LeandroGonh/status/2010040690055737434,34,False,
2,todonoticias,rango,2010040633092911276,2026-01-10 17:26:46+00:00,@todonoticias Excelente medida.,ChoriCaviar,ChoriCaviar,1514984952995082241,0,0,0,0,3.0,es,https://x.com/ChoriCaviar/status/2010040633092911276,532,False,
2,todonoticias,rango,2010039999216136330,2026-01-10 17:24:15+00:00,"@todonoticias Matías Ale, Tinelli y Nito Artaza aplauden",Gonza2489387388,Mustang,1660153193207046144,0,0,0,0,43.0,es,https://x.com/Gonza2489387388/status/2010039999216136330,244,False,
2,todonoticias,rango,2010039661910257712,2026-01-10 17:22:54+00:00,@todonoticias SON UNA VERGÜENZA!! 🚩🤡,disidenteV,LaDisidenteX🦁📢🌟🌟🇦🇷 fotografa,1726257189994594304,0,0,0,0,19.0,es,https://x.com/disidenteV/status/2010039661910257712,1275,False,Ciudad Autónoma de Buenos Aire
2,todonoticias,rango,2010039617039544786,2026-01-10 17:22:44+00:00,@todonoticias Ella no lo Ama..lo está usando,Leon_M72,Leon_M1,1671285872845529088,1,0,4,0,449.0,es,https://x.com/Leon_M72/status/2010039617039544786,6586,False,9 de Julio
2,todonoticias,rango,2010039088007807410,2026-01-10 17:20:37+00:00,@todonoticias JAJAJAJAJAJAJAJA,Toms0n_,Tomson,1536527840631394310,0,0,0,0,22.0,es,https://x.com/Toms0n_/status/2010039088007807410,673,False,
2,todonoticias,rango,2010039079015256433,2026-01-10 17:20:35+00:00,@todonoticias Viejo pito corto,Mascapito211,cici,1997384785799561216,0,0,0,0,21.0,es,https://x.com/Mascapito211/status/2010039079015256433,0,False,
2,todonoticias,rango,2010038890997137497,2026-01-10 17:19:50+00:00,@todonoticias 😂🤣😂🤣😂 ni ella se lo cree,Adriana56224210,Adry siempre con MM💛 ÑOÑO REPUBLICANO,1370121481942921220,0,0,0,0,78.0,es,https://x.com/Adriana56224210/status/2010038890997137497,14346,False,"Córdoba, Argentina"
2,todonoticias,rango,2010038819081596945,2026-01-10 17:19:33+00:00,@todonoticias For the empanadas?,DC20228,DSC2022,1518769088167919622,0,0,0,0,9.0,es,https://x.com/DC20228/status/2010038819081596945,17,False,
2,todonoticias,rango,2010038520656928783,2026-01-10 17:18:22+00:00,"@todonoticias Jaja. 
Creen que pueden afectar a Milei. 
Siguen sin verla.",locke_ok,Juan Locke,1741574764169175040,0,0,0,0,16.0,es,https://x.com/locke_ok/status/2010038520656928783,149,False,
2,todonoticias,rango,2010038091860578331,2026-01-10 17:16:40+00:00,@todonoticias @clarin @AmericaTV @lanacionmas @eltrece,patrimedaglia,Patricia Medaglia,304083386,0,0,1,0,16.0,qam,https://x.com/patrimedaglia/status/2010038091860578331,846,False,Pcia. de Buenos Aires
2,todonoticias,rango,2010019666220229040,2026-01-10 16:03:27+00:00,"En Balcarce un caco entró a robar a una casa con la tobillera electrónica puesta⚰️

La provincia es tierra de nadie✌️ https://t.co/EcNfX4y13v",Trumperizar,Mati Smith🇦🇷,1269778306838204420,22,363,1300,11,8609.0,es,https://x.com/Trumperizar/status/2010019666220229040,100960,False,
2,todonoticias,rango,2010038034407047666,2026-01-10 17:16:26+00:00,"@todonoticias Dejame adivinar.
Él es jubilado de la mínima y ella empresaria?
Acerté?",ArielEscalant3,John Wick bostero,878321307145748481,1,0,5,0,289.0,es,https://x.com/ArielEscalant3/status/2010038034407047666,406,False,"Washington, DC"
2,todonoticias,rango,2010037536803172406,2026-01-10 17:14:28+00:00,"@todonoticias Se casó con ella, el señor tuvo los testes en su sitio, hizo lo que correspondía. Si son felices no le veo nada de malo. Bien por ellos.",nez_rebeca,Rebeca Núñez,362863563,0,0,0,0,435.0,es,https://x.com/nez_rebeca/status/2010037536803172406,315,False,Lima-Perú
2,todonoticias,rango,2010036846424928478,2026-01-10 17:11:43+00:00,"@todonoticias Cuando toque los 70 la salud va a empezar a ir en picada, espero que ella sepa algo de tratar con adultos mayores porque lo que se le viene va a ser muy duro
Si es que lo ama obviamente",FideosInst,Fideos Instantáneos Fritos,1902659529692659712,0,0,1,0,580.0,es,https://x.com/FideosInst/status/2010036846424928478,0,False,
2,todonoticias,rango,2010036120898429424,2026-01-10 17:08:50+00:00,@todonoticias Te buscaste un seco jajaja,Vict13522Adrian,Adrian Victor Silvestri,1727797855367106560,0,0,0,0,357.0,es,https://x.com/Vict13522Adrian/status/2010036120898429424,2,False,
2,todonoticias,rango,2010028763833360832,2026-01-10 16:39:36+00:00,"Estos periodistas de TN afirmaron en vivo que Eugenia Rolón atropelló y mató en la Costa. 

SE VAN A COMER LA DE KING KONG.  https://t.co/Jy9J5KHSzh",CroArg,.,1406875564623994881,70,308,2803,21,130730.0,es,https://x.com/CroArg/status/2010028763833360832,64707,False,
2,todonoticias,rango,2010036073469251697,2026-01-10 17:08:39+00:00,@todonoticias imposible ignorar el paso del tiempo cuando el viejo la quede en un par de años,Squirtlebasado,Albo Squirtle,1679243753775562756,0,0,1,0,686.0,es,https://x.com/Squirtlebasado/status/2010036073469251697,107,False,Olympus
2,todonoticias,rango,2010035894670274991,2026-01-10 17:07:56+00:00,@todonoticias Muy avanzada la edad. 25 ya están viejas.,PetiOrejudo,Petiso Orejudo ⭐⭐⭐,2458251876,0,0,0,0,79.0,es,https://x.com/PetiOrejudo/status/2010035894670274991,264,False,República del Conurbano
2,todonoticias,rango,2010035743763370489,2026-01-10 17:07:20+00:00,@todonoticias piola,Annick33525810,0x04Nn1Ck,1347264092294291456,0,0,0,0,30.0,es,https://x.com/Annick33525810/status/2010035743763370489,434,False,
2,todonoticias,rango,2010035458777174155,2026-01-10 17:06:12+00:00,@todonoticias RePitan conmigo HI-PER-GA-MIA 🍾💵 femenina,Alberto78598789,Maxi Rodriguez,958495007144628225,0,0,1,0,112.0,es,https://x.com/Alberto78598789/status/2010035458777174155,1995,False,
2,todonoticias,rango,2010035154413400483,2026-01-10 17:05:00+00:00,"@todonoticias Bueno más allá de que a muchos les puede parecer un asco, el viejo está bueno. Decís 68 y te imaginas un viejo decrépito y nada que ver el",Adana08911784,Aldi,1608274604170125318,3,0,3,0,2272.0,es,https://x.com/Adana08911784/status/2010035154413400483,65,False,
2,todonoticias,rango,2010034750392762468,2026-01-10 17:03:23+00:00,@todonoticias Digo y a quien le puede molestar esta noticia?,encontrarte22,Emanuel 🎨🎮🇦🇷,370689698,0,0,0,0,204.0,es,https://x.com/encontrarte22/status/2010034750392762468,312,False,"San Fernando, Argentina"
2,todonoticias,rango,2010034068910682547,2026-01-10 17:00:41+00:00,@todonoticias Bue,carinaca2022,carina castro,1577272656633659394,0,0,0,0,140.0,und,https://x.com/carinaca2022/status/2010034068910682547,14,False,
2,todonoticias,rango,2010034038376198172,2026-01-10 17:00:34+00:00,@todonoticias No tenía registro. Así nunca va a aprender a manejar,danielmvega,Daniel Vega,117197021,0,0,0,0,10.0,es,https://x.com/danielmvega/status/2010034038376198172,148,False,Argentina
2,todonoticias,rango,2010033873028297208,2026-01-10 16:59:54+00:00,@todonoticias @CroArg Los kukas son siempre y en todo lugar un rejunte de subnormales resentidos,BrunoST101,Bruno Tagui,1382801544672862209,0,0,0,0,6.0,es,https://x.com/BrunoST101/status/2010033873028297208,34,False,
2,todonoticias,rango,2010033506173497368,2026-01-10 16:58:27+00:00,@todonoticias Se aseguro de casarse la turra jaja,dondomingonet,Don Domingo,1561910948,0,0,0,0,13.0,es,https://x.com/dondomingonet/status/2010033506173497368,46,False,Argentina
2,todonoticias,rango,2010033098986270737,2026-01-10 16:56:50+00:00,@todonoticias Son musulmanes?,Alfredo_Brandon,Alfredo Brandon,238757338,0,0,0,0,111.0,tr,https://x.com/Alfredo_Brandon/status/2010033098986270737,2017,False,
2,todonoticias,rango,2010032915703624010,2026-01-10 16:56:06+00:00,@todonoticias Excelente Luli.,Sawlito1,Sawlito,1272235808817328133,0,0,0,0,2.0,es,https://x.com/Sawlito1/status/2010032915703624010,83,False,
2,todonoticias,rango,2010032705430544831,2026-01-10 16:55:16+00:00,"@todonoticias Y al Carli blanco ministro del kici le dejaron el auto, y se hizo llevar por un empleado estatal.., no pago la multa ni le sacaron el registro..
Argentina pais generoso...",dorellan2004,danielmdp,324091510,0,0,1,0,5.0,es,https://x.com/dorellan2004/status/2010032705430544831,549,False,
2,todonoticias,rango,2010032111923933439,2026-01-10 16:52:54+00:00,@todonoticias cuánta $$ estaría dejando el metalero 🤔,marianobohe,Mariano,529368724,0,0,0,1,262.0,es,https://x.com/marianobohe/status/2010032111923933439,440,False,"Buenos Aires, Argentina 🇦🇷"
2,todonoticias,rango,2010031863012962810,2026-01-10 16:51:55+00:00,"@todonoticias El feo pero muy bien para su edad,ella hecha pelota para 28,deben ser de aportes...si se quieren y ambos obtiene lo que quiere del otro...welcome...cada uno de su culo hace un pito",con_montecrist,CONDESADEMONTECRISTO,1563772364877332480,0,0,0,0,35.0,es,https://x.com/con_montecrist/status/2010031863012962810,48,False,Rumania 
2,todonoticias,rango,2010031693240123852,2026-01-10 16:51:14+00:00,@todonoticias Una pelotuda,ANieuweuhuyze,Aldi Nieuweuhuyze,1230348253163642882,0,0,0,0,3.0,es,https://x.com/ANieuweuhuyze/status/2010031693240123852,45,False,
2,todonoticias,rango,2010031396870598746,2026-01-10 16:50:04+00:00,"@todonoticias @cronica @Cronistacom @radiomitre @Rivadavia630 @edufeiok @Cris_noticias @A24COM @canal26noticias @AmericaTV @LANACION @lanacionmas 
PORQUÉ NINGUN MEDIO PERIODISTICO HABLA DE IRÁN?
Más de 10 días de crisis política y conmoción callejera y ustedes MUDOS!",bfgodoy,bgdevg,149626238,0,0,0,0,38.0,es,https://x.com/bfgodoy/status/2010031396870598746,285,False,"VG, SF, Argentina"
2,todonoticias,rango,2010013888016990243,2026-01-10 15:40:29+00:00,🇮🇷 — Acaban de ingresar a la Embajada de Irán en Londres y han quitado la bandera del régimen islámico para poner en su lugar la verdadera bandera de los iraníes libres. https://t.co/4mVP9uyAOv,agusantonetti,Agustín Antonetti,374699026,1361,26878,146578,820,3821240.0,es,https://x.com/agusantonetti/status/2010013888016990243,460194,False,"Miami, FL"
2,todonoticias,rango,2010030723458314637,2026-01-10 16:47:23+00:00,@todonoticias Zaira ya cobro por sus servicios dejenla en paz,dondomingonet,Don Domingo,1561910948,0,0,2,0,143.0,es,https://x.com/dondomingonet/status/2010030723458314637,46,False,Argentina
2,todonoticias,rango,2010030431429898696,2026-01-10 16:46:14+00:00,"@todonoticias Genia. 
Abrazo grande de un venezolano aliviado con la extracción de Maduro y el inicio del fin de la dictadura.",CarlosEduJimVa,Carlos Jiménez,1654510939704643584,0,0,0,0,2.0,es,https://x.com/CarlosEduJimVa/status/2010030431429898696,77,False,
2,todonoticias,rango,2010030366590148806,2026-01-10 16:45:58+00:00,@todonoticias Le salió mal a la niña. Pensó que se lo tenia q fumar 2 o 3 años y quedarse con todo y aca lo tenes.,EmilianoRa5834,Emi stereo,1898034660396924928,0,0,0,0,82.0,es,https://x.com/EmilianoRa5834/status/2010030366590148806,1,False,
2,todonoticias,rango,2010030011215192444,2026-01-10 16:44:33+00:00,"@todonoticias El que las hace las paga, gracias Javier Milei !!",Carl0s_Albert02,lucho,1724869152756875264,0,0,0,0,4.0,es,https://x.com/Carl0s_Albert02/status/2010030011215192444,298,False,
2,todonoticias,rango,2010029575687024646,2026-01-10 16:42:50+00:00,"@todonoticias Hoy, las calles de Argentina, vuelven a ser mas seguras. La justicia vuelve a tomar una medida idonea al igual que lo hicieron con Nahir Galarza. Hoy tenemos una conductora menos por la cual preocuparnos.",XxRedGamerxX_YT,Flordelys 🪷 // 🧉,1757366959341961216,0,0,0,0,180.0,es,https://x.com/XxRedGamerxX_YT/status/2010029575687024646,162,False,"Chivilcoy, Argentina"
2,todonoticias,rango,2010029507881906251,2026-01-10 16:42:33+00:00,@todonoticias Dale Carlo... Pudiste (y puedes!! 💪💪💪tengo fe en ti) llegar más lejos,sanab82272,Damiån San,1891823580825927680,0,0,0,0,559.0,es,https://x.com/sanab82272/status/2010029507881906251,3,False,
2,todonoticias,rango,2010029080431972613,2026-01-10 16:40:51+00:00,@todonoticias Perdón pero que tiene que ver de quién es novia ????? Y si hace dos años andaba con un kirchnerista hubieran titulado “la ex novia de un kirchnerista se tiró un pedo en el subte lleno”?????,Colomboriginal,El almirante genovés,813723901,0,0,1,0,103.0,es,https://x.com/Colomboriginal/status/2010029080431972613,695,False,Estacion orbital MIR
2,todonoticias,rango,2010028957702484407,2026-01-10 16:40:22+00:00,@todonoticias A este hasta cuando lo inhabilitaron? ✌🏻🤡 https://t.co/vTN6nuiXbR,Chokinho90,Chokín,1448356126488137729,0,0,0,0,2.0,es,https://x.com/Chokinho90/status/2010028957702484407,69,False,allá la están ubicando
2,todonoticias,rango,2010027648186220681,2026-01-10 16:35:10+00:00,@todonoticias 25 Del segundo tiempo 🙄🙄🙄,ortiz_py,ortiz_py,365526184,0,0,0,0,325.0,es,https://x.com/ortiz_py/status/2010027648186220681,131,False,
2,todonoticias,rango,2010027567617847769,2026-01-10 16:34:51+00:00,@todonoticias A la gente debería importarle una chota y que cada uno se ocupe de su vida.,MarceloCerini,Marcelo Cerini,3348107675,0,0,1,0,318.0,es,https://x.com/MarceloCerini/status/2010027567617847769,534,False,
2,todonoticias,rango,2010027446045946143,2026-01-10 16:34:22+00:00,"@todonoticias Volvió con su novia real, la Nara fue la indiscreción",Laurelicus,Laurelicus,1390592113,0,0,1,0,188.0,es,https://x.com/Laurelicus/status/2010027446045946143,108,False,
2,todonoticias,rango,2010027337065345110,2026-01-10 16:33:56+00:00,"@todonoticias Que se vaya a Uruguay, que vaya a la mierda, hdp. Pero tanto que le gusta el socialismo xq no se va a Cuba el puto este. Para estos tipos es lindo opinar desde la comodidad de un sillon, desde España o Uruguay. Hdlgp, nunca laburaon de verdad lo mantenieron los kukas.",EdgarMay01,Edgar May,1728149169334849536,0,1,1,0,7.0,es,https://x.com/EdgarMay01/status/2010027337065345110,4,False,
2,todonoticias,rango,2010027053933048252,2026-01-10 16:32:48+00:00,"@todonoticias Ella parece de 40, encajan bien 😂",MaryFUCKUFF,Mary 🖕🏽,1610099693354115072,0,0,0,0,366.0,es,https://x.com/MaryFUCKUFF/status/2010027053933048252,10,False,
2,todonoticias,rango,2010025868090122457,2026-01-10 16:28:06+00:00,"@todonoticias en boca, River, etc, tienen que venir jugadores que no le Pesen La Camiseta. Sino tenes éstos problemas, que se observan en River, Boca otros grandes.",dalibenito,E F,280780841,0,0,0,0,3.0,es,https://x.com/dalibenito/status/2010025868090122457,512,False,Ciudad Autónoma de Buenos Aire
2,todonoticias,rango,2010025790038257701,2026-01-10 16:27:47+00:00,"@todonoticias Manden noteros como cuando hay un huracán en Miami, y hablen con la gente.",pablofgallo,Pablo F. Gallo,1246731306,0,0,2,0,66.0,es,https://x.com/pablofgallo/status/2010025790038257701,1330,False,"La Plata, Argentina"
2,todonoticias,rango,2010025238961193318,2026-01-10 16:25:36+00:00,@todonoticias El tío del marido de Pampita 🤷‍♂️,nicoaf10,nicoaf,1271505921638883328,0,0,0,0,27.0,es,https://x.com/nicoaf10/status/2010025238961193318,271,False,
2,todonoticias,rango,2010025051442344088,2026-01-10 16:24:51+00:00,@todonoticias Le mintió al viejo diciendole que tiene 25…,venusinfuriu,Venus in Furs,1603272246402977792,0,0,1,0,341.0,es,https://x.com/venusinfuriu/status/2010025051442344088,366,False,Ciudad Autónoma de Buenos Aire
2,todonoticias,rango,2010024619550593406,2026-01-10 16:23:08+00:00,@todonoticias https://t.co/Fkufbm4B5A,Cuentas264359,El silenciado,1985677800712650755,0,0,0,0,16.0,qme,https://x.com/Cuentas264359/status/2010024619550593406,0,False,
2,todonoticias,rango,2010024479456645155,2026-01-10 16:22:35+00:00,@todonoticias Un gringo promedio.,Donchuy95099039,Donchuy 👉😏👈,1495513080700313609,0,0,2,0,633.0,es,https://x.com/Donchuy95099039/status/2010024479456645155,94,False,Mexico.
2,todonoticias,rango,2010024307653853633,2026-01-10 16:21:54+00:00,@todonoticias Manga de astudas...,El_Versatil10,El versátil 3.0,1890857189281308672,0,0,1,0,407.0,es,https://x.com/El_Versatil10/status/2010024307653853633,1,False,"Salta, Argentina"
2,todonoticias,rango,2010023985506070536,2026-01-10 16:20:37+00:00,@todonoticias Ojala los encuentren!!! La pena por provocar incendios debe ser ejemplar!!! Capaz hay que cambiar las leyes,lilival1,lili val,811701781,0,0,0,0,37.0,es,https://x.com/lilival1/status/2010023985506070536,51,False,
2,todonoticias,rango,2010023754609656222,2026-01-10 16:19:42+00:00,"@todonoticias Ufff TN, te parece bancar esto? 🚩🚩",rantifussa,Lu ✨️,1464187597455257601,0,0,0,0,181.0,es,https://x.com/rantifussa/status/2010023754609656222,38,False,
2,todonoticias,rango,2010023354150072404,2026-01-10 16:18:06+00:00,@todonoticias Increíblemente se va a ir a sacar el registro en 70 años y Bullrich va a seguir con algún puesto en el Estado,Bensworld_3,Bens 🇦🇷,1965175850,0,0,0,0,53.0,es,https://x.com/Bensworld_3/status/2010023354150072404,69,False,"Buenos Aires, Argentina."
2,todonoticias,rango,2010023309501669833,2026-01-10 16:17:56+00:00,"@todonoticias 
@tndeportivo 
Sin Caruso Lombardi 
Los demás son cartón pintado,sin ofender",MediciJorge,Jorge Medici,985091389,0,0,0,0,7.0,es,https://x.com/MediciJorge/status/2010023309501669833,3607,False,"Buenos Aires, Argentina"
2,todonoticias,rango,2010023228950114344,2026-01-10 16:17:36+00:00,@todonoticias viejo trolo,la_morzah,Hugh Mungus Tutuca Edition 🇦🇷,1597959787945361409,0,0,0,0,44.0,es,https://x.com/la_morzah/status/2010023228950114344,209,False,
2,todonoticias,rango,2010023121903104140,2026-01-10 16:17:11+00:00,@todonoticias Hasta 2099. Fuente TN ajjajajajajaja,PipoAugusto,Pipo,160757767,0,0,0,0,12.0,es,https://x.com/PipoAugusto/status/2010023121903104140,184,False,
2,todonoticias,rango,2010022717064716651,2026-01-10 16:15:34+00:00,@todonoticias Que esperaban las Nara son gatos viejos..gente marginal.gebte grasa y vividora .,SilviaD41447748,Silvia Dazxa,871463170921160704,0,0,13,0,393.0,es,https://x.com/SilviaD41447748/status/2010022717064716651,138,False,
2,todonoticias,rango,2010022295298027717,2026-01-10 16:13:54+00:00,"@todonoticias diria que el tipo no tenia suficiente guita, sino se buscaba algo mejor, y que esté flaca",boludo2596,Boludo Mal,1654386603228291072,0,0,0,0,17.0,es,https://x.com/boludo2596/status/2010022295298027717,17,False,
2,todonoticias,rango,2010022221369270513,2026-01-10 16:13:36+00:00,@todonoticias #TNmorbo,titiriti9,titiriti⭐⭐⭐,1204898619821903872,0,0,0,0,413.0,qme,https://x.com/titiriti9/status/2010022221369270513,302,False,
2,todonoticias,rango,2010021997561229352,2026-01-10 16:12:43+00:00,@todonoticias #tndeportivo cual es tanto el interés de river en reforzar el equipo si no juega libertadores https://t.co/Rws1hJUFqE,terminador1160,Emilio Durán,701867865130008577,0,0,0,0,5.0,es,https://x.com/terminador1160/status/2010021997561229352,17,False,
2,todonoticias,rango,2010021050688659558,2026-01-10 16:08:57+00:00,"@todonoticias El viejo mientras hablaba: ""Ya cállate maldita cariñosa, cada maldito segundo me cuesta carísimo"" https://t.co/Z4ldy0qTnR",HugoEterno3,Hugo De León - Dios Eterno,148163953,1,0,5,0,560.0,es,https://x.com/HugoEterno3/status/2010021050688659558,749,False,"Montevideo, Uruguay"
2,todonoticias,rango,2010020159621398587,2026-01-10 16:05:25+00:00,"@todonoticias Investiguen a Matt Smith, también es un ligón de cuidado,yo he ligado 20 veces con él 😂😂😂😂",madoteto3,LOLI II*II🏴󠁧󠁢󠁥󠁮󠁧󠁿 🇮🇱,1223088104,0,0,0,0,282.0,es,https://x.com/madoteto3/status/2010020159621398587,513,False,lleida
2,todonoticias,rango,2010020135738978383,2026-01-10 16:05:19+00:00,@todonoticias Que se re mil cague,ernes_tito11,Ernesto,1837145261854052357,0,0,0,0,8.0,es,https://x.com/ernes_tito11/status/2010020135738978383,7,False,
2,todonoticias,rango,2010019929144311954,2026-01-10 16:04:30+00:00,@todonoticias Billetera Mata Galán!!,ClaudioO1965,Godines65,1302639531997499392,0,0,0,0,27.0,es,https://x.com/ClaudioO1965/status/2010019929144311954,31,False,
2,todonoticias,rango,2010019462079266973,2026-01-10 16:02:38+00:00,"@todonoticias Se muere BBardot que hizo mucho x el cine y los animales y está anciana acá sin aportar nada!
Que injusto x que cdo no este queda si prole parásita.",Baudinavanderk,BaudinaVanDerkerkhof,158134944,0,0,0,0,64.0,es,https://x.com/Baudinavanderk/status/2010019462079266973,442,False,Amsterdam
2,todonoticias,rango,2010019327756644411,2026-01-10 16:02:06+00:00,@todonoticias BILLETERA MATA GALAN,sandraofi,Suelen Castro,262280202,0,0,0,0,236.0,eu,https://x.com/sandraofi/status/2010019327756644411,217,False,Uruguay - periodista objetiva 
2,todonoticias,rango,2010019250296262723,2026-01-10 16:01:48+00:00,@todonoticias #EsteFinde buen dia.feliz reyes d copas.salud dde llavallol https://t.co/f38DAFo5yb,Ucra1962,Ucra,1714629225141932032,0,0,0,0,14.0,es,https://x.com/Ucra1962/status/2010019250296262723,1,False,
2,todonoticias,rango,2010019230197096776,2026-01-10 16:01:43+00:00,@todonoticias ASCO!!,Maranco5,RR 💛,1185336469994520577,0,0,0,0,67.0,pt,https://x.com/Maranco5/status/2010019230197096776,1878,False,
2,todonoticias,rango,2010019119819878636,2026-01-10 16:01:17+00:00,"@todonoticias 
@A24COM 
@LANACION   
@radiomitre
Por que tan callados 🤨🤨",anbebar,Ann,88773460,0,0,0,0,2.0,es,https://x.com/anbebar/status/2010019119819878636,2159,False,
2,todonoticias,rango,2009761910535889316,2026-01-09 22:59:13+00:00,"2 de la mañana en Irán y la gente sigue en las calles dándolo todo para sacar a patadas al régimen islámico. No quieren más sharia y están quemando mezquitas; mientras tanto, en occidente abrazan lo que están rechazando en oriente. Racionalidad salió del chat.",KalinaAnnGG,Kalina Ann,1089249692108685313,62,1919,6615,15,48907.0,es,https://x.com/KalinaAnnGG/status/2009761910535889316,56568,False,Argentina
2,todonoticias,rango,2010019087423082932,2026-01-10 16:01:09+00:00,@todonoticias EL AMOR DE ESTA ES DIRECTAMENTE PROPORCIONAL A CUANTOS BILLETES TIENE EL VIEJO IMAGINATE TENER Q LABURAR AHORA VIVE DE LA PROSTITUCIÓN SEXO A CAMBIO DE PLATA CON EL VIEJO ESTE HAY GENTE Q ES FUE Y SERA PROSTITUTA,sandraofi,Suelen Castro,262280202,0,0,2,0,417.0,es,https://x.com/sandraofi/status/2010019087423082932,217,False,Uruguay - periodista objetiva 
2,todonoticias,rango,2010018986868826252,2026-01-10 16:00:45+00:00,@todonoticias por la plata baila el mono,666amoryodio,el infierno de tu gloria,1952808136596746240,0,0,0,0,596.0,es,https://x.com/666amoryodio/status/2010018986868826252,53,False,
2,todonoticias,rango,2010018717430886644,2026-01-10 15:59:41+00:00,@todonoticias Todas las fotos y videos son de joda jajauajaauauaua,RectificateYA,PERRO ALFA.,1460237542276669447,0,0,0,0,76.0,es,https://x.com/RectificateYA/status/2010018717430886644,57,False,
2,todonoticias,rango,2010018554620653891,2026-01-10 15:59:02+00:00,@todonoticias Si era el almacenero de la esquina no iba a estar tan segura. Hablan de amor pero amor a la biyuya.,RectificateYA,PERRO ALFA.,1460237542276669447,0,0,1,0,148.0,es,https://x.com/RectificateYA/status/2010018554620653891,57,False,
2,todonoticias,rango,2010018531656773894,2026-01-10 15:58:56+00:00,@todonoticias Las mujeres jóvenes de argentina vergüenza ajena las sub30 dignidad 0 día tras día.,lucas2027939,lucas,1889738673291485184,0,0,0,0,58.0,es,https://x.com/lucas2027939/status/2010018531656773894,2,False,
2,todonoticias,rango,2010018498588881398,2026-01-10 15:58:49+00:00,@todonoticias Señor dinero 🤑💵💵💵,Vanusky2,Vanusky,1219995901739094016,0,0,0,0,39.0,es,https://x.com/Vanusky2/status/2010018498588881398,16,False,
2,todonoticias,rango,2010018334398681382,2026-01-10 15:58:09+00:00,@todonoticias Marche otra copa escritorio para rosario central,lau_abrazo,Lᴀᴜ 🦁🇦🇷,1517826265,0,0,0,0,66.0,es,https://x.com/lau_abrazo/status/2010018334398681382,2464,False,Argentina
2,todonoticias,rango,2010018251355652199,2026-01-10 15:57:50+00:00,@todonoticias Gorda trola nadie te cree Jajajaj,GabrielvJulian,Ma Jorant,925902923304980488,0,0,1,0,99.0,es,https://x.com/GabrielvJulian/status/2010018251355652199,146,False,Argentina
2,todonoticias,rango,2010017919128977634,2026-01-10 15:56:30+00:00,"@todonoticias Está mal, pero NO tan mal.",MaxPowell5,Max Powell,442100541,1,0,2,0,1135.0,es,https://x.com/MaxPowell5/status/2010017919128977634,166,False,
2,todonoticias,rango,2010017694083658156,2026-01-10 15:55:37+00:00,@todonoticias y que la echen del Estado! basta de mantenes cachivaches inutiles y violentos!,AbrMasomaso,masomaso,4729690053,0,0,0,0,2.0,es,https://x.com/AbrMasomaso/status/2010017694083658156,633,False,
2,todonoticias,rango,2010017567428227559,2026-01-10 15:55:07+00:00,@todonoticias Genio https://t.co/8CoNVQ9xAg,crist31m,Cristian,1188691662,1,0,6,0,2919.0,es,https://x.com/crist31m/status/2010017567428227559,162,False,Argentina
2,todonoticias,rango,2010017550537765122,2026-01-10 15:55:03+00:00,"@todonoticias La rajaron de España y viene a joder aqui, Es mala persona, nos lo demostró. Que vaya a trabajar y litigue a su ex.",CristynaNG,Cristy,144949278,0,0,0,0,,es,https://x.com/CristynaNG/status/2010017550537765122,3666,False,Buenos Aires C.A.B.A
2,todonoticias,rango,2010017516840689772,2026-01-10 15:54:54+00:00,"@todonoticias @delfinawagner_ Jajaja que boludez ninguna pena de inhabilitación se puede aplicar por ese tiempo, todo para la gilada",oldgorillon,Gonza liberalote,1328247271,0,0,0,0,2.0,es,https://x.com/oldgorillon/status/2010017516840689772,372,False,
2,todonoticias,rango,2010017511581130851,2026-01-10 15:54:53+00:00,"@todonoticias Menos mal que no,  realizaron análisis a los del AMBA 🫣🤦🏻‍♀️ es increíble verlas consumiendo mientras están embarazadas y las que amamantan con el porro en la mano. 😳🫤",PaolaMacrista,Paola 💛,1487588193956515841,0,0,1,0,26.0,es,https://x.com/PaolaMacrista/status/2010017511581130851,1576,False,Argentina
2,todonoticias,rango,2010017369536725233,2026-01-10 15:54:19+00:00,@todonoticias @carola_amoroso ya volvió? Para q fue para estar 3 días en un puente y hacer análisis político q es lo q hace desde el canal. Como la inflan a la piba,MCabalieri,Mariela Cabalieri,542582498,1,0,0,0,20.0,es,https://x.com/MCabalieri/status/2010017369536725233,180,False,argentina
2,todonoticias,rango,2010017326822011269,2026-01-10 15:54:09+00:00,@todonoticias Se aseguró la pensión y el techo,AlmaAzul71,Alma,1562208841353158656,0,0,0,0,104.0,es,https://x.com/AlmaAzul71/status/2010017326822011269,15,False,
2,todonoticias,rango,2010017282421104768,2026-01-10 15:53:59+00:00,@todonoticias Me imagino que harán con todos igual. Que no sea solo x que es parte del gobierno,jOrGe2k12,🦅,616671469,0,0,0,0,33.0,es,https://x.com/jOrGe2k12/status/2010017282421104768,38,False,"San Rafael, Argentina"
2,todonoticias,rango,2010017225214992398,2026-01-10 15:53:45+00:00,@todonoticias Exactamente lo que voté,KazMiller18,Kazuhira 🍔,1187912270006935552,0,0,0,0,7.0,es,https://x.com/KazMiller18/status/2010017225214992398,373,False,Buenos Aires
2,todonoticias,rango,2010016991449624976,2026-01-10 15:52:49+00:00,@todonoticias Para ser justo con el señor ella se ve de 45 años,SamuelGabr87,samuel Gabriel,1758458230001262592,0,0,1,0,39.0,es,https://x.com/SamuelGabr87/status/2010016991449624976,5,False,
2,todonoticias,rango,2010016945773347154,2026-01-10 15:52:38+00:00,@todonoticias Excelente colega!!,MaiaNoseda,Maia Elizabeth Noseda,1984747682678915073,0,0,0,0,10.0,es,https://x.com/MaiaNoseda/status/2010016945773347154,8,False,
2,todonoticias,rango,2010016711538552953,2026-01-10 15:51:42+00:00,@todonoticias Ya anda en cualquiera Jordi.,LEO_G24,Leonardo,174802402,0,0,0,0,28.0,es,https://x.com/LEO_G24/status/2010016711538552953,177,False,
2,todonoticias,rango,2010016386542981228,2026-01-10 15:50:25+00:00,"@todonoticias 25???? Muy trajinados! Jajajaja 😂 
Y a él le dicen ""pelo de panza"" 😂😂😂😂",DoraRambo,Doris Rambau 🎨🖌️🎨,871110530953613314,0,0,1,0,77.0,es,https://x.com/DoraRambo/status/2010016386542981228,1850,False,🇦🇷🇹🇷🇦🇹🇪🇬🇬🇷🇩🇪🇪🇸🇫
2,todonoticias,rango,2010016030220054655,2026-01-10 15:49:00+00:00,@todonoticias,SergioVaingurt,Sergio Vaingurt,539332158,0,0,0,0,2.0,qam,https://x.com/SergioVaingurt/status/2010016030220054655,920,False,
2,todonoticias,rango,2009780012279353809,2026-01-10 00:11:09+00:00,"ÚLTIMA HORA: Ciudadanos británicos se manifiestan frente a la sede de la BBC en protesta por el silencio total de la BBC ante las masivas protestas contra la República Islámica que se están extendiendo por todo Irán.
https://t.co/HxXhM5pV0o",isaacrrr7,Isaac,1283672799777886208,244,13899,52456,175,609474.0,es,https://x.com/isaacrrr7/status/2009780012279353809,91899,False,Israel
2,todonoticias,rango,2010016024742289541,2026-01-10 15:48:59+00:00,"@todonoticias  chicos no existe la pesca del día  los barcos pararon en diciembre y comienzan  ahora , la chernia,lel pez limon yyyyyy el salmón rosado se compra en CHILE  no tenemos ese pez en Argentina",AMarchant46722,Angel Marchant,1814077881058017280,0,0,0,0,4.0,es,https://x.com/AMarchant46722/status/2010016024742289541,0,False,
2,todonoticias,rango,2010015961311830108,2026-01-10 15:48:44+00:00,@todonoticias TN subiéndose al tren de la romantización de relaciones enfermizas.,DanSempere_,DanSempere,1327077863410053123,0,0,1,0,137.0,es,https://x.com/DanSempere_/status/2010015961311830108,13,False,
2,todonoticias,rango,2010015837458174230,2026-01-10 15:48:14+00:00,@todonoticias mientras que no termine internado como Petersen ...,gustavo_b2016,Gustavo,721071232133804032,1,0,3,0,1020.0,es,https://x.com/gustavo_b2016/status/2010015837458174230,46,False,"Mendoza, Argentina"
2,todonoticias,rango,2010015371231887401,2026-01-10 15:46:23+00:00,"@todonoticias No a la flexibilización de desmontes, no desfinanciar el servicio de manejo de fuego ni a la ley de Bosques, ni derogar la Ley que prohíbe la venta de tierras quemadas. CUIDEMOS LA CORDILLERA",Sinfiltros_777,Sinfiltros,1987660704711892992,0,0,1,0,14.0,es,https://x.com/Sinfiltros_777/status/2010015371231887401,0,False,
2,todonoticias,rango,2010015197516419485,2026-01-10 15:45:42+00:00,@todonoticias @dzapatillas si la mina tiene 25 y el 60 el se jubila y muere ponele a los 70 el estado tiene que bancar con una pension a la piba durante 40 años?? asi funciona??,SilveradoSimon,Simón Silverado,136685955,0,0,0,0,79.0,es,https://x.com/SilveradoSimon/status/2010015197516419485,1788,False,Ciudad Autónoma de Buenos Aire
2,todonoticias,rango,2010015188104425794,2026-01-10 15:45:39+00:00,@todonoticias Cuando le cortan la cabeza?,wtfthisshow,RiCOLAS,1509566124828106759,0,0,0,0,9.0,es,https://x.com/wtfthisshow/status/2010015188104425794,48,False,
2,todonoticias,rango,2010015027185758451,2026-01-10 15:45:01+00:00,@todonoticias No se el patrimonio de ambos habria que saberlo desde un principio y de que labura cada uno. Pero para una mujer que no quiera ser independiente y laburar un viejo mas o menos acomodado logra lo que muchas en toda una vida de trabajo poseer alguna casita o auto o pension.,SilveradoSimon,Simón Silverado,136685955,0,0,0,0,190.0,es,https://x.com/SilveradoSimon/status/2010015027185758451,1788,False,Ciudad Autónoma de Buenos Aire
2,todonoticias,rango,2010014881316254071,2026-01-10 15:44:26+00:00,"@todonoticias si tiene suerte, en 10 años o menos muere el viejo y ella con 35 cobrando pensión.",HagovCampo,Hagov Campo,169195442,0,0,3,0,374.0,es,https://x.com/HagovCampo/status/2010014881316254071,236,False,
2,todonoticias,rango,2010014835673838048,2026-01-10 15:44:15+00:00,@todonoticias Que las empanadas allá están mucho más baratas!!!😂😂😂,beto2935,EL UNICO GRANDE💙💛💙ANDATE RIKELME!!,812545959490158592,0,0,0,0,17.0,es,https://x.com/beto2935/status/2010014835673838048,302,False,"Buenos Aires, Argentina"
2,todonoticias,rango,2010014641360121988,2026-01-10 15:43:29+00:00,@todonoticias a que el es millonario?? nunca se da al reves ja ja ja obvios estos gatos tan obvios....,wiensrealestate,LoveAlways,1629488951861063681,0,0,8,0,240.0,es,https://x.com/wiensrealestate/status/2010014641360121988,200,False,
2,todonoticias,rango,2010014273263808625,2026-01-10 15:42:01+00:00,"@todonoticias LA RETRASADA URRACA LIBEROPA QUE CANTA INVASIÓN 
🤡

LIBERTA MILITA POLENTA https://t.co/pN7PC609wx",mscalmaira2,Maira Mscal ♰✟✞,1850187584258842624,0,0,0,0,1.0,es,https://x.com/mscalmaira2/status/2010014273263808625,173,False,✞✞✞✞✞
2,todonoticias,rango,2010014272215232524,2026-01-10 15:42:01+00:00,"@todonoticias @paulagarcia3 Paulita, gana Flor. 1) simpatía de los muchachos brasileños, 2) variedad y calidad, 3) en Brasil no se cortó Internet.  Fin!!!!!! Buen año, paulita 🙌🏻👋🏼🇸🇪🇸🇪🇸🇪🇸🇪🇸🇪",prof_dani,Dani Pardini 🇦🇷⭐️⭐️⭐️,2562569951,0,0,0,0,24.0,es,https://x.com/prof_dani/status/2010014272215232524,483,False,Ciudad Autónoma de Buenos Aire
2,todonoticias,rango,2010014219102724554,2026-01-10 15:41:48+00:00,"@todonoticias Por favor proteger las Leyes de protección de bosques , que no nos maten y vendan nuestra cordillera, se suponía que esto tenia que parar con este gobierno, pero liberando la compra de tierras quemadas y dejando comprar a los extranjeros sin limite vamos mal.",Sinfiltros_777,Sinfiltros,1987660704711892992,1,0,0,0,12.0,es,https://x.com/Sinfiltros_777/status/2010014219102724554,0,False,
2,todonoticias,rango,2010014022016356705,2026-01-10 15:41:01+00:00,"@todonoticias 
Che a la notará que mandan a Brasil por que no le enseñan a hablar Portugués 
Una papelonera",MediciJorge,Jorge Medici,985091389,0,0,0,0,5.0,es,https://x.com/MediciJorge/status/2010014022016356705,3607,False,"Buenos Aires, Argentina"
2,todonoticias,rango,2010013968245588432,2026-01-10 15:40:48+00:00,@todonoticias esa chica no tiene 25...,ElOtroBeenTaken,ElOtro,498530000,0,0,0,0,304.0,es,https://x.com/ElOtroBeenTaken/status/2010013968245588432,19,False,Buenos Aires
2,todonoticias,rango,2010013811659653474,2026-01-10 15:40:11+00:00,@todonoticias morena rial en unos años.,SilveradoSimon,Simón Silverado,136685955,0,0,0,0,73.0,es,https://x.com/SilveradoSimon/status/2010013811659653474,1788,False,Ciudad Autónoma de Buenos Aire
2,todonoticias,rango,2010013542343422334,2026-01-10 15:39:07+00:00,@todonoticias Y a mi que chota me importa la novia de:,ThePayasin,T Clown,912189722,0,0,0,0,4.0,es,https://x.com/ThePayasin/status/2010013542343422334,48,False,quemierdateimporta
2,todonoticias,rango,2010013423162282000,2026-01-10 15:38:38+00:00,@todonoticias Él se apendeja y ella cada año queda más percha.,nickfloresVega,Nico Flores,752216405894897667,0,0,1,0,125.0,es,https://x.com/nickfloresVega/status/2010013423162282000,214,False,"Córdoba, Argentina"
2,todonoticias,rango,2010013069427314770,2026-01-10 15:37:14+00:00,@todonoticias Jajaja,mauro777er,mauro777 🛩️,32136534,0,0,0,0,241.0,es,https://x.com/mauro777er/status/2010013069427314770,289,False,quito
2,todonoticias,rango,2010013019963830405,2026-01-10 15:37:02+00:00,@todonoticias Mandan una SEUDO Reportera a Brasil Y NO HABLA EL IDIOMA ? HAY QUE SER NO TENIAN OTRO !! UNA VERGUENZA ENCIMA COME DESESPERADA Y HABLA CON LA BOCA LLENA!! DE TERROR !! https://t.co/Xtg2kp6DyK,RicardoAlvaroD1,Ricardo Alvaro Diez,890640444572524545,0,0,0,0,4.0,es,https://x.com/RicardoAlvaroD1/status/2010013019963830405,507,False,Ciudad Autónoma de Buenos Aire
2,todonoticias,rango,2010013019733213433,2026-01-10 15:37:02+00:00,@todonoticias En cana todos los sionistas que lo hicieron,Tu1millonLla2,Clarita🏳️‍🌈🏳️‍⚧️🇻🇪🇷🇺🇨🇺🇮🇷🇨🇳🇪🇦🇵🇸✌️,1877718188965638144,1,0,4,0,36.0,es,https://x.com/Tu1millonLla2/status/2010013019733213433,70,False,
2,todonoticias,rango,2010012842674847899,2026-01-10 15:36:20+00:00,@todonoticias 25 años de aportes tiene,not_candd,cande,1080272044825153537,0,0,0,0,467.0,es,https://x.com/not_candd/status/2010012842674847899,27,False,
2,todonoticias,rango,2010012754049151225,2026-01-10 15:35:59+00:00,@todonoticias Que viva el amor!!,Ramoa,Curmudgeon,33892637,0,0,0,0,334.0,es,https://x.com/Ramoa/status/2010012754049151225,655,False,NARCOGUAY
2,todonoticias,rango,2010012722633777374,2026-01-10 15:35:51+00:00,@todonoticias Ahora decime que el es pobre y ella millonaria... faaaahh.,FaryOldman616,David Vicente,3045023285,0,0,1,0,121.0,es,https://x.com/FaryOldman616/status/2010012722633777374,107,False,"Tucumán, Argentina"
2,todonoticias,rango,2010012636533141674,2026-01-10 15:35:31+00:00,@todonoticias 25??? de 35 parece,memilloooo,salomeme,831301817942364160,0,0,0,0,336.0,pt,https://x.com/memilloooo/status/2010012636533141674,38,False,Argentina
2,todonoticias,rango,2010012149788357054,2026-01-10 15:33:35+00:00,"@todonoticias No me extraña la noticia, si los pibes ven una mujer así ahora y la tratan de gorda.El viejo la ve como una diosa, no le importa el cuerpo, ya está en otra y además es de otra generación. Encima se casa con ella porque es un tipo serio. Que sean felices! https://t.co/g7IM7Zqkhj",peggyolson1130,Peggy Olson,1994472536458100737,15,2,88,0,5126.0,es,https://x.com/peggyolson1130/status/2010012149788357054,3,False,"Buenos Aires, Argentina"
2,todonoticias,rango,2010011583091716411,2026-01-10 15:31:20+00:00,@todonoticias,SergioVaingurt,Sergio Vaingurt,539332158,0,0,0,0,1.0,qam,https://x.com/SergioVaingurt/status/2010011583091716411,920,False,
2,todonoticias,rango,2009709030277591466,2026-01-09 19:29:06+00:00,"URGENTE 🚨 EL pueblo iraní está incendiando mezquitas! 🔥

#IranProtests #IranRevolution 

 https://t.co/00mKeifkQV",Capitana_espana,Muy.Mona/🇪🇸💚,2203624946,482,8808,30486,246,331692.0,es,https://x.com/Capitana_espana/status/2009709030277591466,189740,False,
2,todonoticias,rango,2010011474794844372,2026-01-10 15:30:54+00:00,@todonoticias Cárcel o bala diría su socio Narco,ArcaicoLomas,Antaño_Lomas,1196798343965499394,0,0,0,0,8.0,es,https://x.com/ArcaicoLomas/status/2010011474794844372,505,False,
2,todonoticias,rango,2010011130794783061,2026-01-10 15:29:32+00:00,"@todonoticias que calentura tiene el directivo que mando a lo gorda pedorra a brasil, la cordobesa se cree la dueña del programa ! Horrible pero bien culona ,no? Un fiasco embolate sus notas",Lanegra15600215,Lanegra😂,1250950449068494849,0,0,0,0,16.0,es,https://x.com/Lanegra15600215/status/2010011130794783061,155,False,
2,todonoticias,rango,2010011035093414000,2026-01-10 15:29:09+00:00,@todonoticias Viuda negra detec..... https://t.co/FPoWIVCKoL,trochosquii,don trochosqui,1185401116890226688,0,0,0,0,34.0,es,https://x.com/trochosquii/status/2010011035093414000,976,False,
2,todonoticias,rango,2010010163768688904,2026-01-10 15:25:41+00:00,@todonoticias Otra vez triunfó el amor,LanguniCesar,Lambunis,31106112,1,0,1,0,1217.0,es,https://x.com/LanguniCesar/status/2010010163768688904,41,False,Buenos Aires - ARG
2,todonoticias,rango,2010010033581605149,2026-01-10 15:25:10+00:00,"@todonoticias Me parece bien, así debería ser siempre. Además debería ir presa.",argbsas24,Arg Bs As,1437160409115529216,0,0,0,0,3.0,es,https://x.com/argbsas24/status/2010010033581605149,60,False,
2,todonoticias,rango,2010009575785926810,2026-01-10 15:23:21+00:00,@todonoticias Excelente. No hay lugar para comportamientos marrones en LLA.,everov,Martin,92980995,0,0,2,0,9.0,es,https://x.com/everov/status/2010009575785926810,667,False,Cordoba
2,todonoticias,rango,2010009296176861286,2026-01-10 15:22:15+00:00,@todonoticias Que idiota .,pablodlpz10,Pablo Lopez,2194040007,0,0,0,0,3.0,es,https://x.com/pablodlpz10/status/2010009296176861286,182,False,Ciudad Autónoma de Buenos Aire
2,todonoticias,rango,2010008911076814901,2026-01-10 15:20:43+00:00,@todonoticias Claro no tengo prejuicios de comerme una momia mientras me dee $$$$$$ y no tenga que laburar,Juan_A_Cardozo,Juan Cardo,1895438208457900033,0,0,3,0,278.0,es,https://x.com/Juan_A_Cardozo/status/2010008911076814901,0,False,"Almirante Brown, Argentina"
2,todonoticias,rango,2010008535900557765,2026-01-10 15:19:13+00:00,@todonoticias El infierno es un loop interminable de videos de Luli Ofman.,AndyDunand,Ignacio Dunand,4034337327,0,0,0,0,42.0,es,https://x.com/AndyDunand/status/2010008535900557765,953,False,Ciudad Autónoma de Buenos Aire
2,todonoticias,rango,2010008291976663423,2026-01-10 15:18:15+00:00,"@todonoticias Que onda las minas que se ponen a hablar mal de esta relación? Las mujeres son las primeras en decir que no quieren ser juzgadas, pero también son las primeras en juzgar a una mujer ya adulta por decidir estar con el tipo que ella quiera, más allá de la diferencia de edad.",Rodrigo6992852,Rodrigo Z,1764034573833527297,0,0,8,0,635.0,es,https://x.com/Rodrigo6992852/status/2010008291976663423,27,False,
2,todonoticias,rango,2010008261576274226,2026-01-10 15:18:08+00:00,@todonoticias El viagra se cobra una nueva víctima,Baneste_lab,Uno de tantos,1235166172443791360,0,0,0,0,448.0,es,https://x.com/Baneste_lab/status/2010008261576274226,1353,False,
2,todonoticias,rango,2010008037248094568,2026-01-10 15:17:14+00:00,@todonoticias Paso a ver los comentarios !!! Quien no ??,karismas77,karikama,2610346865,0,0,0,0,597.0,es,https://x.com/karismas77/status/2010008037248094568,285,False,
2,todonoticias,rango,2010007363579994134,2026-01-10 15:14:34+00:00,@todonoticias Excelente. Aguante Milei.,iakesoupaa,iakesoupaa,1599623720154316800,0,0,0,0,43.0,pt,https://x.com/iakesoupaa/status/2010007363579994134,603,False,
2,todonoticias,rango,2010007096763552159,2026-01-10 15:13:30+00:00,@todonoticias #EsteFinde si Paula! Se ven figuras en las cerámicas! 😂 Me pasa tambien.,Eli_isabella18,Nefertari,2318348700,0,0,0,0,7.0,es,https://x.com/Eli_isabella18/status/2010007096763552159,87,False,
2,todonoticias,rango,2010007066421997739,2026-01-10 15:13:23+00:00,"@todonoticias la que chocó no fue una persona sino ""la novia del militante libertario""",MarabellaLancer,Marina De Santis 🇦🇷,1208069944396730369,0,0,1,0,9.0,es,https://x.com/MarabellaLancer/status/2010007066421997739,1266,False,Congreso. CABA.
2,todonoticias,rango,2010007024327897444,2026-01-10 15:13:13+00:00,"@todonoticias Ya se sabe quienes son, la gente de la zona lo sabe y tiene miedo de hablar de los extranjeros usurpadores que vienen a quemar nuestro país impunemente con complicidad del gobierno.",Alexis_J_B,Alexis B,3959840656,0,0,4,0,54.0,es,https://x.com/Alexis_J_B/status/2010007024327897444,116,False,"Córdoba, Argentina"
2,todonoticias,rango,2010006788264079820,2026-01-10 15:12:17+00:00,"@todonoticias No sos viejo.
No sos feo.
No estás cansado.
No estás enfermo.
SOS POBRE.
Fin.",MartinSanchMarq,Martín🦁SanchMar🇦🇷🇺🇦🇮🇱,834989882938388481,0,0,5,0,233.0,es,https://x.com/MartinSanchMarq/status/2010006788264079820,208,False,"Villa Gesell, Argentina"
2,todonoticias,rango,2010006755896598570,2026-01-10 15:12:09+00:00,"@todonoticias Y bueno, tiene un papi sugar.",alejand87966170,Dr_Marioneta bis,1498814710644461574,0,0,1,0,69.0,es,https://x.com/alejand87966170/status/2010006755896598570,170,False,Argentina
2,todonoticias,rango,2010006588002840610,2026-01-10 15:11:29+00:00,@todonoticias Jajaja viejo viagrero 😂,UsDBenja,Benjamin,1667029573727404033,0,0,0,0,389.0,es,https://x.com/UsDBenja/status/2010006588002840610,30,False,
2,todonoticias,rango,2010006389566124306,2026-01-10 15:10:42+00:00,@todonoticias 😀😃💓💞💕,RicardoMxi40718,Ricardo Máximo,1985679344644337664,0,0,0,0,76.0,qme,https://x.com/RicardoMxi40718/status/2010006389566124306,159,False,Ciudad Autónoma de Buenos Aire
2,todonoticias,rango,2010006327830122694,2026-01-10 15:10:27+00:00,@todonoticias me muero el delirio de la anécdota del agua bendita que acaban de contar https://t.co/t4qt6LcnvU,Juanchosla,Juan Ignacio,2535231394,0,0,0,0,7.0,es,https://x.com/Juanchosla/status/2010006327830122694,2242,False,
2,todonoticias,rango,2010006320049717438,2026-01-10 15:10:25+00:00,@todonoticias https://t.co/Ye4w7gw7LY,JuanJoseGo62247,Juan Jose González Martínez,1825723292122062848,0,0,0,0,55.0,qme,https://x.com/JuanJoseGo62247/status/2010006320049717438,3,False,
2,todonoticias,rango,2010006298608447682,2026-01-10 15:10:20+00:00,@todonoticias esta es una ñoqui,Rel_dub,Reldub,261717110,0,0,0,0,34.0,es,https://x.com/Rel_dub/status/2010006298608447682,1819,False,
2,todonoticias,rango,2010006257458184319,2026-01-10 15:10:10+00:00,@todonoticias @rancanoglenda7 Malísima y burda parodia.,Mariadeguerrra,María de Guerra,278609357,0,0,0,0,5.0,es,https://x.com/Mariadeguerrra/status/2010006257458184319,1480,False,México
2,todonoticias,rango,2010005980000727083,2026-01-10 15:09:04+00:00,@todonoticias Para ese año todavía vamos a estar pagando la deuda que tomo Tonto Caputo.,DaMiAnD3,DaMiAn 4.5,39266945,0,0,0,0,17.0,es,https://x.com/DaMiAnD3/status/2010005980000727083,462,False,Buenos Aires
2,todonoticias,rango,2010005957758333008,2026-01-10 15:08:59+00:00,@todonoticias A Mi amigo Edu S la diferencia de edad no le importa. Siempre gana el amor,jirandi,Nacho,343536810,0,0,0,0,1642.0,es,https://x.com/jirandi/status/2010005957758333008,93,False,Quimes
2,todonoticias,rango,2010005957355655423,2026-01-10 15:08:58+00:00,"@todonoticias No era una poeta, era una delincuente que le lavaron la cabeza con ideología zurda y en vez de estar con su familia estaba impidiendo un operativo de las fuerzas de seguridad y quiso atropellar a un oficial de ICE. Las cosas por su nombre",agustinfss,Agustin,181332616,0,0,0,0,11.0,es,https://x.com/agustinfss/status/2010005957355655423,508,False,
2,todonoticias,rango,2010005540827726255,2026-01-10 15:07:19+00:00,@todonoticias Ella tiene 25??….25 de profundo jajaja,leiluchisokk,leiluchisok,842039369540210688,2,0,10,0,2894.0,es,https://x.com/leiluchisokk/status/2010005540827726255,386,False,
2,todonoticias,rango,2010005539699429487,2026-01-10 15:07:19+00:00,"@todonoticias El viejo la debe tratar como un ser humano, la saca del piso de tierra y le da un plato de comida caliente,  vacaciones, es como pagar por el servicio. Encima le dice que lo quiere y lo hace sentir bien. Mejor la piba que una vieja protestona y enferma",RitaFer1990,Chipa Almidón,1710793517537042432,1,0,27,0,1795.0,es,https://x.com/RitaFer1990/status/2010005539699429487,26,False,Argentina
2,todonoticias,rango,2010005183057801450,2026-01-10 15:05:54+00:00,@todonoticias No le quita las responsabilidades de prevención y resarcimiento a las familias afectadas.,amurriojce,Juan Cruz,1012164248624123904,0,0,1,0,75.0,es,https://x.com/amurriojce/status/2010005183057801450,282,False,"Buenos Aires, Argentina"
2,todonoticias,rango,2010004624900768163,2026-01-10 15:03:41+00:00,@todonoticias Boba,rodri_mar1,rodrigo,1322569507,0,0,0,0,326.0,in,https://x.com/rodri_mar1/status/2010004624900768163,477,False,
2,todonoticias,rango,2010004242627768628,2026-01-10 15:02:10+00:00,"@todonoticias Zaira ya pide la división de bienes, ja ja. Nunca un verdulero, un albañil, un remisero o empleado administrativo.",marcelogar2002,Marcelo,727931386380857346,1,0,1,0,784.0,es,https://x.com/marcelogar2002/status/2010004242627768628,28,False,
2,todonoticias,rango,2010004224705474637,2026-01-10 15:02:05+00:00,"@todonoticias No me gusta el cuenta gotas que están haciendo. .
Una pena.",Fernand9096110,Ferchu Fernanda.💛💛💛,1801790652042162176,0,0,0,0,17.0,es,https://x.com/Fernand9096110/status/2010004224705474637,2172,False,CABA Argentina💛💛💛💛💛
2,todonoticias,rango,2010004209626952176,2026-01-10 15:02:02+00:00,"@todonoticias Jajaaaa y el choborra de @Carli_Bianco que se negó a hacerse el test de alcoholemia sigue siendo funcionario del inútil de @Kicillofok como si nada...
Que rápidos y selectivos que son en el CongoUrbano para medir beodos propios y ajenos...",bast_79,🧚🏼‍♀️A_Bast_99 🖐🏼🐱,1439373144284876804,0,0,1,0,6.0,es,https://x.com/bast_79/status/2010004209626952176,695,False,
2,todonoticias,rango,2010004060854943777,2026-01-10 15:01:26+00:00,@todonoticias La platita facil?,soloboca690,soloboca,1998789987706564608,0,0,0,0,997.0,es,https://x.com/soloboca690/status/2010004060854943777,4,False,cipolletti
2,todonoticias,rango,2010003965791134017,2026-01-10 15:01:04+00:00,@todonoticias Todo muy marginal !!,NanyMaurice,Nany maurice,1311521056839041025,0,0,0,0,542.0,es,https://x.com/NanyMaurice/status/2010003965791134017,141,False,"Buenos Aires, Argentina"
2,todonoticias,rango,2010003909323174226,2026-01-10 15:00:50+00:00,@todonoticias Parecen de la misma edad igual,ModoCaos69,MundoEnCaos,1994424893740580866,0,0,0,0,74.0,es,https://x.com/ModoCaos69/status/2010003909323174226,1769,False,Te sigue
2,todonoticias,rango,2010003709212930168,2026-01-10 15:00:02+00:00,@todonoticias Que sean felices y coman perdices pero lo inmensamente pelotudas que me resultan las que sacan trompa para una selfie 🤦🏼‍♀️,Pomps_LM,❃Misia Pepa❃ 🌱#AulasAbiertas ⚕️,140822111,0,0,1,0,699.0,es,https://x.com/Pomps_LM/status/2010003709212930168,365,False,Somewhere over the rainbow
2,todonoticias,rango,2010003700388094051,2026-01-10 15:00:00+00:00,@todonoticias Q pasa Ricardito están más baratas las  empanadas allá?,jaarepuestos,ChicheCAI,743211695250747398,0,0,0,0,21.0,es,https://x.com/jaarepuestos/status/2010003700388094051,158,False,
2,todonoticias,rango,2010003598466527504,2026-01-10 14:59:36+00:00,@todonoticias Jajajjajajaj el chavez es una paloma del medic 🤣🤣🤣🤣,Alust16,Alexander🇵🇦🦜🏝🌞,1110876074601254914,0,0,0,0,5.0,es,https://x.com/Alust16/status/2010003598466527504,25,False,Panamá
2,todonoticias,rango,2010003362658357623,2026-01-10 14:58:40+00:00,@todonoticias Otro hetero claro.,Sidoras_,Sídoras,996503829989527554,0,0,0,0,2.0,es,https://x.com/Sidoras_/status/2010003362658357623,336,False,Argentina
2,todonoticias,rango,2010003156403630269,2026-01-10 14:57:51+00:00,@todonoticias 🤣🤣🤣🤣🤣🤣💵💵💵,clautettamanzi,Claudia T✒🇦🇷,3102885442,0,0,0,0,302.0,qme,https://x.com/clautettamanzi/status/2010003156403630269,2748,False,
2,todonoticias,rango,2010002862596862152,2026-01-10 14:56:41+00:00,@todonoticias El tiene una cadena de perro en el cuello?,stickyfing1,@stickyfingers12345678,1896752328520118272,0,0,4,0,185.0,es,https://x.com/stickyfing1/status/2010002862596862152,50,False,
2,todonoticias,rango,2010002565430423685,2026-01-10 14:55:30+00:00,@todonoticias Que estaría vendiendo en el hotel? 🤔,perezariel4869,Ariel Pérez 🤙,963452761244397568,0,0,5,0,1093.0,es,https://x.com/perezariel4869/status/2010002565430423685,285,False,"San Miguel, Argentina"
2,todonoticias,rango,2010002423931339182,2026-01-10 14:54:56+00:00,@todonoticias Klarin le chupa la pija a los payasos de PBA,cryptolib7,Unidad básica Miller,1762850057601318912,0,0,0,0,5.0,es,https://x.com/cryptolib7/status/2010002423931339182,227,False,
2,todonoticias,rango,2010002172625465656,2026-01-10 14:53:56+00:00,@todonoticias NO SEAN MAL PENSADOS!...ELLA NO SE CASÓ POR INTERÉS...SE CASÓ POR EL CAPITAL.,Albert44740137,TEO MARTIN.,1481415324134256644,0,0,2,0,226.0,es,https://x.com/Albert44740137/status/2010002172625465656,143,False,Buenos Aires. Argentina.
2,todonoticias,rango,2010001842185588914,2026-01-10 14:52:37+00:00,"@todonoticias Y si excelente medida, hay que predicar con el ejemplo, falta los trabajos forzosos",Danisosa92,DannnniS,1553635376648028161,0,0,0,0,8.0,es,https://x.com/Danisosa92/status/2010001842185588914,587,False,
2,todonoticias,rango,2010001515478765768,2026-01-10 14:51:19+00:00,@todonoticias Decime que ella no ha leído el historial médico antes 🤔,UnluDaniel,Daniel,1187020113033203713,0,0,0,0,626.0,es,https://x.com/UnluDaniel/status/2010001515478765768,184,False,
2,todonoticias,rango,2010001372851450071,2026-01-10 14:50:45+00:00,@todonoticias Que es esta ola de noticias de viejos casandose con pendejas ? A alguien en verdad le importa ?,lacatafiona,Lacatafiona,1817928148006408192,1,0,14,0,2844.0,es,https://x.com/lacatafiona/status/2010001372851450071,5,False,
2,todonoticias,rango,2010001291867824144,2026-01-10 14:50:26+00:00,"@todonoticias audi A4 para ir al gym
iphone 17
y cuenta en Miami

la envidio",Marianajop,Marchita,854752232,1,0,5,0,439.0,es,https://x.com/Marianajop/status/2010001291867824144,2741,False,Buenos Aires / y depende 
2,todonoticias,rango,2010001026901020989,2026-01-10 14:49:23+00:00,@todonoticias Voy a ir a venuezela a que me metan preso político así después cuando me liberen salga así de impecable con los dientes perfectos,PInformada38182,profesión no informada,1892005975193702401,0,0,0,0,44.0,es,https://x.com/PInformada38182/status/2010001026901020989,19,False,
2,todonoticias,rango,2010000894688145775,2026-01-10 14:48:51+00:00,@todonoticias Se quedaron cortos,colscarviajero3,colscarviajero3,1995168734949122048,0,0,0,0,20.0,es,https://x.com/colscarviajero3/status/2010000894688145775,2,False,
2,todonoticias,rango,2010000741419893068,2026-01-10 14:48:15+00:00,@todonoticias Patetico e ignorante,jantms_fsi,jant ms,1939889804826554368,0,0,0,0,2.0,pt,https://x.com/jantms_fsi/status/2010000741419893068,5,False,
1,todonoticias,ejecucion,2010377159253053507,2026-01-11 15:44:00+00:00,"4 pruebas para medir tu agilidad a cualquier edad

Por The New York Times

https://t.co/VFXBGfmBCa",todonoticias,TN - Todo Noticias,25992212,0,0,1,0,451.0,es,https://x.com/todonoticias/status/2010377159253053507,5719813,False,Argentina
1,todonoticias,ejecucion,2010374956387856593,2026-01-11 15:35:15+00:00,https://t.co/cFNSRBs4E7,todonoticias,TN - Todo Noticias,25992212,0,0,1,0,992.0,zxx,https://x.com/todonoticias/status/2010374956387856593,5719813,False,Argentina
1,todonoticias,ejecucion,2010374846392209661,2026-01-11 15:34:48+00:00,"AHORA I Empezaron a permitir visitas en ""El Rodeo"", la cárcel donde está detenido el gendarme argentino Nahuel Gallo y hay máxima expectativa por su liberación. https://t.co/sOYgdaau8A https://t.co/lENa9OtNen",todonoticias,TN - Todo Noticias,25992212,2,1,8,0,1116.0,es,https://x.com/todonoticias/status/2010374846392209661,5719813,False,Argentina
1,todonoticias,ejecucion,2010374565470327168,2026-01-11 15:33:42+00:00,"Por primera vez en meses, el chavismo permitió visitas para los presos políticos que están en la misma cárcel que Nahuel Gallo https://t.co/hw2Dvs7ut1",todonoticias,TN - Todo Noticias,25992212,0,1,1,0,980.0,es,https://x.com/todonoticias/status/2010374565470327168,5719813,False,Argentina
1,todonoticias,ejecucion,2010372895785255347,2026-01-11 15:27:03+00:00,"Por primera vez en meses, el chavismo permitió visitas para los presos que están en la misma cárcel de Gallo

Por Gonzalo Bañez

https://t.co/cFNSRBsCtF",todonoticias,TN - Todo Noticias,25992212,0,0,2,0,1164.0,es,https://x.com/todonoticias/status/2010372895785255347,5719813,False,Argentina
1,todonoticias,ejecucion,2010370601483948122,2026-01-11 15:17:56+00:00,Video: así fueron los momentos previos al accidente de avión en el que murió el cantante colombiano Yeison Jiménez https://t.co/XlRCSTN5TY,todonoticias,TN - Todo Noticias,25992212,0,0,0,0,1896.0,es,https://x.com/todonoticias/status/2010370601483948122,5719813,False,Argentina
1,todonoticias,ejecucion,2010370510442664235,2026-01-11 15:17:35+00:00,OPINIÓN | Milei se concentra en el Congreso para intentar convertir en ley la reforma laboral en febrero https://t.co/rASdTwlc0C,todonoticias,TN - Todo Noticias,25992212,0,0,2,0,1383.0,es,https://x.com/todonoticias/status/2010370510442664235,5719813,False,Argentina
1,todonoticias,ejecucion,2010367436764107121,2026-01-11 15:05:22+00:00,"""ESTAMOS CANSADÍSIMOS"" I El crudo relato de uno de los voluntarios de los operativos por los incendios en Chubut: ""Trabajamos hasta tarde"". https://t.co/p4I1ArgvHQ https://t.co/0K2jbLyjnb",todonoticias,TN - Todo Noticias,25992212,2,6,11,0,2989.0,es,https://x.com/todonoticias/status/2010367436764107121,5719813,False,Argentina
1,todonoticias,ejecucion,2010366005113987310,2026-01-11 14:59:41+00:00,Las claves de la escalada de tensión entre Cuba y Estados Unidos: de la amenaza de Donald Trump a la respuesta de La Habana https://t.co/tEaxY5h1N5,todonoticias,TN - Todo Noticias,25992212,0,0,0,0,1604.0,es,https://x.com/todonoticias/status/2010366005113987310,5719813,False,Argentina
1,todonoticias,ejecucion,2010361905647382881,2026-01-11 14:43:23+00:00,"Melody Luz se sacó una foto junto a Claudio Caniggia y apuntó contra Mariana Nannis: ""Somos su peor pesadilla"" https://t.co/yWLo0zkWeH",todonoticias,TN - Todo Noticias,25992212,1,0,0,0,2106.0,es,https://x.com/todonoticias/status/2010361905647382881,5719813,False,Argentina
1,todonoticias,ejecucion,2010359892029096438,2026-01-11 14:35:23+00:00,"Luciano Benavides, el piloto argentino que pelea por el título en motos del Rally Dakar https://t.co/7bXbTuNmCu",todonoticias,TN - Todo Noticias,25992212,1,0,1,0,2172.0,es,https://x.com/todonoticias/status/2010359892029096438,5719813,False,Argentina
1,todonoticias,ejecucion,2010357295457177946,2026-01-11 14:25:04+00:00,Marta Kostyuk le negó el saludo a Aryna Sabalenka tras caer en la final de Brisbane y generó un tenso momento https://t.co/DV92jF3fsv,todonoticias,TN - Todo Noticias,25992212,1,0,1,0,2283.0,es,https://x.com/todonoticias/status/2010357295457177946,5719813,False,Argentina
1,todonoticias,ejecucion,2010354760755581302,2026-01-11 14:15:00+00:00,"Los perros construyen su vocabulario como los niños pequeños

Por The New York Times

https://t.co/vMpbnrs3R8",todonoticias,TN - Todo Noticias,25992212,2,1,3,0,2475.0,es,https://x.com/todonoticias/status/2010354760755581302,5719813,False,Argentina
1,todonoticias,ejecucion,2010352159859053022,2026-01-11 14:04:40+00:00,Los perros construyen su vocabulario como los niños pequeños https://t.co/tD9TVgir45,todonoticias,TN - Todo Noticias,25992212,0,1,1,0,2432.0,es,https://x.com/todonoticias/status/2010352159859053022,5719813,False,Argentina
1,todonoticias,ejecucion,2010350575716831480,2026-01-11 13:58:22+00:00,"Murió el cantante colombiano Yeison Jiménez en un accidente de avión: el video del día que predijo la tragedia

https://t.co/ADFI2J4Cg1",todonoticias,TN - Todo Noticias,25992212,1,1,6,0,3905.0,es,https://x.com/todonoticias/status/2010350575716831480,5719813,False,Argentina
1,todonoticias,ejecucion,2010348147101327734,2026-01-11 13:48:43+00:00,"""¡NO HABRÁ MÁS PETRÓLEO NI DINERO PARA CUBA! ¡CERO!"" I A una semana de la captura de Maduro, crece la tensión entre Cuba y Estados Unidos. https://t.co/UovpZJxSDo

El presidente de norteamericano lanzó una fuerte amenaza hacia la isla y les ""sugirió"" que lleguen a un acuerdo ""antes de que sea demasiado tarde"".",todonoticias,TN - Todo Noticias,25992212,6,15,55,0,7533.0,es,https://x.com/todonoticias/status/2010348147101327734,5719813,False,Argentina
1,todonoticias,ejecucion,2010347988787327449,2026-01-11 13:48:05+00:00,"Wanda Nara enfrentó a un periodista que la vinculó con un empresario salteño: ""Me cansé del invento"" https://t.co/qfGtQRxQlk",todonoticias,TN - Todo Noticias,25992212,1,0,1,0,2580.0,es,https://x.com/todonoticias/status/2010347988787327449,5719813,False,Argentina
1,todonoticias,ejecucion,2010346479131771057,2026-01-11 13:42:05+00:00,Detuvieron a dos sospechosos por el caso de los dos pescadores que fueron asesinados en una lancha en Santa Fe https://t.co/z8ZLNYeuWN,todonoticias,TN - Todo Noticias,25992212,2,0,3,0,2601.0,es,https://x.com/todonoticias/status/2010346479131771057,5719813,False,Argentina
1,todonoticias,ejecucion,2010344965713400086,2026-01-11 13:36:04+00:00,4 pruebas para medir tu agilidad a cualquier edad https://t.co/bnU9ynWY6N,todonoticias,TN - Todo Noticias,25992212,0,0,0,0,2591.0,es,https://x.com/todonoticias/status/2010344965713400086,5719813,False,Argentina
1,todonoticias,ejecucion,2010342490264445265,2026-01-11 13:26:14+00:00,"""Pasamos toda la noche luchando contra el fuego"": el relato de uno de los voluntarios de los operativos por los incendios en Chubut https://t.co/8BcsJrv5sX",todonoticias,TN - Todo Noticias,25992212,2,7,7,0,2779.0,es,https://x.com/todonoticias/status/2010342490264445265,5719813,False,Argentina
1,todonoticias,ejecucion,2010341016599978448,2026-01-11 13:20:23+00:00,Así sería el nuevo Kwid que Renault prepara en Brasil https://t.co/7bjCXa9sjY,todonoticias,TN - Todo Noticias,25992212,1,2,1,0,2822.0,es,https://x.com/todonoticias/status/2010341016599978448,5719810,False,Argentina
1,todonoticias,ejecucion,2010339533678924258,2026-01-11 13:14:29+00:00,"Chevy Chase no cambia

Por The New York Times

https://t.co/h1SSRGTfUp",todonoticias,TN - Todo Noticias,25992212,0,1,2,0,2853.0,en,https://x.com/todonoticias/status/2010339533678924258,5719810,False,Argentina
1,todonoticias,ejecucion,2010338966126379385,2026-01-11 13:12:14+00:00,"No encontraba corpiños de su talle y, tras una historia de Instagram, tomó una decisión que cambió su vida https://t.co/rjCe4QP7LH https://t.co/mVYzJh12uD",todonoticias,TN - Todo Noticias,25992212,7,14,246,1,56163.0,es,https://x.com/todonoticias/status/2010338966126379385,5719810,False,Argentina
1,todonoticias,ejecucion,2010338794323788099,2026-01-11 13:11:33+00:00,OPINIÓN | Poco espacio en Venezuela para salidas intermedias: habrá más chavismo o democracia https://t.co/1JaZXDHAGe,todonoticias,TN - Todo Noticias,25992212,1,1,3,1,2759.0,es,https://x.com/todonoticias/status/2010338794323788099,5719810,False,Argentina
1,todonoticias,ejecucion,2010336871230955932,2026-01-11 13:03:55+00:00,Una importante línea de colectivos que une La Matanza con CABA dejará de llegar a Retiro: cuál es https://t.co/GCCsgX908C,todonoticias,TN - Todo Noticias,25992212,2,2,3,0,2732.0,es,https://x.com/todonoticias/status/2010336871230955932,5719810,False,Argentina
1,todonoticias,ejecucion,2010335328637223050,2026-01-11 12:57:47+00:00,El Mercedes-Benz CLA es el Auto del Año 2026 en Europa https://t.co/QnAoZCc0rO,todonoticias,TN - Todo Noticias,25992212,0,1,3,0,2691.0,es,https://x.com/todonoticias/status/2010335328637223050,5719810,False,Argentina
1,todonoticias,ejecucion,2010332787199426837,2026-01-11 12:47:41+00:00,Un auto chocó y hay un corte parcial en la General Paz: el conductor resultó herido y fue trasladado por el SAME https://t.co/1PSuoYFrB6,todonoticias,TN - Todo Noticias,25992212,0,2,2,0,3188.0,es,https://x.com/todonoticias/status/2010332787199426837,5719810,False,Argentina
1,todonoticias,ejecucion,2010330332822695941,2026-01-11 12:37:56+00:00,Con la impronta de Gallardo: River venderá otro defensor a Europa y ya casi no quedan jugadores de Demichelis en el plantel https://t.co/OZqXAXwFnc,todonoticias,TN - Todo Noticias,25992212,1,1,2,1,2758.0,es,https://x.com/todonoticias/status/2010330332822695941,5719810,False,Argentina
1,todonoticias,ejecucion,2010328936606056534,2026-01-11 12:32:23+00:00,Jeep Renegade 2027: muestran nuevos detalles del futuro SUV https://t.co/RLU2AAISB3,todonoticias,TN - Todo Noticias,25992212,0,1,1,1,3034.0,es,https://x.com/todonoticias/status/2010328936606056534,5719810,False,Argentina
1,todonoticias,ejecucion,2010325419946381363,2026-01-11 12:18:24+00:00,Indiana Cubero celebró un nuevo mes de noviazgo con el futbolista Thiago Silvero https://t.co/976pIQtkh5,todonoticias,TN - Todo Noticias,25992212,5,3,8,1,7441.0,es,https://x.com/todonoticias/status/2010325419946381363,5719810,False,Argentina
1,todonoticias,ejecucion,2010322023650644055,2026-01-11 12:04:55+00:00,El Loco Abreu dirigirá a su hijo en el Tijuana de México y tomará el ejemplo de Marcelo Gallardo y el Cholo Simeone https://t.co/Q7Z7hqiHr0,todonoticias,TN - Todo Noticias,25992212,0,1,1,1,2885.0,es,https://x.com/todonoticias/status/2010322023650644055,5719810,False,Argentina
1,todonoticias,ejecucion,2010320669381472372,2026-01-11 11:59:32+00:00,"OPINIÓN | Balance cambiario, alivio transitorio y señales mixtas hacia 2026 https://t.co/ktYSZse7cm",todonoticias,TN - Todo Noticias,25992212,1,1,1,1,2929.0,es,https://x.com/todonoticias/status/2010320669381472372,5719810,False,Argentina
1,todonoticias,ejecucion,2010320591476461652,2026-01-11 11:59:13+00:00,La oposición sumó una denuncia contra el decreto del Gobierno que reforma la SIDE https://t.co/RgTPfzPUmi,todonoticias,TN - Todo Noticias,25992212,0,4,4,0,2751.0,es,https://x.com/todonoticias/status/2010320591476461652,5719810,False,Argentina
1,todonoticias,ejecucion,2010319674429653116,2026-01-11 11:55:34+00:00,"La oposición sumó una denuncia contra el decreto del Gobierno que reforma la SIDE

Por Cindy Monzón

https://t.co/ANMvVkCPMA",todonoticias,TN - Todo Noticias,25992212,1,2,3,0,3019.0,es,https://x.com/todonoticias/status/2010319674429653116,5719810,False,Argentina
1,todonoticias,ejecucion,2010318991550550060,2026-01-11 11:52:52+00:00,Ideal para la cocina: la tendencia en decoración que es furor en Pinterest https://t.co/f2xWngg7ak,todonoticias,TN - Todo Noticias,25992212,0,1,2,1,2868.0,es,https://x.com/todonoticias/status/2010318991550550060,5719810,False,Argentina
1,todonoticias,ejecucion,2010317594386170033,2026-01-11 11:47:19+00:00,"Las cuentas de las empresas públicas no mejoran y hay 14 que todavía tienen déficit

Por Julia D'Arrisso

https://t.co/fH5NGjXCug",todonoticias,TN - Todo Noticias,25992212,0,1,1,1,2822.0,es,https://x.com/todonoticias/status/2010317594386170033,5719810,False,Argentina
1,todonoticias,ejecucion,2010316656145465527,2026-01-11 11:43:35+00:00,"Entre las derrotas electorales y las internas: el PJ tiene problemas para acordar una estrategia contra Milei

Por Mariana Prado

https://t.co/9pFTaviT2a",todonoticias,TN - Todo Noticias,25992212,1,1,1,1,2795.0,es,https://x.com/todonoticias/status/2010316656145465527,5719810,False,Argentina
1,todonoticias,ejecucion,2010314825499607458,2026-01-11 11:36:18+00:00,"Cambios en la línea A del Subte: reabre la estación Loria y cierran otra por obras

https://t.co/cSOrFcaPfZ",todonoticias,TN - Todo Noticias,25992212,0,5,5,0,2827.0,es,https://x.com/todonoticias/status/2010314825499607458,5719810,False,Argentina
1,todonoticias,ejecucion,2010314776854085779,2026-01-11 11:36:07+00:00,Entre las derrotas electorales y las internas: el PJ tiene problemas para acordar una estrategia contra Milei https://t.co/f7QsKIpoLk,todonoticias,TN - Todo Noticias,25992212,1,3,3,0,2693.0,es,https://x.com/todonoticias/status/2010314776854085779,5719810,False,Argentina
1,todonoticias,ejecucion,2010314651356250384,2026-01-11 11:35:37+00:00,"Delcy Rodríguez, la hija de un guerrillero marxista que se volvió vital para los planes de Trump en Venezuela

Por The New York Times

https://t.co/R2GikCmT1I",todonoticias,TN - Todo Noticias,25992212,0,2,2,1,2678.0,es,https://x.com/todonoticias/status/2010314651356250384,5719810,False,Argentina
1,todonoticias,ejecucion,2010313988970885385,2026-01-11 11:32:59+00:00,"Una adolescente asesinada, una condena basada en prejuicios y una Justicia que cometió un error histórico

Por Ricardo Canaletti

https://t.co/JW1obB3INg",todonoticias,TN - Todo Noticias,25992212,0,2,1,1,4015.0,es,https://x.com/todonoticias/status/2010313988970885385,5719810,False,Argentina
1,todonoticias,ejecucion,2010311390251106521,2026-01-11 11:22:39+00:00,@todonoticias 👉 https://t.co/l4LFGgZovs,todonoticias,TN - Todo Noticias,25992212,0,1,3,1,2828.0,qme,https://x.com/todonoticias/status/2010311390251106521,5719810,False,Argentina
1,todonoticias,ejecucion,2010311382554591395,2026-01-11 11:22:38+00:00,"Entre ellos hay cinco españoles y dos italianos. El presidente estadounidense destacó la cooperación del gobierno de Delcy Rodríguez y dijo que suspendió la segunda ola de ataques. 

Advirtió que los buques militares permanecerán en sus posiciones por “motivos de seguridad”. https://t.co/yy6q5PtAIw",todonoticias,TN - Todo Noticias,25992212,1,1,6,1,3345.0,es,https://x.com/todonoticias/status/2010311382554591395,5719810,False,Argentina
1,todonoticias,ejecucion,2010308843423633439,2026-01-11 11:12:32+00:00,Qué dijeron Soledad Pastorutti y su hermana Natalia cuando Mirtha Legrand les preguntó si estuvieron peleadas https://t.co/2ZsTgwTp3f,todonoticias,TN - Todo Noticias,25992212,0,3,2,1,2720.0,es,https://x.com/todonoticias/status/2010308843423633439,5719810,False,Argentina
1,todonoticias,ejecucion,2010306765011739050,2026-01-11 11:04:17+00:00,Tucumán: la madre de la joven encontrada muerta en un basural contó cuál fue la última conversación que tuvo con ella https://t.co/GpRTQ4wjvU,todonoticias,TN - Todo Noticias,25992212,2,3,5,1,3774.0,es,https://x.com/todonoticias/status/2010306765011739050,5719810,False,Argentina
1,todonoticias,ejecucion,2010303264982491635,2026-01-11 10:50:22+00:00,"Alerta por los barigüís: cómo actúan las moscas que muerden 

Por Guillermo Lobo https://t.co/VzhcqOtryI",todonoticias,TN - Todo Noticias,25992212,7,54,131,5,18312.0,es,https://x.com/todonoticias/status/2010303264982491635,5719810,False,Argentina
1,todonoticias,ejecucion,2010302316625412398,2026-01-11 10:46:36+00:00,El dolor de la madre de la joven que fue encontrada muerta en un basural en Tucumán: “Me la arrebataron” https://t.co/z5nu0h9L8f,todonoticias,TN - Todo Noticias,25992212,0,4,12,0,6713.0,es,https://x.com/todonoticias/status/2010302316625412398,5719810,False,Argentina
1,todonoticias,ejecucion,2010298311287177583,2026-01-11 10:30:41+00:00,El técnico argentino Luis Zubeldía fue operado del corazón y tendrá una recuperación más larga de lo previsto https://t.co/mBkUtM8eU9,todonoticias,TN - Todo Noticias,25992212,1,1,3,1,2782.0,es,https://x.com/todonoticias/status/2010298311287177583,5719810,False,Argentina
1,todonoticias,ejecucion,2010295859267744077,2026-01-11 10:20:56+00:00,No transmiten enfermedades pero pueden provocar graves reacciones alérgicas https://t.co/VYe8Pic9oe,todonoticias,TN - Todo Noticias,25992212,0,1,2,1,2302.0,es,https://x.com/todonoticias/status/2010295859267744077,5719810,False,Argentina
1,todonoticias,ejecucion,2010294163573788676,2026-01-11 10:14:12+00:00,"Buscar casa, chequear contratos y tasar propiedades: el impacto de la IA en el mercado inmobiliario

https://t.co/5tov11AIxM",todonoticias,TN - Todo Noticias,25992212,1,0,3,0,2210.0,es,https://x.com/todonoticias/status/2010294163573788676,5719810,False,Argentina
1,todonoticias,ejecucion,2010292761615118741,2026-01-11 10:08:38+00:00,"Milei se concentra en el Congreso para intentar convertir en ley la reforma laboral en febrero

Por Edgardo Alfano

https://t.co/NVxQk1Yq9S",todonoticias,TN - Todo Noticias,25992212,5,3,4,1,2346.0,es,https://x.com/todonoticias/status/2010292761615118741,5719810,False,Argentina
1,todonoticias,ejecucion,2010292685563900323,2026-01-11 10:08:20+00:00,"En medio del alineamiento con EE.UU., Milei espera US$150 millones de China para una obra energética clave

https://t.co/kLmxgFZQEI",todonoticias,TN - Todo Noticias,25992212,0,0,2,0,2422.0,es,https://x.com/todonoticias/status/2010292685563900323,5719810,False,Argentina
1,todonoticias,ejecucion,2010289981844271404,2026-01-11 09:57:35+00:00,"El enojo de Lula con Milei, el pendrive que inquieta a Tapia y qué hay detrás de los incendios en la Patagonia

Por María Fernanda Alonso

https://t.co/VczQc3aoAN",todonoticias,TN - Todo Noticias,25992212,3,2,3,0,2329.0,es,https://x.com/todonoticias/status/2010289981844271404,5719810,False,Argentina
1,todonoticias,ejecucion,2010287490645590336,2026-01-11 09:47:41+00:00,"Con Vaca Muerta en alza y Venezuela en crisis, la Argentina gana peso en el mapa petrolero regional

Por Paula López

https://t.co/EgJs4PDejN",todonoticias,TN - Todo Noticias,25992212,0,1,4,0,2275.0,es,https://x.com/todonoticias/status/2010287490645590336,5719810,False,Argentina
1,todonoticias,ejecucion,2010286495483977806,2026-01-11 09:43:44+00:00,"Las 6 cosas que nunca tenés que limpiar en casa, según los expertos https://t.co/sZnjuOyTEs",todonoticias,TN - Todo Noticias,25992212,0,0,0,0,3635.0,es,https://x.com/todonoticias/status/2010286495483977806,5719810,False,Argentina
1,todonoticias,ejecucion,2010284022510018861,2026-01-11 09:33:54+00:00,"Marcelo Tinelli dejó atrás el escándalo familiar y compartió un desopilante video junto a su hija Juana

https://t.co/RCW9K1bWzu",todonoticias,TN - Todo Noticias,25992212,2,0,0,0,3209.0,es,https://x.com/todonoticias/status/2010284022510018861,5719810,False,Argentina
1,todonoticias,ejecucion,2010283937063682478,2026-01-11 09:33:34+00:00,"No encontraba corpiños de su talle y, tras una historia de Instagram, tomó una decisión que cambió su vida

Por Belén Vallejo

https://t.co/h7Wh3xWwjh",todonoticias,TN - Todo Noticias,25992212,2,1,3,1,3319.0,es,https://x.com/todonoticias/status/2010283937063682478,5719810,False,Argentina
1,todonoticias,ejecucion,2010283813201732068,2026-01-11 09:33:04+00:00,"“¿Te acordás, Juan?”: la carta que una mujer le escribió al amor de su vida 25 años después de la muerte

Por Cynthia Serebrinsky

https://t.co/CGfGOWKHn3",todonoticias,TN - Todo Noticias,25992212,0,1,0,0,2242.0,es,https://x.com/todonoticias/status/2010283813201732068,5719810,False,Argentina
1,todonoticias,ejecucion,2010283712232018055,2026-01-11 09:32:40+00:00,"Suspendió sus vacaciones y se quedó en Buenos Aires para cortarle el pelo a la gente que vive en la calle

Por Mauricio Luna

https://t.co/4B3BfQihXd",todonoticias,TN - Todo Noticias,25992212,0,3,8,0,2529.0,es,https://x.com/todonoticias/status/2010283712232018055,5719810,False,Argentina
1,todonoticias,ejecucion,2010283641952522408,2026-01-11 09:32:24+00:00,"Pasó de tener un sex shop a decir que habla con animales: “Empiezo a sentirlos en mi cuerpo”

Por Giovanna Asprea

https://t.co/R0Y13xH4DP",todonoticias,TN - Todo Noticias,25992212,0,1,1,1,2678.0,es,https://x.com/todonoticias/status/2010283641952522408,5719810,False,Argentina
1,todonoticias,ejecucion,2010283523308240914,2026-01-11 09:31:55+00:00,"Prometió y cumplió: su hija se curó de cáncer y pedaleó 615 kilómetros desde Arrecifes a Miramar para honrarla

Por Santiago Patiño

https://t.co/fEr5CERdto",todonoticias,TN - Todo Noticias,25992212,0,1,11,0,2276.0,es,https://x.com/todonoticias/status/2010283523308240914,5719843,False,Argentina
1,todonoticias,ejecucion,2010283417997287457,2026-01-11 09:31:30+00:00,"Buscaba un medicamento para el corazón y creó el LSD: el error de un científico que cambió a una generación

Por Matías Bauso

https://t.co/CytZ17ad99",todonoticias,TN - Todo Noticias,25992212,0,0,2,0,2033.0,es,https://x.com/todonoticias/status/2010283417997287457,5719843,False,Argentina
1,todonoticias,ejecucion,2010283240914133272,2026-01-11 09:30:48+00:00,"Poco espacio en Venezuela para salidas intermedias: habrá más chavismo o democracia

Por Marcos Novaro

https://t.co/2bg0zkuVDV",todonoticias,TN - Todo Noticias,25992212,0,4,5,0,2267.0,es,https://x.com/todonoticias/status/2010283240914133272,5719843,False,Argentina
1,todonoticias,ejecucion,2010283060965855447,2026-01-11 09:30:05+00:00,"El hospital de peluches de La Plata: el local familiar que repara ositos y devuelve recuerdos

Por Constanza Macieri

https://t.co/B7JyfatSur",todonoticias,TN - Todo Noticias,25992212,0,3,4,0,1874.0,es,https://x.com/todonoticias/status/2010283060965855447,5719843,False,Argentina
1,todonoticias,ejecucion,2010282977406980420,2026-01-11 09:29:45+00:00,"Cuando el estereotipo retrasa el diagnóstico: trastornos alimentarios en varones y niños

Por Juan José Berardone

https://t.co/RlUTwWwiZM",todonoticias,TN - Todo Noticias,25992212,0,0,0,1,2156.0,es,https://x.com/todonoticias/status/2010282977406980420,5719843,False,Argentina
1,todonoticias,ejecucion,2010282862432718939,2026-01-11 09:29:18+00:00,"Balance cambiario, alivio transitorio y señales mixtas hacia 2026

Por Federico Vacalebre

https://t.co/agJJLU6IAa",todonoticias,TN - Todo Noticias,25992212,0,0,0,1,1794.0,es,https://x.com/todonoticias/status/2010282862432718939,5719843,False,Argentina
1,todonoticias,ejecucion,2010282635071984050,2026-01-11 09:28:24+00:00,"Higiene psíquica: una rutina de limpieza que puede transformar nuestro presente

Por Natalia Carcavallo

https://t.co/sUOp0PQVtA",todonoticias,TN - Todo Noticias,25992212,0,0,2,0,1949.0,es,https://x.com/todonoticias/status/2010282635071984050,5719843,False,Argentina
1,todonoticias,ejecucion,2010282516394205628,2026-01-11 09:27:55+00:00,"Juegos de mesa vs. videojuegos: cuáles son los más saludables en vacaciones, según los expertos

https://t.co/UR17u99fin",todonoticias,TN - Todo Noticias,25992212,0,0,1,0,2115.0,es,https://x.com/todonoticias/status/2010282516394205628,5719843,False,Argentina
1,todonoticias,ejecucion,2010282077300936829,2026-01-11 09:26:11+00:00,"A días del estreno de la nueva temporada, las protagonistas de Bridgerton se lucen en una campaña de joyas

https://t.co/tlR0B4eBl8",todonoticias,TN - Todo Noticias,25992212,0,1,0,0,2151.0,es,https://x.com/todonoticias/status/2010282077300936829,5719843,False,Argentina
1,todonoticias,ejecucion,2010281971969323153,2026-01-11 09:25:46+00:00,"Alto el fuego en Gaza: Donald Trump presiona para convocar al consejo de paz ante las dudas de Israel y Hamas

Por Marcelo Izquierdo

https://t.co/H9BiDz9rLT",todonoticias,TN - Todo Noticias,25992212,0,2,2,2,1691.0,es,https://x.com/todonoticias/status/2010281971969323153,5719843,False,Argentina
1,todonoticias,ejecucion,2010281925488017500,2026-01-11 09:25:34+00:00,"Venezuela, bajo el escrutinio de las redes https://t.co/cE9LHyREM5",todonoticias,TN - Todo Noticias,25992212,0,1,2,0,1743.0,es,https://x.com/todonoticias/status/2010281925488017500,5719843,False,Argentina
1,todonoticias,ejecucion,2010281865899552995,2026-01-11 09:25:20+00:00,"Impulsan un programa de prevención y fortalecimiento en el cuidado integral de pacientes de la tercera edad

https://t.co/dlgH0g3Yo1",todonoticias,TN - Todo Noticias,25992212,0,2,2,1,1593.0,es,https://x.com/todonoticias/status/2010281865899552995,5719843,False,Argentina
1,todonoticias,ejecucion,2010281778586747352,2026-01-11 09:24:59+00:00,"Venezuela, bajo el escrutinio de las redes

Por Diego Corbalán

https://t.co/r10zy5JctE",todonoticias,TN - Todo Noticias,25992212,0,0,2,0,1648.0,es,https://x.com/todonoticias/status/2010281778586747352,5719843,False,Argentina
1,todonoticias,ejecucion,2010275125606916577,2026-01-11 08:58:33+00:00,"El enojo de Lula con Milei, el pendrive que inquieta a Tapia y qué hay detrás de los incendios en la Patagonia https://t.co/bweNFTX04W",todonoticias,TN - Todo Noticias,25992212,0,0,4,0,1970.0,es,https://x.com/todonoticias/status/2010275125606916577,5719843,False,Argentina
1,todonoticias,ejecucion,2010261728018501977,2026-01-11 08:05:19+00:00,PODCAST | Por qué nos sentimos solos aun estando bien acompañados https://t.co/Uic7pP1NTY,todonoticias,TN - Todo Noticias,25992212,0,0,0,0,1892.0,es,https://x.com/todonoticias/status/2010261728018501977,5719843,False,Argentina
1,todonoticias,ejecucion,2010196158631608398,2026-01-11 03:44:46+00:00,Fátima Florez imitó el polémico audio de Luciano Castro y elogió a Griselda Siciliani: “Lo resolvió muy bien” https://t.co/4xO1yHZJqq,todonoticias,TN - Todo Noticias,25992212,3,3,20,0,9279.0,es,https://x.com/todonoticias/status/2010196158631608398,5719843,False,Argentina
1,todonoticias,ejecucion,2010192955655520599,2026-01-11 03:32:02+00:00,Asesinaron a un chico de 16 años durante un tiroteo en Mar del Plata: hay un detenido https://t.co/36rsRwotGp,todonoticias,TN - Todo Noticias,25992212,0,4,10,0,5848.0,es,https://x.com/todonoticias/status/2010192955655520599,5719843,False,Argentina
1,todonoticias,ejecucion,2010190589086585193,2026-01-11 03:22:38+00:00,"Fue campeón con Inter Miami, volvió a un grande del fútbol argentino y podría reencontrarse con Lionel Messi https://t.co/dgmErvU96G",todonoticias,TN - Todo Noticias,25992212,0,2,5,1,4883.0,es,https://x.com/todonoticias/status/2010190589086585193,5719843,False,Argentina
1,todonoticias,ejecucion,2010189220099563958,2026-01-11 03:17:12+00:00,Asesinaron a un chico de 16 años durante un tiroteo en Mar del Plata: hay un detenido https://t.co/qlcQ9pwaDW,todonoticias,TN - Todo Noticias,25992212,1,1,6,0,4616.0,es,https://x.com/todonoticias/status/2010189220099563958,5719843,False,Argentina
1,todonoticias,ejecucion,2010188211507577046,2026-01-11 03:13:11+00:00,Un exparticipante de Gran Hermano reveló la fuerte suma que pagó para recuperar la moto con la que hace delivery https://t.co/WHsAVZRzYt,todonoticias,TN - Todo Noticias,25992212,0,2,2,0,4712.0,es,https://x.com/todonoticias/status/2010188211507577046,5719843,False,Argentina
1,todonoticias,ejecucion,2010155099637809535,2026-01-11 01:01:37+00:00,Capturaron a los ladrones que asaltaron al periodista Nicolás Wiñazki https://t.co/YMs6jjw5y6,todonoticias,TN - Todo Noticias,25992212,3,2,18,1,5873.0,es,https://x.com/todonoticias/status/2010155099637809535,5719814,False,Argentina
1,todonoticias,ejecucion,2010150974346694779,2026-01-11 00:45:13+00:00,"🔴 AHORA | Habla Griselda Heredia, madre de Nahuel Gallo: ""Nahuel ya no tiene nada"" https://t.co/2HfJk7ExY6",todonoticias,TN - Todo Noticias,25992212,22,13,103,5,46903.0,es,https://x.com/todonoticias/status/2010150974346694779,5719814,False,Argentina
1,todonoticias,ejecucion,2010150558280364400,2026-01-11 00:43:34+00:00,Patricia Bullrich visitó Mar del Plata en busca de apoyo para la reforma laboral https://t.co/YJmuSQmaf9,todonoticias,TN - Todo Noticias,25992212,2,4,7,2,5083.0,es,https://x.com/todonoticias/status/2010150558280364400,5719814,False,Argentina
1,todonoticias,ejecucion,2010149932611539169,2026-01-11 00:41:05+00:00,"🔴 AHORA | Habla Griselda Heredia, madre de Nahuel Gallo: ""Todo esto es muy desesperante. Somos una familia de trabajadores"" https://t.co/kuEopYQxyo",todonoticias,TN - Todo Noticias,25992212,13,25,89,3,18232.0,es,https://x.com/todonoticias/status/2010149932611539169,5719814,False,Argentina
1,todonoticias,ejecucion,2010149426392904187,2026-01-11 00:39:04+00:00,Caso Delfina Aimino: la fiscal reveló un dato clave que modifica la primera hipótesis sobre el femicidio https://t.co/bq1TCJjAhG,todonoticias,TN - Todo Noticias,25992212,3,0,11,0,6924.0,es,https://x.com/todonoticias/status/2010149426392904187,5719814,False,Argentina
1,todonoticias,ejecucion,2010148905346908546,2026-01-11 00:37:00+00:00,"🔴 AHORA | Habla Griselda Heredia, madre de Nahuel Gallo: ""Quedó totalmente solo allá. Está desamparado"" https://t.co/sT0hzeNvop",todonoticias,TN - Todo Noticias,25992212,36,56,328,6,40372.0,es,https://x.com/todonoticias/status/2010148905346908546,5719814,False,Argentina
1,todonoticias,ejecucion,2010147643834462537,2026-01-11 00:31:59+00:00,"🔴 AHORA | Habla Griselda Heredia, madre de Nahuel Gallo: ""Me llegan muchos informes, pero son todos muy dudosos"" https://t.co/8u5IrmOLW4",todonoticias,TN - Todo Noticias,25992212,6,7,32,1,16631.0,es,https://x.com/todonoticias/status/2010147643834462537,5719814,False,Argentina
1,todonoticias,ejecucion,2010144909010055623,2026-01-11 00:21:07+00:00,Incendios en Chubut: Chile le ofreció ayuda a la Argentina y Quirno agradeció el apoyo https://t.co/wRNYfs3oHL,todonoticias,TN - Todo Noticias,25992212,3,9,27,1,5413.0,es,https://x.com/todonoticias/status/2010144909010055623,5719814,False,Argentina
1,todonoticias,ejecucion,2010133585903415721,2026-01-10 23:36:08+00:00,El hijo de Maduro compartió el primer mensaje de su padre desde la cárcel: “Estamos bien” https://t.co/jDNNhRjuiW,todonoticias,TN - Todo Noticias,25992212,5,1,3,1,4469.0,es,https://x.com/todonoticias/status/2010133585903415721,5719814,False,Argentina
1,todonoticias,ejecucion,2010133492349227184,2026-01-10 23:35:45+00:00,El Vaticano negoció la salida de Nicolás Maduro a Rusia para evitar la operación de Estados Unidos https://t.co/F1P5M28XyT,todonoticias,TN - Todo Noticias,25992212,8,3,5,2,5661.0,es,https://x.com/todonoticias/status/2010133492349227184,5719814,False,Argentina
1,todonoticias,ejecucion,2010132083159544064,2026-01-10 23:30:09+00:00,Los vencimientos de deuda que enfrenta la Argentina en 2026 y 2027 https://t.co/2fwclUhPc5,todonoticias,TN - Todo Noticias,25992212,0,4,2,0,4262.0,es,https://x.com/todonoticias/status/2010132083159544064,5719814,False,Argentina
1,todonoticias,ejecucion,2010129083552931903,2026-01-10 23:18:14+00:00,El Gobierno cuestionó el recuento de votos en Honduras y respaldó a Nasry Asfura como presidente electo https://t.co/jzsizb3ghi,todonoticias,TN - Todo Noticias,25992212,0,2,5,0,4081.0,es,https://x.com/todonoticias/status/2010129083552931903,5719814,False,Argentina
1,todonoticias,ejecucion,2010128318683640109,2026-01-10 23:15:12+00:00,No es el suavizante: el truco que usan en las lavanderías para que la ropa huela bien por más tiempo https://t.co/e64PgFCwCr,todonoticias,TN - Todo Noticias,25992212,1,1,6,0,6852.0,es,https://x.com/todonoticias/status/2010128318683640109,5719814,False,Argentina
1,todonoticias,ejecucion,2010125970116624531,2026-01-10 23:05:52+00:00,Aplastante goleada: el Manchester City le ganó 10-1 a un equipo de la tercera división en la FA Cup y marcó un récord impresionante https://t.co/XwANiyXBys,todonoticias,TN - Todo Noticias,25992212,1,1,2,0,3880.0,es,https://x.com/todonoticias/status/2010125970116624531,5719814,False,Argentina
1,todonoticias,ejecucion,2010122577931366675,2026-01-10 22:52:23+00:00,"El duro testimonio de uno de los voluntarios que colaboran en los operativos por los incendios en Chubut: ""Estamos sobrepasados"" https://t.co/VPnDC2JDgD",todonoticias,TN - Todo Noticias,25992212,3,2,11,1,4864.0,es,https://x.com/todonoticias/status/2010122577931366675,5719814,False,Argentina
1,todonoticias,ejecucion,2010119174333345915,2026-01-10 22:38:52+00:00,🔴 AHORA | El fuego llegó a las casas en Chubut https://t.co/2JLP7R4gg0 https://t.co/4zQhyz2hNf,todonoticias,TN - Todo Noticias,25992212,42,223,1001,20,74362.0,es,https://x.com/todonoticias/status/2010119174333345915,5719814,False,Argentina
1,todonoticias,ejecucion,2010117973281853608,2026-01-10 22:34:05+00:00,"Fue a La Cabrera, pidió un ojo de bife con papas fritas, puré y una bebida: mostró el ticket final https://t.co/Lf7m4HtE1C",todonoticias,TN - Todo Noticias,25992212,31,1,9,1,19412.0,es,https://x.com/todonoticias/status/2010117973281853608,5719814,False,Argentina
1,todonoticias,ejecucion,2010113859743268934,2026-01-10 22:17:44+00:00,Quién era la influencer de 19 años que murió de cáncer y había sido mamá en 2024 https://t.co/Rgdg4Na3Vj,todonoticias,TN - Todo Noticias,25992212,1,1,5,0,4388.0,es,https://x.com/todonoticias/status/2010113859743268934,5719814,False,Argentina
1,todonoticias,ejecucion,2010111384395055226,2026-01-10 22:07:54+00:00,Aseguran que Mariana Nannis se puso de novia con un misterioso hombre en Marbella https://t.co/Z1L4U7T0Bl,todonoticias,TN - Todo Noticias,25992212,3,1,1,1,5247.0,es,https://x.com/todonoticias/status/2010111384395055226,5719814,False,Argentina
1,todonoticias,ejecucion,2010104135522349139,2026-01-10 21:39:06+00:00,"⚽ JUGABAN UN PICADO ENTRE AMIGOS EN UNA ZONA EXCLUSIVA DE ECUADOR Y SICARIOS ARMADOS CON FUSILES DE ASALTO LOS EJECUTARON EN LA CANCHA.

▪️ Las cámaras de seguridad grabaron todo: hombres vestidos con ropa militar que vulneraron varios controles del complejo. Llegaron coordinados, en varios vehículos, con ametralladoras.

▪️ El partido se desarrollaba con normalidad hasta que los delincuentes entraron a las canchas. Los jugadores se tiraron al suelo. Uno de ellos fue revisado y le dispararon por la espalda.

▪️ Ocurrió en la Isla Mocoli, una de las áreas residenciales más caras del cantón Samborondón. Los tres hombres que murieron no vivían en la zona: habían sido invitados.

▪️ El ministro del Interior, John Reimberg, confirmó que las víctimas tenían antecedentes penales por narcotráfico internacional, asesinatos y robos. Los investigadores creen que fue un ajuste de cuentas.

Más información en la web de TN https://t.co/6d55F2Ze9q",todonoticias,TN - Todo Noticias,25992212,28,39,804,7,149266.0,es,https://x.com/todonoticias/status/2010104135522349139,5719814,False,Argentina
1,todonoticias,ejecucion,2010101089794728157,2026-01-10 21:27:00+00:00,Camilota se animó a tirarse por un tobogán acuático y compartió una reflexión: “Vivan” https://t.co/zNVFjmShGW,todonoticias,TN - Todo Noticias,25992212,9,2,6,1,7174.0,es,https://x.com/todonoticias/status/2010101089794728157,5719843,False,Argentina
1,todonoticias,ejecucion,2010097940648394883,2026-01-10 21:14:29+00:00,Rochi Igarzábal recordó su romance con Pablo Martínez de “Casi Ángeles”: “Mi relación más tóxica” https://t.co/96g3vECGVb,todonoticias,TN - Todo Noticias,25992212,3,1,10,0,8720.0,es,https://x.com/todonoticias/status/2010097940648394883,5719843,False,Argentina
1,todonoticias,ejecucion,2010090859836907589,2026-01-10 20:46:21+00:00,"La bronca del fiscal general de Chubut por los incendios: “Lo que no se quemó el año pasado, se está quemando ahora” https://t.co/EwzVNKselc",todonoticias,TN - Todo Noticias,25992212,31,72,141,5,6530.0,es,https://x.com/todonoticias/status/2010090859836907589,5719843,False,Argentina
1,todonoticias,ejecucion,2010089768739020946,2026-01-10 20:42:01+00:00,Murió una influencer de 19 años que compartía en Instagram su tratamiento contra el cáncer: había sido mamá el año pasado https://t.co/AKEBgC0MIE,todonoticias,TN - Todo Noticias,25992212,1,2,21,0,6519.0,es,https://x.com/todonoticias/status/2010089768739020946,5719843,False,Argentina
1,todonoticias,ejecucion,2010087611088470404,2026-01-10 20:33:26+00:00,El error que casi todos cometen al limpiar las hornallas y que puede dañar la cocina https://t.co/UOoBpcIZz8,todonoticias,TN - Todo Noticias,25992212,2,2,6,0,4966.0,es,https://x.com/todonoticias/status/2010087611088470404,5719843,False,Argentina
1,todonoticias,ejecucion,2010086045514395932,2026-01-10 20:27:13+00:00,Se conoció el video del momento previo a la paliza al hombre acusado de abusar de una mujer en un colectivo https://t.co/zmezrNwEqL,todonoticias,TN - Todo Noticias,25992212,1,1,5,0,5350.0,es,https://x.com/todonoticias/status/2010086045514395932,5719843,False,Argentina
1,todonoticias,ejecucion,2010085544705810890,2026-01-10 20:25:14+00:00,"💔 TENÍA 19 AÑOS, ERA MAMÁ DE UN BEBÉ Y COMPARTÍA SU LUCHA CONTRA EL CÁNCER EN INSTAGRAM

▪️ Isabel Veloso murió en Curitiba después de años de mostrarle a 3,6 millones de seguidores cada día de su batalla contra el linfoma de Hodgkin.

▪️ Tenía solo 15 cuando le diagnosticaron el cáncer. Desde entonces, decidió no esconder nada: las internaciones, la caída del pelo, los trasplantes, los días en que apenas podía levantarse.

▪️ En agosto del año pasado anunció que estaba embarazada. Arthur, su hijo, tiene un año. Su esposo Lucas Borbas fue quien anunció la muerte con un mensaje desgarrador: ""Hoy mi corazón habla en silencio, porque el dolor es demasiado grande para ser contenido en palabras"".

▪️ Las últimas semanas fueron devastadoras. Isabel pasó 24 días internada por un trasplante de médula ósea. ""Salí de allí siendo otra persona"", escribió en octubre. No pudo recuperarse.

▪️ Su padre compartió una foto este sábado por la mañana con una frase que ahora resuena distinto: ""Vive por mí lo que yo no pude vivir"".

Más información en la web de TN 👇
https://t.co/uDC1CcpYLL",todonoticias,TN - Todo Noticias,25992212,35,48,966,3,94532.0,es,https://x.com/todonoticias/status/2010085544705810890,5719843,False,Argentina
1,todonoticias,ejecucion,2010085022968004802,2026-01-10 20:23:09+00:00,Flor Torrente debutó junto a Sebastián Presta en “Mi amiga y yo” https://t.co/AIoM9HkBV3,todonoticias,TN - Todo Noticias,25992212,0,1,6,0,6269.0,es,https://x.com/todonoticias/status/2010085022968004802,5719843,False,Argentina
1,todonoticias,ejecucion,2010082811064078662,2026-01-10 20:14:22+00:00,La boga se abre camino como opción estratégica para la acuicultura argentina https://t.co/W3r6eZnNOl,todonoticias,TN - Todo Noticias,25992212,0,1,6,0,3968.0,es,https://x.com/todonoticias/status/2010082811064078662,5719843,False,Argentina
1,todonoticias,ejecucion,2010079843967181125,2026-01-10 20:02:34+00:00,La decisión de Vélez con Maher Carrizo mientras se define su pase a River Plate https://t.co/GJ3H20BEk5,todonoticias,TN - Todo Noticias,25992212,0,1,1,0,4917.0,es,https://x.com/todonoticias/status/2010079843967181125,5719843,False,Argentina
1,todonoticias,ejecucion,2010077461166600660,2026-01-10 19:53:06+00:00,"🚗 CUATRO AMIGOS MANEJARON DOS CUADRAS POR LA VEREDA EN MENDOZA, SE FILMARON Y LO VIRALIZARON.

▪️ Todo pasó en pleno barrio residencial de Guaymallén, en una vereda que a cualquier hora tiene vecinos.

▪️ En el video se los ve entre risas, tocando bocina y acelerando a bordo de un utilitario mientras peatones intentaban apartarse del camino.

▪️ Una vecina estaba regando tranquila cuando escuchó los bocinazos, levantó la vista y se encontró con una combi avanzando hacia ella por la vereda.

▪️ El municipio ya identificó al menos a dos de los cuatro responsables y la multa podría superar los 600 mil pesos por infracción gravísima.

▪️ Lo grabaron, lo subieron a redes y ahora enfrentan posibles sanciones penales.

Más información en la web de TN 👇
https://t.co/1I8icn7vb3",todonoticias,TN - Todo Noticias,25992212,10,11,21,1,11098.0,es,https://x.com/todonoticias/status/2010077461166600660,5719843,False,Argentina
1,todonoticias,ejecucion,2010077240000655734,2026-01-10 19:52:14+00:00,La familia de la activista venezolana excarcelada Rocío San Miguel aseguró que no tiene una “libertad plena” https://t.co/lG22EfZqqJ,todonoticias,TN - Todo Noticias,25992212,1,2,4,0,3897.0,es,https://x.com/todonoticias/status/2010077240000655734,5719843,False,Argentina
1,todonoticias,ejecucion,2010074772793589767,2026-01-10 19:42:25+00:00,Alerta en la Estación Espacial: la NASA ordenó el regreso anticipado de cuatro astronautas https://t.co/oRYEsjM7sy,todonoticias,TN - Todo Noticias,25992212,2,3,6,0,4229.0,es,https://x.com/todonoticias/status/2010074772793589767,5719843,False,Argentina
1,todonoticias,ejecucion,2010072141220151511,2026-01-10 19:31:58+00:00,"Con Vaca Muerta en alza y Venezuela en crisis, la Argentina gana peso en el mapa petrolero regional https://t.co/jx5dw8GO2i",todonoticias,TN - Todo Noticias,25992212,4,3,17,0,4556.0,es,https://x.com/todonoticias/status/2010072141220151511,5719843,False,Argentina
1,todonoticias,ejecucion,2010069599018971527,2026-01-10 19:21:52+00:00,Argelia fue eliminada de la Copa Africana por una selección que no jugará el Mundial 2026 https://t.co/hmBTZRJBg4,todonoticias,TN - Todo Noticias,25992212,0,2,3,0,4312.0,es,https://x.com/todonoticias/status/2010069599018971527,5719843,False,Argentina
1,todonoticias,ejecucion,2010065751734980783,2026-01-10 19:06:35+00:00,Aseguran que Ian Lucas y Evangelina Anderson se pelearon: “Hubo un cortocircuito” https://t.co/59NsqWUWNS,todonoticias,TN - Todo Noticias,25992212,10,1,17,0,16957.0,es,https://x.com/todonoticias/status/2010065751734980783,5719843,False,Argentina
1,todonoticias,ejecucion,2010063724539756590,2026-01-10 18:58:31+00:00,Video: un manifestante irrumpió en la embajada de Irán en Londres y retiró la bandera oficial durante una protesta https://t.co/sTvimg8EOW,todonoticias,TN - Todo Noticias,25992212,0,1,9,0,3995.0,es,https://x.com/todonoticias/status/2010063724539756590,5719843,False,Argentina
1,todonoticias,ejecucion,2010060141165433232,2026-01-10 18:44:17+00:00,"Un nene de 5 años quiso subir al micro escolar, su brazo quedó trabado en la puerta y murió atropellado https://t.co/5ZNo8QmGfv",todonoticias,TN - Todo Noticias,25992212,4,4,25,0,8971.0,es,https://x.com/todonoticias/status/2010060141165433232,5719843,False,Argentina
1,todonoticias,ejecucion,2010055955161960520,2026-01-10 18:27:39+00:00,Plazos fijo tradicional vs. plazo fijo UVA: la opción que eligieron los argentinos en 2025 https://t.co/MnwU9Pj3Xb,todonoticias,TN - Todo Noticias,25992212,0,1,2,1,4223.0,es,https://x.com/todonoticias/status/2010055955161960520,5719843,False,Argentina
1,todonoticias,ejecucion,2010094866345160816,2026-01-10 21:02:16+00:00,"Terror, gritos y desesperación: los videos del tiroteo en una cancha de fútbol donde murieron tres personas https://t.co/RFW9izYJlt",todonoticias,TN - Todo Noticias,25992212,2,3,7,0,5874.0,es,https://x.com/todonoticias/status/2010094866345160816,5719843,False,Argentina
1,todonoticias,ejecucion,2010052765452587314,2026-01-10 18:14:58+00:00,Wanda Nara expuso a Grego Rossello y mostró el mensaje que le mandó al saber que estaba soltera https://t.co/b06dTVd8l9,todonoticias,TN - Todo Noticias,25992212,7,1,19,1,8660.0,es,https://x.com/todonoticias/status/2010052765452587314,5719843,False,Argentina
1,todonoticias,ejecucion,2010050726362218621,2026-01-10 18:06:52+00:00,"González Urrutia reclamó acelerar la liberación de presos políticos: “No se ha alcanzado ni siquiera el 1 % de las excarcelaciones anunciadas"" https://t.co/aoNvgnb9lY",todonoticias,TN - Todo Noticias,25992212,1,2,24,0,4289.0,es,https://x.com/todonoticias/status/2010050726362218621,5719843,False,Argentina
1,todonoticias,ejecucion,2010048127160537528,2026-01-10 17:56:33+00:00,Brasil informó que dejará de representar a la Argentina en Venezuela y el Gobierno redefine su estrategia diplomática https://t.co/TflsM0g8zt,todonoticias,TN - Todo Noticias,25992212,2,3,9,0,4144.0,es,https://x.com/todonoticias/status/2010048127160537528,5719843,False,Argentina
1,todonoticias,ejecucion,2010045611257557270,2026-01-10 17:46:33+00:00,Filtraron las fotos de Julieta Díaz a los besos con un hombre en la Costa https://t.co/MFePUl1tpH,todonoticias,TN - Todo Noticias,25992212,5,1,7,0,8148.0,es,https://x.com/todonoticias/status/2010045611257557270,5719843,False,Argentina
1,todonoticias,ejecucion,2010043555037778124,2026-01-10 17:38:22+00:00,Sorpresa en Inglaterra: el campeón de la FA Cup quedó eliminado con un rival de sexta división y su capitán tuvo un inesperado gesto con los hinchas https://t.co/zK5A6dokbB,todonoticias,TN - Todo Noticias,25992212,0,1,3,0,4220.0,es,https://x.com/todonoticias/status/2010043555037778124,5719843,False,Argentina
1,todonoticias,ejecucion,2010040514469376127,2026-01-10 17:26:18+00:00,Una marca coreana lanzaría un nuevo SUV de entrada de gama https://t.co/dOmsQRpZvt,todonoticias,TN - Todo Noticias,25992212,0,1,4,1,13524.0,es,https://x.com/todonoticias/status/2010040514469376127,5719843,False,Argentina
1,todonoticias,ejecucion,2010037995680788527,2026-01-10 17:16:17+00:00,Julieta Poggio cumplió 24 años: las fotos del festejo XXL en Carlos Paz https://t.co/egM7ireEwZ,todonoticias,TN - Todo Noticias,25992212,1,8,44,1,6508.0,es,https://x.com/todonoticias/status/2010037995680788527,5719843,False,Argentina
1,todonoticias,ejecucion,2010036229367337429,2026-01-10 17:09:16+00:00,Detuvieron a un delincuente que intentó robarle un reloj a un turista italiano en Monserrat https://t.co/z6uA9cdPXe,todonoticias,TN - Todo Noticias,25992212,0,3,5,1,4741.0,es,https://x.com/todonoticias/status/2010036229367337429,5719843,False,Argentina
1,todonoticias,ejecucion,2010034368253726845,2026-01-10 17:01:52+00:00,Video: un grupo de jóvenes se filmó mientras manejaba por la vereda en Mendoza https://t.co/zzLhOBlEyG,todonoticias,TN - Todo Noticias,25992212,0,1,3,0,4136.0,es,https://x.com/todonoticias/status/2010034368253726845,5719843,False,Argentina
1,todonoticias,ejecucion,2010032690385371358,2026-01-10 16:55:12+00:00,Detuvieron a 39 personas acusadas de integrar una banda narco en Rosario: aseguran que usaban a mellizas de 7 años y a un nene de 10 años para vender droga https://t.co/fY8MXXV80i,todonoticias,TN - Todo Noticias,25992212,0,4,8,0,3732.0,es,https://x.com/todonoticias/status/2010032690385371358,5719843,False,Argentina
1,todonoticias,ejecucion,2010030668114506151,2026-01-10 16:47:10+00:00,Megaoperativo en Rosario: detuvieron a 39 personas acusadas de integrar una banda narco https://t.co/5sbwctB2vA,todonoticias,TN - Todo Noticias,25992212,1,3,11,0,3894.0,es,https://x.com/todonoticias/status/2010030668114506151,5719843,False,Argentina
1,todonoticias,ejecucion,2010030355781193755,2026-01-10 16:45:56+00:00,Horror en el paraíso: una turista murió desangrada tras el feroz ataque de un tiburón en las Islas Vírgenes de EE.UU. https://t.co/IoeYlNeUqm,todonoticias,TN - Todo Noticias,25992212,1,3,21,0,7956.0,es,https://x.com/todonoticias/status/2010030355781193755,5719843,False,Argentina
1,todonoticias,ejecucion,2010026491950567608,2026-01-10 16:30:34+00:00,Hay un nuevo Peugeot 408 con cambios en el diseño https://t.co/kM3RAem2VE,todonoticias,TN - Todo Noticias,25992212,0,1,1,0,3990.0,es,https://x.com/todonoticias/status/2010026491950567608,5719843,False,Argentina
1,todonoticias,ejecucion,2010022625624408146,2026-01-10 16:15:13+00:00,La burla de Sabrina Rojas a Griselda Siciliani después de que Luciano Castro le fuera infiel https://t.co/0gmnaVbVxN,todonoticias,TN - Todo Noticias,25992212,4,1,15,0,13478.0,es,https://x.com/todonoticias/status/2010022625624408146,5719843,False,Argentina
1,todonoticias,ejecucion,2010017790539747717,2026-01-10 15:56:00+00:00,Horror en Estados Unidos: detuvieron a un hombre que robó más de 100 restos humanos de un cementerio y los guardó en su casa https://t.co/pREr6SyzeP,todonoticias,TN - Todo Noticias,25992212,6,1,18,0,5910.0,es,https://x.com/todonoticias/status/2010017790539747717,5719843,False,Argentina
1,todonoticias,ejecucion,2010014935800074527,2026-01-10 15:44:39+00:00,"""Busco mi plato de comida"": el desgarrador relato de un exparticipante de Gran Hermano que no llega fin de mes: https://t.co/bNODtE6XX7",todonoticias,TN - Todo Noticias,25992212,9,2,16,0,29176.0,es,https://x.com/todonoticias/status/2010014935800074527,5719843,False,Argentina
1,todonoticias,ejecucion,2010012477635911981,2026-01-10 15:34:53+00:00,La posible llegada del jugador de la Selección argentina que ilusiona a Rosario Central https://t.co/vKyvLbHzeZ,todonoticias,TN - Todo Noticias,25992212,1,1,8,0,3978.0,es,https://x.com/todonoticias/status/2010012477635911981,5719843,False,Argentina
1,todonoticias,ejecucion,2010010532871389482,2026-01-10 15:27:09+00:00,"Stephen Hawking: “Por muy difícil que parezca la vida, siempre hay algo que puedes hacer y en lo que puedes tener éxito. Lo importante es no rendirse” https://t.co/6XyDfxGyoT",todonoticias,TN - Todo Noticias,25992212,0,5,19,0,5429.0,es,https://x.com/todonoticias/status/2010010532871389482,5719843,False,Argentina
1,todonoticias,ejecucion,2010006269009043883,2026-01-10 15:10:13+00:00,"“Sin agua, no hay alimentos”: el trabajo de un ingeniero agrónomo para revertir la crisis en el Chaco salteño https://t.co/fgy2Crh22g",todonoticias,TN - Todo Noticias,25992212,1,2,11,0,3769.0,es,https://x.com/todonoticias/status/2010006269009043883,5719843,False,Argentina
1,todonoticias,ejecucion,2010001424415883322,2026-01-10 14:50:58+00:00,El gobernador de Chubut confirmó que encontraron combustible donde se inició el fuego y continúa la búsqueda de los responsables https://t.co/uXOk81NpJS,todonoticias,TN - Todo Noticias,25992212,19,33,70,1,6398.0,es,https://x.com/todonoticias/status/2010001424415883322,5719843,False,Argentina
1,todonoticias,ejecucion,2009999436588494955,2026-01-10 14:43:04+00:00,Los 10 nombres de nena más usados en la Argentina durante 2025 https://t.co/sCEEpxQJzk,todonoticias,TN - Todo Noticias,25992212,0,2,4,0,7754.0,es,https://x.com/todonoticias/status/2009999436588494955,5719843,False,Argentina
1,todonoticias,ejecucion,2009997003347148994,2026-01-10 14:33:24+00:00,"Se trata de Virgilio Laverde, que había sido apresado el 15 de agosto del 2024. 

Aún 800 personas esperan salir en libertad. 

https://t.co/inyDlqeL0y https://t.co/hqFZdsmvYc",todonoticias,TN - Todo Noticias,25992212,3,7,32,0,6711.0,es,https://x.com/todonoticias/status/2009997003347148994,5719843,False,Argentina
1,todonoticias,ejecucion,2009995447193264485,2026-01-10 14:27:13+00:00,Milei destacó el pago de los vencimientos de deuda y criticó a los que “agitaron el fantasma del default” https://t.co/yLa7woCeFV,todonoticias,TN - Todo Noticias,25992212,6,1,6,1,3582.0,es,https://x.com/todonoticias/status/2009995447193264485,5719843,False,Argentina
1,todonoticias,ejecucion,2009994187240853745,2026-01-10 14:22:12+00:00,Córdoba: una beba nació con cocaína en sangre y hay alarma por el aumento de casos similares https://t.co/umwPJnCPt0,todonoticias,TN - Todo Noticias,25992212,4,3,8,1,3977.0,es,https://x.com/todonoticias/status/2009994187240853745,5719843,False,Argentina
1,todonoticias,ejecucion,2009991338784075780,2026-01-10 14:10:53+00:00,Subastaron el primer cómic de Superman por US$15 millones: fue de Nicolas Cage y es un ícono de la cultura pop https://t.co/9vKgbhfgG3,todonoticias,TN - Todo Noticias,25992212,0,4,14,2,5285.0,es,https://x.com/todonoticias/status/2009991338784075780,5719843,False,Argentina
1,todonoticias,ejecucion,2009989786245689816,2026-01-10 14:04:43+00:00,"Tras llegar a Alianza Lima, Advíncula reveló que le dijo a Juan Román Riquelme por su salida anticipada de Boca https://t.co/UM7w3vVqLn",todonoticias,TN - Todo Noticias,25992212,1,1,3,0,3942.0,es,https://x.com/todonoticias/status/2009989786245689816,5719843,False,Argentina
1,todonoticias,ejecucion,2009987874712703039,2026-01-10 13:57:07+00:00,De los apapachos al desinterés y de vuelta al cariño (y el ciclo se repite) https://t.co/qzOSEBGgyR,todonoticias,TN - Todo Noticias,25992212,0,1,4,0,3440.0,es,https://x.com/todonoticias/status/2009987874712703039,5719843,False,Argentina
1,todonoticias,ejecucion,2009984535954411750,2026-01-10 13:43:51+00:00,Racing destrabó la negociación con Huracán y llegó a un acuerdo para incorporar a Matko Miljevic https://t.co/da3x7lOQAK,todonoticias,TN - Todo Noticias,25992212,0,1,2,0,3966.0,es,https://x.com/todonoticias/status/2009984535954411750,5719843,False,Argentina
1,todonoticias,ejecucion,2009981721488318959,2026-01-10 13:32:40+00:00,Incendios en Chubut: revelaron la impactante foto que confirma que el fuego fue provocado de manera intencional https://t.co/OVmoitObn7,todonoticias,TN - Todo Noticias,25992212,4,7,15,2,4675.0,es,https://x.com/todonoticias/status/2009981721488318959,5719843,False,Argentina
1,todonoticias,ejecucion,2009980229352071568,2026-01-10 13:26:44+00:00,Dramático rescate en San Luis: un ministro se metió en un arroyo desbordado para salvar a dos turistas que habían quedado atrapadas https://t.co/es6yQOBCNL,todonoticias,TN - Todo Noticias,25992212,0,2,12,0,3604.0,es,https://x.com/todonoticias/status/2009980229352071568,5719843,False,Argentina
1,todonoticias,ejecucion,2009977913408663681,2026-01-10 13:17:32+00:00,El Gobierno detuvo en Corrientes a un ciudadano venezolano acusado de tener vínculos terroristas https://t.co/fv504fQ4Qq,todonoticias,TN - Todo Noticias,25992212,0,3,9,0,3730.0,es,https://x.com/todonoticias/status/2009977913408663681,5719843,False,Argentina
1,todonoticias,ejecucion,2009977878486663428,2026-01-10 13:17:24+00:00,Brasil: una mujer conoció a un hombre por una app de citas y la mantuvo cautiva durante un año https://t.co/8f887ikOhS,todonoticias,TN - Todo Noticias,25992212,1,2,6,1,3694.0,es,https://x.com/todonoticias/status/2009977878486663428,5719843,False,Argentina
1,todonoticias,ejecucion,2009976401206882589,2026-01-10 13:11:32+00:00,OPINIÓN | Las Provincias Unidas contra el Brasil: una guerra olvidada https://t.co/MWnhQ2vkQ4,todonoticias,TN - Todo Noticias,25992212,0,1,4,0,3822.0,es,https://x.com/todonoticias/status/2009976401206882589,5719843,False,Argentina
1,todonoticias,ejecucion,2009973838432387223,2026-01-10 13:01:21+00:00,"""Estamos muy seguros de lo que sentimos y por qué nos elegimos""

Ella tiene 25, él 68 y se conocieron en un hotel. Se casaron y construyeron un vínculo que ignora el paso del tiempo y las críticas.

""Es muy lindo vivir sin prejuicios, inténtelo"" https://t.co/IlMmsUuFDs https://t.co/hwQjgu2kPU",todonoticias,TN - Todo Noticias,25992212,251,39,530,36,299733.0,es,https://x.com/todonoticias/status/2009973838432387223,5719843,False,Argentina
1,todonoticias,ejecucion,2009971993664188444,2026-01-10 12:54:01+00:00,Nick Jonas se grabó escuchando el nuevo tema de J Balvin en el que menciona a su esposa y su reacción se hizo viral https://t.co/selMUaFhGt,todonoticias,TN - Todo Noticias,25992212,0,1,1,0,4010.0,es,https://x.com/todonoticias/status/2009971993664188444,5719843,False,Argentina
1,todonoticias,ejecucion,2009971081235280367,2026-01-10 12:50:23+00:00,Aseguran que Morena Rial pidió que le hagan un amarre a su exnovio: el escandaloso chat con la tarotista https://t.co/DVnw6SzHpo,todonoticias,TN - Todo Noticias,25992212,2,2,4,1,7371.0,es,https://x.com/todonoticias/status/2009971081235280367,5719843,False,Argentina
1,todonoticias,ejecucion,2009968261006291119,2026-01-10 12:39:11+00:00,"Convertirán la casa de la infancia de David Bowie en un museo: ""Acá inició una carrera extraordinaria"" https://t.co/VeduNpHBy1",todonoticias,TN - Todo Noticias,25992212,0,3,10,0,3796.0,es,https://x.com/todonoticias/status/2009968261006291119,5719843,False,Argentina
1,todonoticias,ejecucion,2009965410855076291,2026-01-10 12:27:51+00:00,Fue bicampeón con la Selección argentina juvenil y ahora será compañero de Messi en Inter Miami https://t.co/LknRobTWri,todonoticias,TN - Todo Noticias,25992212,1,1,6,0,4150.0,es,https://x.com/todonoticias/status/2009965410855076291,5719843,False,Argentina
1,todonoticias,ejecucion,2009963987698418167,2026-01-10 12:22:12+00:00,"Carlos Alcaraz venció a Jannik Sinner en una exhibición de tenis en Corea del Sur, previa al Abierto de Australia https://t.co/tYF56MZOHK",todonoticias,TN - Todo Noticias,25992212,0,1,4,0,4429.0,es,https://x.com/todonoticias/status/2009963987698418167,5719843,False,Argentina
1,todonoticias,ejecucion,2009960137142776047,2026-01-10 12:06:54+00:00,Minimalismo japonés: cuáles son los beneficios de dormir en una cama cerca del piso https://t.co/t5ip2Mi30B,todonoticias,TN - Todo Noticias,25992212,2,1,3,0,4303.0,es,https://x.com/todonoticias/status/2009960137142776047,5719843,False,Argentina
1,todonoticias,ejecucion,2009958188163150331,2026-01-10 11:59:09+00:00,OPINIÓN | Por qué la conferencia de prensa de Trump terminó arruinando la hazaña de la captura de Nicolás Maduro https://t.co/zA1ewhaxYd,todonoticias,TN - Todo Noticias,25992212,2,3,8,3,4144.0,es,https://x.com/todonoticias/status/2009958188163150331,5719843,False,Argentina
1,todonoticias,ejecucion,2009956794773221651,2026-01-10 11:53:37+00:00,Horror en La Matanza: detuvieron a un hombre acusado de matar a su pareja y a su bebé de 11 meses https://t.co/JPia61IHj7,todonoticias,TN - Todo Noticias,25992212,2,3,11,0,4203.0,es,https://x.com/todonoticias/status/2009956794773221651,5719843,False,Argentina
1,todonoticias,ejecucion,2009954812377362715,2026-01-10 11:45:45+00:00,Arrestaron a un reconocido actor de High School Musical por un escandaloso motivo https://t.co/PX9KHexiFf,todonoticias,TN - Todo Noticias,25992212,0,1,5,0,3695.0,es,https://x.com/todonoticias/status/2009954812377362715,5719843,False,Argentina
1,todonoticias,ejecucion,2009953146945368143,2026-01-10 11:39:08+00:00,Horror en La Matanza: detuvieron a un hombre acusado de matar a su pareja y a su bebé de 11 meses https://t.co/qZYNvD4wnK,todonoticias,TN - Todo Noticias,25992212,1,6,14,0,4868.0,es,https://x.com/todonoticias/status/2009953146945368143,5719843,False,Argentina
1,todonoticias,ejecucion,2009952894489870662,2026-01-10 11:38:07+00:00,El rapero Fetty Wap fue liberado de prisión antes de que finalice su condena: “Estoy comprometido a retribuir” https://t.co/J77IWqS9yD,todonoticias,TN - Todo Noticias,25992212,1,1,3,0,3936.0,es,https://x.com/todonoticias/status/2009952894489870662,5719843,False,Argentina
1,todonoticias,ejecucion,2009949568943739206,2026-01-10 11:24:54+00:00,"River, a un paso de cerrar a Maher Carrizo: el acuerdo con Vélez y la definición que espera Marcelo Gallardo https://t.co/zHuEmGg20q",todonoticias,TN - Todo Noticias,25992212,0,1,4,0,4000.0,es,https://x.com/todonoticias/status/2009949568943739206,5719843,False,Argentina
1,todonoticias,ejecucion,2009946225953419425,2026-01-10 11:11:37+00:00,"Independiente vs. Alianza Lima, por la Serie Río de La Plata: hora y dónde ver en vivo https://t.co/kptANntFhS",todonoticias,TN - Todo Noticias,25992212,0,0,4,0,3987.0,es,https://x.com/todonoticias/status/2009946225953419425,5719843,False,Argentina
1,todonoticias,ejecucion,2009932680222138724,2026-01-10 10:17:48+00:00,Por qué se suspendió abruptamente la obra de Nicolás Cabré en Villa Carlos Paz https://t.co/HPP4Zun108,todonoticias,TN - Todo Noticias,25992212,7,5,29,0,22350.0,es,https://x.com/todonoticias/status/2009932680222138724,5719843,False,Argentina
1,todonoticias,ejecucion,2009930522487824456,2026-01-10 10:09:13+00:00,Los estremecedores detalles de la autopsia a la joven que encontraron muerta en un basural en Tucumán https://t.co/99FSjL6ISg,todonoticias,TN - Todo Noticias,25992212,0,2,25,0,9875.0,es,https://x.com/todonoticias/status/2009930522487824456,5719843,False,Argentina
1,todonoticias,ejecucion,2009930236490592522,2026-01-10 10:08:05+00:00,Argentina gana terreno en la exportación de caballos de alto valor y amplía su mapa internacional https://t.co/4suYxYstEd,todonoticias,TN - Todo Noticias,25992212,2,2,4,0,3191.0,es,https://x.com/todonoticias/status/2009930236490592522,5719843,False,Argentina
1,todonoticias,ejecucion,2009926385607770324,2026-01-10 09:52:47+00:00,"Alan Peiró, adiestrador canino: “Si solo usas comida para educar a tu perro, estás entrenándolo a medias” https://t.co/ZVf5K3FSm0",todonoticias,TN - Todo Noticias,25992212,1,2,4,0,3248.0,es,https://x.com/todonoticias/status/2009926385607770324,5719843,False,Argentina
1,todonoticias,ejecucion,2009923557669675491,2026-01-10 09:41:33+00:00,"Estela López, interiorista, sobre las tendencias en 2026: “Las duchas ganan protagonismo” https://t.co/dJvEU26XZL",todonoticias,TN - Todo Noticias,25992212,1,2,2,1,3180.0,es,https://x.com/todonoticias/status/2009923557669675491,5719843,False,Argentina
1,todonoticias,ejecucion,2009920179409506357,2026-01-10 09:28:07+00:00,"Qué fue la Masacre de la calle Corro, el operativo que llega a juicio tras 50 años de espera https://t.co/NsJpz9fLiR",todonoticias,TN - Todo Noticias,25992212,1,3,4,2,4747.0,es,https://x.com/todonoticias/status/2009920179409506357,5719843,False,Argentina
1,todonoticias,ejecucion,2009913696206893335,2026-01-10 09:02:22+00:00,"La Masacre de la calle Corro, el operativo militar que terminó con la muerte de Victoria Walsh, llega a juicio https://t.co/tXa9ZmStb5",todonoticias,TN - Todo Noticias,25992212,2,1,9,2,3960.0,es,https://x.com/todonoticias/status/2009913696206893335,5719843,False,Argentina
1,todonoticias,ejecucion,2009911396822343908,2026-01-10 08:53:14+00:00,"La tiraron del tren con su bebé en brazos, los dos murieron y 25 años después no hay culpables https://t.co/9Iq58opwBE",todonoticias,TN - Todo Noticias,25992212,5,11,63,0,6061.0,es,https://x.com/todonoticias/status/2009911396822343908,5719843,False,Argentina
1,todonoticias,ejecucion,2009902361440072153,2026-01-10 08:17:19+00:00,"La próxima jugada del Gobierno contra Tapia, la resistencia de la AFA y el silencioso respaldo de Kicillof https://t.co/CvDiT20xFU",todonoticias,TN - Todo Noticias,25992212,1,3,15,0,3891.0,es,https://x.com/todonoticias/status/2009902361440072153,5719843,False,Argentina
1,todonoticias,ejecucion,2009834336636264877,2026-01-10 03:47:01+00:00,Ricardo Darín reveló que podría mudarse a Uruguay: qué dijo https://t.co/u32JJbfQes,todonoticias,TN - Todo Noticias,25992212,25,2,16,1,8968.0,es,https://x.com/todonoticias/status/2009834336636264877,5719843,False,Argentina
1,todonoticias,ejecucion,2009831588968779988,2026-01-10 03:36:06+00:00,"Después de 22 meses, un padre logró que sus hijos volvieran al país: la madre se los había llevado a Brasil https://t.co/h24Z535nJx",todonoticias,TN - Todo Noticias,25992212,7,42,360,0,16176.0,es,https://x.com/todonoticias/status/2009831588968779988,5719843,False,Argentina
1,todonoticias,ejecucion,2009830669132710005,2026-01-10 03:32:27+00:00,Gimena Accardi contó si alguna vez sufrió una infidelidad y opinó sobre la polémica de Luciano Castro https://t.co/kl3M14MGhM,todonoticias,TN - Todo Noticias,25992212,3,2,8,0,10789.0,es,https://x.com/todonoticias/status/2009830669132710005,5719843,False,Argentina
1,todonoticias,ejecucion,2009828304744824898,2026-01-10 03:23:03+00:00,Aseguran que vieron al nuevo novio de Zaira Nara con otra mujer en un hotel de lujo de Italia https://t.co/Wjol1YqAdf,todonoticias,TN - Todo Noticias,25992212,37,9,105,8,58241.0,es,https://x.com/todonoticias/status/2009828304744824898,5719843,False,Argentina
1,todonoticias,ejecucion,2009808424947831233,2026-01-10 02:04:03+00:00,https://t.co/x4vxK4prR4,todonoticias,TN - Todo Noticias,25992212,0,1,5,0,5971.0,zxx,https://x.com/todonoticias/status/2009808424947831233,5719814,False,Argentina
1,todonoticias,ejecucion,2009808302977552401,2026-01-10 02:03:34+00:00,"En diálogo con TN, la diva habló de la nueva temporada de su ciclo y destacó el amor que tiene por la ciudad balnearia. https://t.co/0meqbf4Elz",todonoticias,TN - Todo Noticias,25992212,8,8,78,0,13317.0,es,https://x.com/todonoticias/status/2009808302977552401,5719814,False,Argentina
1,todonoticias,ejecucion,2009796479574319262,2026-01-10 01:16:35+00:00,Asesinaron a machetazos a un hombre de 75 años en Misiones: el principal acusado está prófugo https://t.co/hPSbZXthGy,todonoticias,TN - Todo Noticias,25992212,0,1,9,0,5283.0,es,https://x.com/todonoticias/status/2009796479574319262,5719814,False,Argentina
1,todonoticias,ejecucion,2009778538334097790,2026-01-10 00:05:18+00:00,Encontraron el cuerpo de una joven de 25 años que estaba desaparecida desde hace dos días en Tucumán https://t.co/vhhO4qfK5d,todonoticias,TN - Todo Noticias,25992212,0,2,6,0,4962.0,es,https://x.com/todonoticias/status/2009778538334097790,5719814,False,Argentina
1,todonoticias,ejecucion,2009767488104349904,2026-01-09 23:21:23+00:00,Sofía “Jujuy” Jiménez se sinceró sobre su nuevo trabajo en una serie web: “Es todo sobreactuado” https://t.co/2VK3iOebCf,todonoticias,TN - Todo Noticias,25992212,1,2,5,0,8358.0,es,https://x.com/todonoticias/status/2009767488104349904,5719814,False,Argentina
1,todonoticias,ejecucion,2009765925692600520,2026-01-09 23:15:10+00:00,Pedro Troglio denunció que sufrió una estafa inmobiliaria y perdió una fortuna: “Es tristísimo” https://t.co/XW23JzX7L7,todonoticias,TN - Todo Noticias,25992212,1,3,4,1,5498.0,es,https://x.com/todonoticias/status/2009765925692600520,5719814,False,Argentina
1,todonoticias,ejecucion,2009761261467082958,2026-01-09 22:56:38+00:00,"⚽PEDRO TROGLIO DECIDIÓ INVERTIR SUS AHORROS EN UN PROYECTO INMOBILIARIO Y LO ESTAFARON DE LA PEOR MANERA

▪️ Pedro Troglio, DT de Banfield, puso dinero en efectivo en una empresa que prometía departamentos ""en pozo"" en La Plata. Cobraba una renta mensual hasta que todo se frenó en seco.

▪️ El responsable del proyecto se llama Diego Lacki. Según contó Troglio, era simpático, carismático, de esos que inspiraban confianza en un asado. Lo conoció así, con amigos. Hizo entrar a su familia también.

▪️ Hasta que Lacki dejó de responder llamados. Las obras se paralizaron. Los cuatro edificios quedaron a medio construir. Y la plata en efectivo que habían entregado 160 personas, desapareció.

▪️ ""Es tristísimo ver la situación de cada uno. Hay gente que llevó sus únicos ahorros. Yo puedo seguir viviendo, pero ellos están esperando desde la desesperación"", dijo el entrenador, que ya inició acciones legales.

▪️ La empresa ahora ofrece devolver solo el 20% de lo invertido. Si pusiste diez, te dan dos. Lacki sigue en La Plata, pero sin dar soluciones. Y la pregunta que nadie puede responder es una sola: ¿dónde está ese dinero?

Más información en la web de TN https://t.co/q6lpql6zE4",todonoticias,TN - Todo Noticias,25992212,7,10,118,2,50220.0,es,https://x.com/todonoticias/status/2009761261467082958,5719814,False,Argentina
1,todonoticias,ejecucion,2009759133617270925,2026-01-09 22:48:11+00:00,Diputados y senadores dieron sus primeras señales de respaldo al acuerdo entre la Unión Europea y el Mercosur https://t.co/uDdMommnw8,todonoticias,TN - Todo Noticias,25992212,1,3,10,3,4968.0,es,https://x.com/todonoticias/status/2009759133617270925,5719814,False,Argentina
1,todonoticias,ejecucion,2009755833119195323,2026-01-09 22:35:04+00:00,Qué dijo el Teto Medina tras ser operado de cáncer de colon https://t.co/fzSZnz4wSs,todonoticias,TN - Todo Noticias,25992212,1,2,5,1,4986.0,es,https://x.com/todonoticias/status/2009755833119195323,5719814,False,Argentina
1,todonoticias,ejecucion,2009753738446045604,2026-01-09 22:26:45+00:00,"Después de la polémica por los deepfakes de mujeres desnudas en X, Grok limitó la manipulación de imágenes con IA https://t.co/KaqwRwXfXu",todonoticias,TN - Todo Noticias,25992212,0,3,4,1,5144.0,es,https://x.com/todonoticias/status/2009753738446045604,5719814,False,Argentina
1,todonoticias,ejecucion,2009750317869453692,2026-01-09 22:13:09+00:00,La emoción de Noel Schajris por unirse a Latin Grammy en un proyecto soñado: “Es una enorme bendición” https://t.co/uWB40LlbJX,todonoticias,TN - Todo Noticias,25992212,0,0,2,0,5002.0,es,https://x.com/todonoticias/status/2009750317869453692,5719814,False,Argentina
1,todonoticias,ejecucion,2009747204412424559,2026-01-09 22:00:47+00:00,"Jugó en River, generó polémica con Marcelo Gallardo y ahora decidió aclararla: ""Fue de mal gusto"" https://t.co/FdmTLO0LhJ",todonoticias,TN - Todo Noticias,25992212,1,1,2,0,4625.0,es,https://x.com/todonoticias/status/2009747204412424559,5719814,False,Argentina
1,todonoticias,ejecucion,2009745531782971737,2026-01-09 21:54:08+00:00,La novia del militante libertario que chocó alcoholizada fue inhabilitada para sacar su registro hasta 2099 https://t.co/KhID8s9gTh,todonoticias,TN - Todo Noticias,25992212,474,348,8560,203,1160409.0,es,https://x.com/todonoticias/status/2009745531782971737,5719814,False,Argentina
1,todonoticias,ejecucion,2009742443889999957,2026-01-09 21:41:52+00:00,Eugenia Tobal contó la verdad de la crítica de Germán Martitegui al plato dedicado a su mamá en MasterChef Celebrity https://t.co/qc7Fvrtp5e,todonoticias,TN - Todo Noticias,25992212,0,1,5,0,6444.0,es,https://x.com/todonoticias/status/2009742443889999957,5719814,False,Argentina
1,todonoticias,ejecucion,2009739580581228630,2026-01-09 21:30:29+00:00,Dólar: este fue el resultado de la intervención del Banco Central en el mercado cambiario esta semana https://t.co/l706WAtBia,todonoticias,TN - Todo Noticias,25992212,1,1,3,0,4416.0,es,https://x.com/todonoticias/status/2009739580581228630,5719814,False,Argentina
1,todonoticias,ejecucion,2009731801023996143,2026-01-09 20:59:35+00:00,Christian Petersen volvió a cocinar tras recibir el alta médica y compartió la receta que hizo https://t.co/gJM7x6fYlN,todonoticias,TN - Todo Noticias,25992212,7,1,8,0,4291.0,es,https://x.com/todonoticias/status/2009731801023996143,5719814,False,Argentina
1,todonoticias,ejecucion,2009728890940395887,2026-01-09 20:48:01+00:00,Lionel Scaloni reveló detalles de su encuentro secreto con Lionel Messi durante sus vacaciones en la Argentina https://t.co/8RNsdRuzPy,todonoticias,TN - Todo Noticias,25992212,0,1,7,0,4636.0,es,https://x.com/todonoticias/status/2009728890940395887,5719814,False,Argentina
1,todonoticias,ejecucion,2009724983891685418,2026-01-09 20:32:29+00:00,¿El audio con acento español o la foto íntima? Luciano Castro reveló qué le dio más vergüenza https://t.co/OgllfSmgs5,todonoticias,TN - Todo Noticias,25992212,3,1,6,2,18414.0,es,https://x.com/todonoticias/status/2009724983891685418,5719814,False,Argentina
1,todonoticias,ejecucion,2009720908546560212,2026-01-09 20:16:18+00:00,"Habló el médico que socorrió al jugador que sufrió un paro cardíaco en un entrenamiento: ""Está fuera de peligro"" https://t.co/f11EtvUDA8",todonoticias,TN - Todo Noticias,25992212,0,1,7,0,4891.0,es,https://x.com/todonoticias/status/2009720908546560212,5719814,False,Argentina
1,todonoticias,ejecucion,2009720635459821937,2026-01-09 20:15:12+00:00,Las temibles predicciones de Baba Vanga para 2026 https://t.co/IJsJbA8xaX,todonoticias,TN - Todo Noticias,25992212,12,2,16,1,19919.0,es,https://x.com/todonoticias/status/2009720635459821937,5719814,False,Argentina
1,todonoticias,ejecucion,2009718727185416504,2026-01-09 20:07:37+00:00,Se conoció el video que grabó el oficial de migraciones cuando mató a una mujer en Minnesota https://t.co/OweNZI4u2c,todonoticias,TN - Todo Noticias,25992212,3,2,19,1,6936.0,es,https://x.com/todonoticias/status/2009718727185416504,5719843,False,Argentina
1,todonoticias,ejecucion,2009716109000552955,2026-01-09 19:57:13+00:00,Le dieron el alta a la nena que fue herida en la cabeza por una bala perdida en Morón https://t.co/WfyX3daBbK,todonoticias,TN - Todo Noticias,25992212,108,203,3950,32,103011.0,es,https://x.com/todonoticias/status/2009716109000552955,5719843,False,Argentina
1,todonoticias,ejecucion,2009715807387779291,2026-01-09 19:56:01+00:00,"La Liga Profesional presentó un nuevo logo en homenaje al hincha argentino, pero las redes se llenaron de críticas a Tapia https://t.co/wZ5mDMou7I",todonoticias,TN - Todo Noticias,25992212,2,2,8,0,4041.0,es,https://x.com/todonoticias/status/2009715807387779291,5719843,False,Argentina
1,todonoticias,ejecucion,2009713508162674759,2026-01-09 19:46:53+00:00,Cuáles son las 200 avenidas y calles de CABA que estarán cortadas entre enero y marzo 2026 https://t.co/MJQkJITWMj,todonoticias,TN - Todo Noticias,25992212,0,2,3,0,3897.0,es,https://x.com/todonoticias/status/2009713508162674759,5719843,False,Argentina
1,todonoticias,ejecucion,2009711906609606705,2026-01-09 19:40:31+00:00,Narda Lepes se quejó de la gente que guarda ollas en el horno y en las redes la fulminaron https://t.co/nutkTDYThf,todonoticias,TN - Todo Noticias,25992212,7,2,9,1,5711.0,es,https://x.com/todonoticias/status/2009711906609606705,5719843,False,Argentina
1,todonoticias,ejecucion,2009709393567199712,2026-01-09 19:30:32+00:00,Luciano Castro rompió el silencio tras la viralización de sus audios íntimos: “Me siento patético” https://t.co/59whbERMpg,todonoticias,TN - Todo Noticias,25992212,4,2,5,0,4919.0,es,https://x.com/todonoticias/status/2009709393567199712,5719843,False,Argentina
1,todonoticias,ejecucion,2009706409080832059,2026-01-09 19:18:41+00:00,Mauro Icardi festejó el primer año junto a la China Suárez y en las redes lo destrozaron https://t.co/DoWDNdtHNf,todonoticias,TN - Todo Noticias,25992212,4,2,16,0,5595.0,es,https://x.com/todonoticias/status/2009706409080832059,5719843,False,Argentina
1,todonoticias,ejecucion,2009703218587091309,2026-01-09 19:06:00+00:00,"El calvario de una nena de 4 años: se hizo pis, su padre la golpeó con cucharas y la obligó a quedarse en ropa interior https://t.co/pBbgA12yKO",todonoticias,TN - Todo Noticias,25992212,1,8,14,0,6419.0,es,https://x.com/todonoticias/status/2009703218587091309,5719843,False,Argentina
1,todonoticias,ejecucion,2009701985214255461,2026-01-09 19:01:06+00:00,"Una joven reveló el insólito motivo por el que dejó a su novio: ""Era una patada en el estómago"" https://t.co/WiQQvpIOIw",todonoticias,TN - Todo Noticias,25992212,3,2,9,1,7368.0,es,https://x.com/todonoticias/status/2009701985214255461,5719843,False,Argentina
1,todonoticias,ejecucion,2009700672648700076,2026-01-09 18:55:53+00:00,"Quién era Agustina Pagliero, la joven de 27 años que murió arrollada por un colectivo en el centro de Córdoba https://t.co/QXXarrBwt1",todonoticias,TN - Todo Noticias,25992212,2,3,22,0,7367.0,es,https://x.com/todonoticias/status/2009700672648700076,5719843,False,Argentina
1,todonoticias,ejecucion,2009700260315349448,2026-01-09 18:54:15+00:00,Luis Caputo tras el acuerdo entre el Mercosur y la UE: “Le permitirá al país aumentar sus exportaciones” https://t.co/445rvoX7zE,todonoticias,TN - Todo Noticias,25992212,2,5,8,1,4013.0,es,https://x.com/todonoticias/status/2009700260315349448,5719843,False,Argentina
1,todonoticias,ejecucion,2009698357715890491,2026-01-09 18:46:41+00:00,Wanda Nara mostró su exclusiva cartera de cocodrilo fucsia: cuesta 60 mil dólares https://t.co/1x3YUb6eMQ,todonoticias,TN - Todo Noticias,25992212,31,2,19,0,11047.0,es,https://x.com/todonoticias/status/2009698357715890491,5719843,False,Argentina
1,todonoticias,ejecucion,2009695883353334245,2026-01-09 18:36:51+00:00,"El Atlético de Madrid defendió al ""Cholo"" Simeone tras su cruce con Vinicius: ""Curioso el tiempo que dedican"" https://t.co/S7wyGQxSxq",todonoticias,TN - Todo Noticias,25992212,1,2,5,0,4154.0,es,https://x.com/todonoticias/status/2009695883353334245,5719843,False,Argentina
1,todonoticias,ejecucion,2009693940836937890,2026-01-09 18:29:08+00:00,Ni lengua de suegra ni potus: las 5 plantas que generan el efecto ventilador y refrescan la casa en verano https://t.co/zRjG4sOWz2,todonoticias,TN - Todo Noticias,25992212,0,2,3,0,4020.0,es,https://x.com/todonoticias/status/2009693940836937890,5719843,False,Argentina
1,todonoticias,ejecucion,2009691290183565640,2026-01-09 18:18:36+00:00,La respuesta de Spotify a Café Tacvba luego de que su cantante pidiera que retiren su música de la plataforma https://t.co/ZlQTWcz57m,todonoticias,TN - Todo Noticias,25992212,3,2,2,0,4466.0,es,https://x.com/todonoticias/status/2009691290183565640,5719843,False,Argentina
1,todonoticias,ejecucion,2009688915100479886,2026-01-09 18:09:10+00:00,"“La peor mujer del mundo”: la historia de Lizzie Halliday, la primera asesina serial de New York https://t.co/Gz65ZVIHQE",todonoticias,TN - Todo Noticias,25992212,0,2,4,1,4314.0,es,https://x.com/todonoticias/status/2009688915100479886,5719843,False,Argentina
1,todonoticias,ejecucion,2009688869428425098,2026-01-09 18:08:59+00:00,La cifra que necesitó ganar una familia porteña para ser de clase media en CABA durante diciembre 2025 https://t.co/wkIyEEWpWB,todonoticias,TN - Todo Noticias,25992212,0,0,2,0,3687.0,es,https://x.com/todonoticias/status/2009688869428425098,5719843,False,Argentina
1,todonoticias,ejecucion,2009684760021352534,2026-01-09 17:52:39+00:00,"A los 39 años se separó, comenzó una vida como acompañante y llegó a ganar más de 6.700 dólares en una noche https://t.co/Xhxb5cHfOb",todonoticias,TN - Todo Noticias,25992212,17,2,29,2,19547.0,es,https://x.com/todonoticias/status/2009684760021352534,5719843,False,Argentina
1,todonoticias,ejecucion,2009682945422835994,2026-01-09 17:45:26+00:00,"“Por favor, consiga rápido una familia”: el pedido de dos hermanas que quieren ser adoptadas juntas a un juez https://t.co/PlvVXdIG7K",todonoticias,TN - Todo Noticias,25992212,0,3,5,0,4161.0,es,https://x.com/todonoticias/status/2009682945422835994,5719843,False,Argentina
1,todonoticias,ejecucion,2009679631536783656,2026-01-09 17:32:16+00:00,Ni sastre ni máquina de coser: el truco para arreglar un pantalón en nivel experto https://t.co/J097Bz3mQa,todonoticias,TN - Todo Noticias,25992212,0,1,3,0,3925.0,es,https://x.com/todonoticias/status/2009679631536783656,5719843,False,Argentina
1,todonoticias,ejecucion,2009675324158513201,2026-01-09 17:15:09+00:00,"Valeria Mazza, invitada de lujo en el desfile de Atelier Pucheta Paz en las Torres Trump de Punta del Este https://t.co/Fva2YxdgFH",todonoticias,TN - Todo Noticias,25992212,0,1,7,0,4716.0,es,https://x.com/todonoticias/status/2009675324158513201,5719843,False,Argentina
1,todonoticias,ejecucion,2009673665756180545,2026-01-09 17:08:34+00:00,El Gobierno celebró el acuerdo UE-Mercosur y adelantó que se firmará el 17 de enero en Paraguay https://t.co/KNwOigUOlS,todonoticias,TN - Todo Noticias,25992212,2,5,11,0,4050.0,es,https://x.com/todonoticias/status/2009673665756180545,5719843,False,Argentina
1,todonoticias,ejecucion,2009673089324593641,2026-01-09 17:06:17+00:00,Video: un ladrón se metió en una casa con la tobillera electrónica puesta y se robó dos pares de zapatillas https://t.co/8YB8xlDicv,todonoticias,TN - Todo Noticias,25992212,6,24,60,1,6165.0,es,https://x.com/todonoticias/status/2009673089324593641,5719843,False,Argentina
1,todonoticias,ejecucion,2009671746576633965,2026-01-09 17:00:56+00:00,"Morena Echarri, la hija de Nancy Dupláa y Pablo Echarri, posó en microbikini negra: “Costa argentina, te amo” https://t.co/APqp3Yqk20",todonoticias,TN - Todo Noticias,25992212,20,1,16,1,17840.0,es,https://x.com/todonoticias/status/2009671746576633965,5719843,False,Argentina
1,todonoticias,ejecucion,2009670279149088790,2026-01-09 16:55:07+00:00,"Mito o realidad: el sexo, ¿afecta al rendimiento físico? https://t.co/L3H5GF0rFo",todonoticias,TN - Todo Noticias,25992212,1,2,6,1,18954.0,es,https://x.com/todonoticias/status/2009670279149088790,5719843,False,Argentina
1,todonoticias,ejecucion,2009667746439610624,2026-01-09 16:45:03+00:00,La amante descubrió la infidelidad por Facebook y él intentó ahogar a su novia embarazada: “Estoy harto” https://t.co/ul9yQuFYmo,todonoticias,TN - Todo Noticias,25992212,3,2,3,0,4100.0,es,https://x.com/todonoticias/status/2009667746439610624,5719843,False,Argentina
1,todonoticias,ejecucion,2009664028097020001,2026-01-09 16:30:16+00:00,Una nena de 8 años recibió una bicicleta como regalo de los Reyes Magos y se la robaron el mismo día https://t.co/iP2bYWDqbB,todonoticias,TN - Todo Noticias,25992212,4,4,15,0,5031.0,es,https://x.com/todonoticias/status/2009664028097020001,5719843,False,Argentina
1,todonoticias,ejecucion,2009662402346762425,2026-01-09 16:23:49+00:00,"🚨 ""PODÍA HABER PERDIDO EL BRAZO. O LA MUERTE DIRECTAMENTE"": HABLÓ EL HOMBRE DEL MILAGRO EN PALERMO

▪️ Pablo no sintió nada antes del impacto. Un blindex de un balcón se soltó sin aviso y cayó directamente sobre él.

▪️ El traumatismo le abrió la cabeza y le destrozó el antebrazo izquierdo. Necesitó 30 puntos en el cráneo y una cirugía de urgencia por la rotura de un tendón. ""Ahora estoy vivo para contarlo"", dijo.

▪️ Pablo cree que sobrevivió por algo más que suerte. ""Otros no lo resisten. Mi cabeza es muy dura"", aseguró.

Más información en la web de TN 👇

https://t.co/5T3myE4kpU",todonoticias,TN - Todo Noticias,25992212,3,7,53,0,21437.0,es,https://x.com/todonoticias/status/2009662402346762425,5719843,False,Argentina
1,todonoticias,ejecucion,2009662327251943801,2026-01-09 16:23:31+00:00,Buenas noticias para Boca: quedó a un paso de concretar su primer refuerzo para la temporada 2026 https://t.co/27z50CWbmY,todonoticias,TN - Todo Noticias,25992212,0,1,5,0,3431.0,es,https://x.com/todonoticias/status/2009662327251943801,5719843,False,Argentina
1,todonoticias,ejecucion,2009661129320972630,2026-01-09 16:18:45+00:00,El sorpresivo anuncio que hizo Christian Petersen a días de haber recibido el alta médica https://t.co/KjdJUfyXTY,todonoticias,TN - Todo Noticias,25992212,17,5,13,0,32527.0,es,https://x.com/todonoticias/status/2009661129320972630,5719843,False,Argentina
1,todonoticias,ejecucion,2009659216647045415,2026-01-09 16:11:09+00:00,Pampita confirmó la vigencia del look tanga a la vista desde Punta del Este https://t.co/e8PmMCHX9K,todonoticias,TN - Todo Noticias,25992212,5,1,8,1,9323.0,es,https://x.com/todonoticias/status/2009659216647045415,5719843,False,Argentina
1,todonoticias,ejecucion,2009654961580417149,2026-01-09 15:54:15+00:00,Ordenan dar de baja la tarjeta de la AFA que usaba el supuesto testaferro de Pablo Toviggino https://t.co/pgnSX5mu4w,todonoticias,TN - Todo Noticias,25992212,2,2,6,0,4096.0,es,https://x.com/todonoticias/status/2009654961580417149,5719843,False,Argentina
1,todonoticias,ejecucion,2009653544152924295,2026-01-09 15:48:37+00:00,Fuerzas de EE.UU. interceptaron otro petrolero y ya son cinco los buques incautados desde inicio del bloqueo a Venezuela https://t.co/Tjp2c0x6gK,todonoticias,TN - Todo Noticias,25992212,3,3,10,1,3798.0,es,https://x.com/todonoticias/status/2009653544152924295,5719843,False,Argentina
1,todonoticias,ejecucion,2009652207935684825,2026-01-09 15:43:18+00:00,La contundente afirmación de Checo Pérez sobre su experiencia con Verstappen en Red Bull: “Un verdadero infierno” https://t.co/TVnpWiLWgV,todonoticias,TN - Todo Noticias,25992212,0,3,3,0,3738.0,es,https://x.com/todonoticias/status/2009652207935684825,5719843,False,Argentina
1,todonoticias,ejecucion,2009652106941075506,2026-01-09 15:42:54+00:00,"👭 ""POR FAVOR, CONSIGA RÁPIDO UNA FAMILIA"": TIENEN 10 Y 12 AÑOS, SON HERMANAS Y NO QUIEREN SEPARARSE. 
HACE MESES QUE ESPERAN SER ADOPTADAS JUNTAS Y LE ESCRIBIERON UNA CARTA CONMOVEDORA AL JUEZ QUE DEBE RESOLVER SU CASO. 

▪️ El pedido se sumó al expediente judicial de adopción. No fue un informe oficial, ni un trámite formal. Fue un mensaje escrito a mano por ellas mismas.

▪️ Las nenas viven en un hogar de Salta bajo la protección del Estado y están en convocatoria pública desde junio del año pasado, pero nadie empezó el proceso de adopción todavía. 

▪️ Macarena Zaravia Zenteno, la tutora pública, explicó que la idea fue de las nenas: ""Les propusimos visibilizar su historia y ellas decidieron agregar este recurso tan genuino"".

▪️ La mayoría de las personas se anota en el registro para adoptar bebés. Pero ellas ya no lo son. Y no quieren separarse.

Conocé más sobre su historia en la web de TN 👇
https://t.co/TB9RXMPq11",todonoticias,TN - Todo Noticias,25992212,10,562,863,6,47723.0,es,https://x.com/todonoticias/status/2009652106941075506,5719843,False,Argentina
1,todonoticias,ejecucion,2009650451130818958,2026-01-09 15:36:19+00:00,Los brutales antecedentes del hermano del hombre acusado de matar a su padre y convivir 30 horas con el cuerpo https://t.co/hTRUXHfm8T,todonoticias,TN - Todo Noticias,25992212,0,1,5,0,4456.0,es,https://x.com/todonoticias/status/2009650451130818958,5719843,False,Argentina
1,todonoticias,ejecucion,2009649665663189462,2026-01-09 15:33:12+00:00,Cuáles son los nuevos cambios que se vienen en YouTube https://t.co/yyAXmstCmH,todonoticias,TN - Todo Noticias,25992212,0,1,2,0,3831.0,es,https://x.com/todonoticias/status/2009649665663189462,5719843,False,Argentina
1,todonoticias,ejecucion,2009648182805082202,2026-01-09 15:27:18+00:00,Rechazaron el pedido de los presuntos testaferros de Toviggino para postergar la causa de la mansión en Pilar https://t.co/fyMlSozxt2,todonoticias,TN - Todo Noticias,25992212,1,3,11,0,4004.0,es,https://x.com/todonoticias/status/2009648182805082202,5719843,False,Argentina
1,todonoticias,ejecucion,2009647111013302353,2026-01-09 15:23:03+00:00,"De Pancho Dotto a Angie Landaburu, los looks de moda en un sunset esteño gourmet https://t.co/HY9r57S2kK",todonoticias,TN - Todo Noticias,25992212,0,1,5,0,3894.0,es,https://x.com/todonoticias/status/2009647111013302353,5719843,False,Argentina
1,todonoticias,ejecucion,2009644725326766229,2026-01-09 15:13:34+00:00,Marcha atrás de Samsung: revelaron que su robot esférico no llegará al mercado https://t.co/zfj8ys5bew,todonoticias,TN - Todo Noticias,25992212,1,1,2,0,3803.0,es,https://x.com/todonoticias/status/2009644725326766229,5719843,False,Argentina
1,todonoticias,ejecucion,2009641273792045237,2026-01-09 14:59:51+00:00,Un estudio confirmó que la alimentación puede ayudar a retardar el crecimiento del cáncer de próstata https://t.co/4LfTs4xT2f,todonoticias,TN - Todo Noticias,25992212,1,1,3,0,2819.0,es,https://x.com/todonoticias/status/2009641273792045237,5719814,False,Argentina
1,todonoticias,ejecucion,2009639363504697817,2026-01-09 14:52:16+00:00,El Banco Central anunció que le devolvió al Tesoro de EE.UU. los fondos que le había prestado con el swap https://t.co/vopnUfUOOA,todonoticias,TN - Todo Noticias,25992212,2,7,12,1,3380.0,es,https://x.com/todonoticias/status/2009639363504697817,5719814,False,Argentina
1,todonoticias,ejecucion,2009636147345908163,2026-01-09 14:39:29+00:00,"💔 ESTABA EMBARAZADA, SUBIÓ FOTOS DE SU BABY SHOWER A LAS REDES Y SU NOVIO INTENTÓ AHOGARLA EN UNA LAGUNA.

Ella no sabía que él tenía otra mujer. Y que esa mujer vio las fotos en Facebook.

Él llevaba una doble vida. Cuando su amante descubrió que estaba en pareja y esperaba un hijo con otra, él no buscó dar explicaciones. Empezó a mandarle mensajes amenazantes a su novia: ""Estoy harto de vivir sabiendo que estás en mi vida, así que haré algo al respecto"".

Al día siguiente la invitó a caminar por la orilla de una laguna. Después de charlar 20 minutos, le dijo algo perturbador: ""Acabo de comer una pizza entera. Fue mi última comida gratis"". Cuando ella le preguntó por qué, respondió: ""Voy a la cárcel"".

En ese mismo instante la agarró de los pies, la arrastró al agua y le hundió la cabeza. Ella gritó pidiendo ayuda y rogó que parara. Más tarde le contó a la policía que sólo frenó ""cuando empezó a mencionar al bebé"".

Sobre esta historia que terminó en drama hay más información en la web de TN 👇
https://t.co/FskeqFsIgk",todonoticias,TN - Todo Noticias,25992212,151,161,3072,61,494483.0,es,https://x.com/todonoticias/status/2009636147345908163,5719814,False,Argentina
1,todonoticias,ejecucion,2009636000557867233,2026-01-09 14:38:54+00:00,"“Tuve suerte, mi cabeza es muy dura”: habló el hombre al que le cayó un vidrio que se desprendió de un cuarto piso https://t.co/fv9RDZxj4T",todonoticias,TN - Todo Noticias,25992212,0,3,6,0,3050.0,es,https://x.com/todonoticias/status/2009636000557867233,5719814,False,Argentina
1,todonoticias,ejecucion,2009633973115232689,2026-01-09 14:30:51+00:00,Se conoció la primera sanción que un piloto de la Fórmula 1 deberá cumplir en la temporada 2026 https://t.co/RwkbyCTjsn,todonoticias,TN - Todo Noticias,25992212,0,1,1,0,3066.0,es,https://x.com/todonoticias/status/2009633973115232689,5719814,False,Argentina
1,todonoticias,ejecucion,2009632084252303819,2026-01-09 14:23:20+00:00,"EE.UU. insiste en su estrategia para bloquear la ""flota fantasma"" que transporta patróleo venezolano: las claves detrás de la incautación de otro buque en el Mar Caribe https://t.co/oLDxSI5fPB",todonoticias,TN - Todo Noticias,25992212,4,11,102,0,17099.0,es,https://x.com/todonoticias/status/2009632084252303819,5719814,False,Argentina
1,todonoticias,ejecucion,2009631438614786531,2026-01-09 14:20:46+00:00,EE.UU. confiscó otro buque petrolero en el Caribe https://t.co/hO4CKignJy,todonoticias,TN - Todo Noticias,25992212,12,19,203,3,10274.0,es,https://x.com/todonoticias/status/2009631438614786531,5719814,False,Argentina
1,todonoticias,ejecucion,2009630806046634170,2026-01-09 14:18:15+00:00,"Quién es Eugenia Rolón, la novia de un militante libertario que manejaba alcoholizada y chocó en Mar de Ajó https://t.co/9gCFBbZ31c",todonoticias,TN - Todo Noticias,25992212,83,25,83,3,11227.0,es,https://x.com/todonoticias/status/2009630806046634170,5719814,False,Argentina
1,todonoticias,ejecucion,2009628214172287376,2026-01-09 14:07:58+00:00,El estremecedor relato del DT de Madryn sobre el paro cardíaco del arquero Nievas en el entrenamiento: “Empezó a tener convulsiones y todos temimos lo peor” https://t.co/uVilSKrM6j,todonoticias,TN - Todo Noticias,25992212,1,2,1,0,3096.0,es,https://x.com/todonoticias/status/2009628214172287376,5719814,False,Argentina
1,todonoticias,ejecucion,2009628034505081096,2026-01-09 14:07:15+00:00,"La inflación de diciembre fue de 2,7% en la Ciudad de Buenos Aires y acumuló 31,8% en todo 2025
https://t.co/WjP0TVemfr https://t.co/tkEETFvQWl",todonoticias,TN - Todo Noticias,25992212,4,4,15,2,4961.0,es,https://x.com/todonoticias/status/2009628034505081096,5719814,False,Argentina
1,todonoticias,ejecucion,2009626151711314158,2026-01-09 13:59:46+00:00,Boda de Taylor Swift y Travis Kelce: lo que sabemos (hasta ahora) https://t.co/6oEyloawiT,todonoticias,TN - Todo Noticias,25992212,1,1,3,0,3212.0,es,https://x.com/todonoticias/status/2009626151711314158,5719814,False,Argentina
1,todonoticias,ejecucion,2009623535300313544,2026-01-09 13:49:22+00:00,"Álvaro Pedrera, experto en plantas: “El tamaño sí importa a la hora de regar” https://t.co/7CftVi6fsv",todonoticias,TN - Todo Noticias,25992212,0,1,2,0,3165.0,es,https://x.com/todonoticias/status/2009623535300313544,5719814,False,Argentina
1,todonoticias,ejecucion,2009621549184131204,2026-01-09 13:41:28+00:00,"Cambios en la moratoria AGIP: las nuevas fechas, los beneficios y las opciones de pago para regularizar deudas de ABL, IIBB y Patentes https://t.co/FeOqAas9oX",todonoticias,TN - Todo Noticias,25992212,1,1,2,0,3415.0,es,https://x.com/todonoticias/status/2009621549184131204,5719814,False,Argentina
1,todonoticias,ejecucion,2009620461773091227,2026-01-09 13:37:09+00:00,"River afronta horas decisivas en el mercado de pases: se esperan definiciones por Carrizo, Romaña y Andino https://t.co/m11dfQxCf8",todonoticias,TN - Todo Noticias,25992212,0,1,1,0,3758.0,es,https://x.com/todonoticias/status/2009620461773091227,5719814,False,Argentina
1,todonoticias,ejecucion,2009618651456967041,2026-01-09 13:29:58+00:00,Video: el dramático rescate de un motociclista que intentó cruzar un río y fue arrastrado por la creciente en Córdoba https://t.co/F3LPwrxUwq,todonoticias,TN - Todo Noticias,25992212,0,2,3,0,4434.0,es,https://x.com/todonoticias/status/2009618651456967041,5719814,False,Argentina
1,todonoticias,ejecucion,2009616812837625872,2026-01-09 13:22:39+00:00,Alcaraz habló de su “rivalidad especial” con Sinner en la previa del primer partido del año entre ambos https://t.co/EMxNB4gzTJ,todonoticias,TN - Todo Noticias,25992212,1,1,2,0,3364.0,es,https://x.com/todonoticias/status/2009616812837625872,5719814,False,Argentina
1,todonoticias,ejecucion,2009614488559923564,2026-01-09 13:13:25+00:00,"Brutal paliza en Caseros: lo acusaron de abusar de una pasajera, lo bajaron del colectivo y lo golpearon https://t.co/DZ5vLMuG5v",todonoticias,TN - Todo Noticias,25992212,8,4,15,1,4930.0,es,https://x.com/todonoticias/status/2009614488559923564,5719814,False,Argentina
1,todonoticias,ejecucion,2009613020511846643,2026-01-09 13:07:35+00:00,Suspendieron a un concejal acusado de acoso sexual en Misiones: la impactante denuncia de las menores https://t.co/Q8cu1jBCaf,todonoticias,TN - Todo Noticias,25992212,1,3,7,0,3380.0,es,https://x.com/todonoticias/status/2009613020511846643,5719814,False,Argentina
1,todonoticias,ejecucion,2009612495212683711,2026-01-09 13:05:30+00:00,"Ver los pensamientos como nubes, una de las técnicas para reconectar con el presente cuando la mente no para https://t.co/DINrrRZSu7",todonoticias,TN - Todo Noticias,25992212,0,1,1,0,3317.0,es,https://x.com/todonoticias/status/2009612495212683711,5719814,False,Argentina
1,todonoticias,ejecucion,2009609677781508193,2026-01-09 12:54:18+00:00,"Brutal paliza en Caseros: lo acusaron de abusar de una pasajera, lo bajaron del colectivo y lo golpearon https://t.co/D3hwHOzm2s",todonoticias,TN - Todo Noticias,25992212,6,1,11,0,5189.0,es,https://x.com/todonoticias/status/2009609677781508193,5719814,False,Argentina
1,todonoticias,ejecucion,2009609463141986569,2026-01-09 12:53:27+00:00,"Cuánto debe durar la siesta perfecta para reducir el cansancio y potenciar el rendimiento, según Harvard https://t.co/Pwas8mJB17",todonoticias,TN - Todo Noticias,25992212,0,1,1,0,3510.0,es,https://x.com/todonoticias/status/2009609463141986569,5719843,False,Argentina
1,todonoticias,ejecucion,2009605884494639388,2026-01-09 12:39:14+00:00,"SECUENCIA DRAMÁTICA | Brutal pelea en plena calle: lo acusaron de abusar de una pasajera, lo bajaron de un colectivo y lo golpearon. https://t.co/irffmkrkoM",todonoticias,TN - Todo Noticias,25992212,13,21,183,7,63667.0,es,https://x.com/todonoticias/status/2009605884494639388,5719843,False,Argentina
1,todonoticias,ejecucion,2009601645110268076,2026-01-09 12:22:23+00:00,Un gigante sudamericano busca reforzarse con un futbolista de la Selección argentina https://t.co/4H1lg0XmmT,todonoticias,TN - Todo Noticias,25992212,0,2,4,0,3806.0,es,https://x.com/todonoticias/status/2009601645110268076,5719843,False,Argentina
1,todonoticias,ejecucion,2009596268616601838,2026-01-09 12:01:01+00:00,"Carolina Valle, experta en organización: “No se trata de controlar todo, sino de liderar tu semana” https://t.co/DALUxALRzQ",todonoticias,TN - Todo Noticias,25992212,2,1,2,0,3756.0,es,https://x.com/todonoticias/status/2009596268616601838,5719843,False,Argentina
1,todonoticias,ejecucion,2009593546039292414,2026-01-09 11:50:12+00:00,La Unión Europea aprobó el acuerdo comercial con el Mercosur https://t.co/t5R6LIDUxt,todonoticias,TN - Todo Noticias,25992212,0,7,15,1,4994.0,es,https://x.com/todonoticias/status/2009593546039292414,5719843,False,Argentina
1,todonoticias,ejecucion,2009592644079587786,2026-01-09 11:46:37+00:00,PODCAST | Cómo prevenir el sobrepeso y comer mejor desde la infancia https://t.co/KNnP0IWeEG,todonoticias,TN - Todo Noticias,25992212,1,1,2,0,3713.0,es,https://x.com/todonoticias/status/2009592644079587786,5719843,False,Argentina
1,todonoticias,ejecucion,2009591054975074744,2026-01-09 11:40:18+00:00,Donald Trump anunció que canceló la segunda ola de ataques en Venezuela ante la liberación de presos políticos https://t.co/9dyE2JJuzX,todonoticias,TN - Todo Noticias,25992212,0,2,4,0,3613.0,es,https://x.com/todonoticias/status/2009591054975074744,5719843,False,Argentina
1,todonoticias,ejecucion,2009588328140607805,2026-01-09 11:29:28+00:00,Incendios en Chubut: cortaron la ruta 40 por el avance del fuego y ya hay más de 3000 evacuados https://t.co/XsJb2cuJvM,todonoticias,TN - Todo Noticias,25992212,2,3,3,1,3793.0,es,https://x.com/todonoticias/status/2009588328140607805,5719843,False,Argentina
1,todonoticias,ejecucion,2009585850313802009,2026-01-09 11:19:37+00:00,"Tenía 21 años, quiso defender a su hermano en una pelea y la mataron de un tiro en el pecho https://t.co/zSjR236uy7",todonoticias,TN - Todo Noticias,25992212,0,3,11,0,4944.0,es,https://x.com/todonoticias/status/2009585850313802009,5719843,False,Argentina
1,todonoticias,ejecucion,2009585119862911390,2026-01-09 11:16:43+00:00,"El presidente de EE.UU., Donald Trump, anunció que canceló la segunda ola de ataques en Venezuela ante la liberación de los primeros presos políticos y subrayó que es un “gesto muy importante e inteligente” en medio de la “búsqueda de la paz”. https://t.co/hIMgUacv2C",todonoticias,TN - Todo Noticias,25992212,12,51,506,3,70786.0,es,https://x.com/todonoticias/status/2009585119862911390,5719843,False,Argentina
1,todonoticias,ejecucion,2009584666316014052,2026-01-09 11:14:55+00:00,Flamengo adoptó una revolucionaria medida que favorece a los fanáticos del fútbol en Argentina https://t.co/WVKHYYi60j,todonoticias,TN - Todo Noticias,25992212,1,1,2,0,3181.0,es,https://x.com/todonoticias/status/2009584666316014052,5719843,False,Argentina
1,todonoticias,ejecucion,2009583228449898752,2026-01-09 11:09:12+00:00,Pánico en San Telmo: Se incendió un colectivo de la línea 126 https://t.co/Vnw3IpQXJc,todonoticias,TN - Todo Noticias,25992212,6,46,571,8,66368.0,es,https://x.com/todonoticias/status/2009583228449898752,5719843,False,Argentina
1,todonoticias,ejecucion,2009580271876608113,2026-01-09 10:57:27+00:00,Dolor en el deporte mundial: murió una leyenda que ganó dos oros olímpicos y fue 11 veces campeona de Europa https://t.co/dqe0cVCclp,todonoticias,TN - Todo Noticias,25992212,1,1,3,0,3080.0,es,https://x.com/todonoticias/status/2009580271876608113,5719843,False,Argentina
1,todonoticias,ejecucion,2009578177698410944,2026-01-09 10:49:08+00:00,🔴 Donald Trump anunció que canceló la segunda ola de ataques en Venezuela tras la liberación de presos políticos https://t.co/aVNLo07748,todonoticias,TN - Todo Noticias,25992212,2,4,10,1,3557.0,es,https://x.com/todonoticias/status/2009578177698410944,5719843,False,Argentina
1,todonoticias,ejecucion,2009576512551297059,2026-01-09 10:42:31+00:00,"🚨 MATÓ A SU PADRE MIENTRAS DORMÍA, CONVIVIÓ CON EL CUERPO 30 HORAS Y SE LO CONFESÓ A SU HERMANO POR TELÉFONO.

▪️ Rubén Bellavigna tiene 35 años y vivía con su papá en General Rodríguez. Entre el 31 de diciembre y la madrugada del 1° de enero lo atacó con un palo con clavos mientras dormía.

▪️ Luis, su papá, tenía 64 años y era teniente primero de la Policía Bonaerense. Un golpe en la cabeza le provocó la muerte. Durante más de un día, su hijo estuvo solo en la casa con el cuerpo.

▪️ El viernes 2 de enero, el hermano de Rubén llamó al 911 porque no podía contactar a su padre. Cuando pudo hablar con Rubén, le confesó todo: ""Maté a papá, estamos en casa"". Fue volando a la casa: lo encontró sentado en la cocina.

▪️ La familia ya estaba marcada por otro espanto: Federico, otro de los hijos de la víctima y hermano del asesino, está preso desde 2022 acusado de matar a un hombre y tirar su cuerpo a los chanchos. 

Más información en la web de TN 👇
https://t.co/uHRQDiKKwp",todonoticias,TN - Todo Noticias,25992212,63,86,3145,36,412464.0,es,https://x.com/todonoticias/status/2009576512551297059,5719843,False,Argentina
1,todonoticias,ejecucion,2009576173588668785,2026-01-09 10:41:10+00:00,Video: el momento en que le tiraron un artefacto explosivo a una diputada de Honduras antes de una sesión https://t.co/0t9UBCsHOf,todonoticias,TN - Todo Noticias,25992212,0,1,2,0,3307.0,es,https://x.com/todonoticias/status/2009576173588668785,5719843,False,Argentina
1,todonoticias,ejecucion,2009574522773528813,2026-01-09 10:34:36+00:00,Tamara Báez estalló luego de que una seguidora la trató de “agrandada” https://t.co/rGhGA2hE0F,todonoticias,TN - Todo Noticias,25992212,1,1,2,0,3276.0,es,https://x.com/todonoticias/status/2009574522773528813,5719843,False,Argentina
1,todonoticias,ejecucion,2009571589214339170,2026-01-09 10:22:57+00:00,Trump anunció que canceló la segunda ola de ataques en Venezuela ante la liberación de presos políticos https://t.co/yBkyth7bK1,todonoticias,TN - Todo Noticias,25992212,5,8,57,0,13484.0,es,https://x.com/todonoticias/status/2009571589214339170,5719843,False,Argentina
1,todonoticias,ejecucion,2009569997358797024,2026-01-09 10:16:38+00:00,General Rodríguez: un hombre fue acusado de matar a su padre a palazos y convivir 30 horas con el cuerpo https://t.co/zr9wsFGYyR,todonoticias,TN - Todo Noticias,25992212,1,2,2,0,3142.0,es,https://x.com/todonoticias/status/2009569997358797024,5719843,False,Argentina
1,todonoticias,ejecucion,2009561700845191607,2026-01-09 09:43:39+00:00,"A través de la red social Truth, el presidente de Estados Unidos dijo que ""Venezuela está liberando a un gran número de presos políticos como muestra de su búsqueda de la paz"".

""Este es un gesto muy importante e inteligente"", consideró.

https://t.co/R9oehjJKZs https://t.co/iDOC18fOWJ",todonoticias,TN - Todo Noticias,25992212,0,3,17,1,5741.0,es,https://x.com/todonoticias/status/2009561700845191607,5719843,False,Argentina
1,todonoticias,ejecucion,2009555646564196739,2026-01-09 09:19:36+00:00,Venezuela y la Argentina: diferencias y similitudes de países con crisis económicas recurrentes y recorridos políticos opuestos https://t.co/xnftcaZxRG,todonoticias,TN - Todo Noticias,25992212,4,2,5,0,3902.0,es,https://x.com/todonoticias/status/2009555646564196739,5719843,False,Argentina
1,todonoticias,ejecucion,2009553634288374245,2026-01-09 09:11:36+00:00,Lo atacaron a golpes y murió tras pasar dos años en coma: el video que fue clave para dar con los sospechosos https://t.co/FYr5xSR9kc,todonoticias,TN - Todo Noticias,25992212,0,2,5,0,4128.0,es,https://x.com/todonoticias/status/2009553634288374245,5719843,False,Argentina
1,todonoticias,ejecucion,2009553044711809124,2026-01-09 09:09:16+00:00,La familia del joven asesinado por su novia pide bajar la edad de imputabilidad: “Buscamos justicia real” https://t.co/qAnfS7P058,todonoticias,TN - Todo Noticias,25992212,1,3,11,1,3435.0,es,https://x.com/todonoticias/status/2009553044711809124,5719843,False,Argentina
1,todonoticias,ejecucion,2009551881635594733,2026-01-09 09:04:38+00:00,El Gobierno evalúa reabrir la embajada argentina en Venezuela mientras Trump continúa con la transición https://t.co/OcWomMGEIG,todonoticias,TN - Todo Noticias,25992212,1,3,7,0,3234.0,es,https://x.com/todonoticias/status/2009551881635594733,5719843,False,Argentina
1,todonoticias,ejecucion,2009550713437725146,2026-01-09 09:00:00+00:00,⛷️La nieve cubre París y el barrio de Montmartre se transformó en una pista de esquí: así lo aprovecharon y se divirtieron los parisinos❄️ https://t.co/UTqmcELx8Y,todonoticias,TN - Todo Noticias,25992212,0,6,59,0,19973.0,es,https://x.com/todonoticias/status/2009550713437725146,5719843,False,Argentina
1,todonoticias,ejecucion,2009473381633061084,2026-01-09 03:52:43+00:00,Thiago Medina logró el gran objetivo de su recuperación a tres meses del accidente https://t.co/GGjFkFH12M,todonoticias,TN - Todo Noticias,25992212,1,1,7,0,5884.0,es,https://x.com/todonoticias/status/2009473381633061084,5719843,False,Argentina
1,todonoticias,ejecucion,2009470980385595610,2026-01-09 03:43:10+00:00,"Supermercados liquidan bicicletas por $39.324,35 y 43% de descuento https://t.co/irrguvhhZp",todonoticias,TN - Todo Noticias,25992212,0,3,8,0,4640.0,es,https://x.com/todonoticias/status/2009470980385595610,5719843,False,Argentina
1,todonoticias,ejecucion,2009468543926997319,2026-01-09 03:33:29+00:00,"Christian Mera, arquitecto: ""Estos colores hacen que tu casa se vea mucho más elegante"" https://t.co/yYjP0b62Ls",todonoticias,TN - Todo Noticias,25992212,0,3,12,0,5803.0,es,https://x.com/todonoticias/status/2009468543926997319,5719843,False,Argentina
1,todonoticias,ejecucion,2009463218935153049,2026-01-09 03:12:20+00:00,Así fue el cruce de Yanina Latorre y Maru Botana tras la pelea que las distanció https://t.co/IKfcsoV7N5,todonoticias,TN - Todo Noticias,25992212,0,1,4,0,7282.0,es,https://x.com/todonoticias/status/2009463218935153049,5719843,False,Argentina
1,todonoticias,ejecucion,2009457884732788803,2026-01-09 02:51:08+00:00,"Persecución de película, tiroteo y vuelco: así fue el violento robo de un auto en Merlo https://t.co/YppXzhDZtk",todonoticias,TN - Todo Noticias,25992212,0,1,4,0,5338.0,es,https://x.com/todonoticias/status/2009457884732788803,5719843,False,Argentina
1,todonoticias,ejecucion,2009444442168807809,2026-01-09 01:57:43+00:00,"ARGENTINA POLENTA: ""La caída de Maduro""

Por Luli Ofman https://t.co/oaAdWa98zg",todonoticias,TN - Todo Noticias,25992212,438,2973,12990,119,330494.0,es,https://x.com/todonoticias/status/2009444442168807809,5719843,False,Argentina
1,todonoticias,ejecucion,2009423519294345536,2026-01-09 00:34:34+00:00,Compró un cerdo con billetes falsos y lo detuvieron cuando intentaba escapar en un auto robado https://t.co/KWM1ZCnFxr,todonoticias,TN - Todo Noticias,25992212,0,1,13,0,6952.0,es,https://x.com/todonoticias/status/2009423519294345536,5719843,False,Argentina
1,todonoticias,ejecucion,2009405399729164505,2026-01-08 23:22:34+00:00,Horror en Mar del Plata: mataron a un joven de un balazo y prendieron fuego su casa https://t.co/2j8kDvgkrT,todonoticias,TN - Todo Noticias,25992212,1,3,6,0,5394.0,es,https://x.com/todonoticias/status/2009405399729164505,5719843,False,Argentina
1,todonoticias,ejecucion,2009404664790331884,2026-01-08 23:19:39+00:00,"""Infumable"": la producción de MasterChef filtró cómo está Wanda Nara tras su separación https://t.co/o1y1GrKz6P",todonoticias,TN - Todo Noticias,25992212,6,1,8,1,7659.0,es,https://x.com/todonoticias/status/2009404664790331884,5719843,False,Argentina
1,todonoticias,ejecucion,2009404286107779404,2026-01-08 23:18:09+00:00,Cristina Kirchner relató la muerte de un militante frente a su casa: “Me enoja” https://t.co/ZR3PAMji28,todonoticias,TN - Todo Noticias,25992212,7,3,5,0,5496.0,es,https://x.com/todonoticias/status/2009404286107779404,5719843,False,Argentina
1,todonoticias,ejecucion,2009400202013065242,2026-01-08 23:01:55+00:00,Ituzaingó: detuvieron al joven acusado de masturbarse delante de la cuñada de su mejor amigo mientras dormía https://t.co/bkJQPVrf1D,todonoticias,TN - Todo Noticias,25992212,5,3,10,1,7681.0,es,https://x.com/todonoticias/status/2009400202013065242,5719843,False,Argentina
1,todonoticias,ejecucion,2009398606902776303,2026-01-08 22:55:35+00:00,Ituzaingó: detuvieron al joven acusado de masturbarse delante de la cuñada de su mejor amigo mientras dormía https://t.co/cn9OFfmZXc,todonoticias,TN - Todo Noticias,25992212,0,1,3,0,4146.0,es,https://x.com/todonoticias/status/2009398606902776303,5719843,False,Argentina
1,todonoticias,ejecucion,2009394646116450425,2026-01-08 22:39:51+00:00,La contundente frase del Cholo Simeone para explicar su picante cruce con Vinícius en la Supercopa de España https://t.co/1zALmoyN3h,todonoticias,TN - Todo Noticias,25992212,0,1,1,0,4514.0,es,https://x.com/todonoticias/status/2009394646116450425,5719843,False,Argentina
1,todonoticias,ejecucion,2009394622892482996,2026-01-08 22:39:45+00:00,"🦎 CIENTÍFICOS ESTUDIARON A UN LAGARTO DURANTE AÑOS, DESCUBRIERON QUE JUEGA ""PIEDRA, PAPEL O TIJERA"" Y LO QUE ENCONTRARON DESAFÍA TODO LO QUE SE SABÍA SOBRE EVOLUCIÓN

▪️ El lagarto moteado vive en el oeste de Estados Unidos y tiene tres tipos de machos que compiten por reproducirse: uno es agresivo y territorial, otro es protector y el tercero se infiltra en silencio.

▪️ Los investigadores descubrieron que ninguno logra imponerse del todo. Los machos de garganta anaranjada dominan a los azules, pero los amarillos los engañan. Los azules, a su vez, bloquean a los amarillos.

▪️ Cuando una estrategia parece ganar, otra la desplaza. Es un ciclo que se repite una y otra vez. Ningún grupo se mantiene dominante de forma permanente.

▪️ Este comportamiento transformó a la especie en un ejemplo clave para la biología evolutiva. Demostró que la naturaleza puede mantener la diversidad incluso bajo competencia extrema.

Más información en la web de TN 👇
https://t.co/0kNS8FNzo8",todonoticias,TN - Todo Noticias,25992212,2,3,30,0,15048.0,es,https://x.com/todonoticias/status/2009394622892482996,5719843,False,Argentina
1,todonoticias,ejecucion,2009391984759460227,2026-01-08 22:29:16+00:00,Un policía de La Plata fue baleado por un compañero y está grave: investigan cómo se produjo el disparo https://t.co/9x691FLlvS,todonoticias,TN - Todo Noticias,25992212,0,1,5,0,4302.0,es,https://x.com/todonoticias/status/2009391984759460227,5719843,False,Argentina
2,todonoticias,ejecucion,2010382791255761229,2026-01-11 16:06:23+00:00,"@todonoticias Había que ponerse el corpiño estilo abuela y ser pechugona era carísimo, no sé ahora",_Alejandrina_ok,Alejandrina,1799619503002734592,0,0,0,0,,es,https://x.com/_Alejandrina_ok/status/2010382791255761229,89,False,
2,todonoticias,ejecucion,2010382757701246997,2026-01-11 16:06:15+00:00,@todonoticias Está hasta las tetas con eso,Waltiger1,Waltiger1,136464336,0,0,0,0,,es,https://x.com/Waltiger1/status/2010382757701246997,71,False,
2,todonoticias,ejecucion,2010382385008042110,2026-01-11 16:04:46+00:00,@todonoticias Ecuador va camino a México 2.0 y a pasos rápidos 💀💀,AngelMa44327485,Ilon Motts,1523066856571031554,0,0,0,0,8.0,es,https://x.com/AngelMa44327485/status/2010382385008042110,20,False,
2,todonoticias,ejecucion,2010382012776063289,2026-01-11 16:03:17+00:00,@todonoticias Innecesario,LilianMersey,Lilian Mersey 💛💛💛💛,3367601705,0,0,0,0,2.0,es,https://x.com/LilianMersey/status/2010382012776063289,989,False,"Blackhead, Londres"
2,todonoticias,ejecucion,2010381995118088368,2026-01-11 16:03:13+00:00,@todonoticias Para lo que quiere milei hay plata para los argentinos y los incendios no hay plata milei es anti patria cipayo como TN https://t.co/xj1ykEXG94,Pablopenedo2,Pablopenedo,1157092636391616514,0,0,0,0,3.0,es,https://x.com/Pablopenedo2/status/2010381995118088368,77,False,
2,todonoticias,ejecucion,2010298389611565285,2026-01-11 10:31:00+00:00,recuerdan? por algo era jajajja https://t.co/ZcTMrIW7dn,GoyDescontrol_,La Rebelión de los goyim,1890562588100161536,2,11,24,4,401.0,es,https://x.com/GoyDescontrol_/status/2010298389611565285,3994,False,
2,todonoticias,ejecucion,2010381461585858630,2026-01-11 16:01:06+00:00,"@todonoticias Que digan que los sionistas están prendiendo fuego, para quedarse con las tierras, que milei sacó una ley por dnu que donde se prende fuego pueden comprar los extranjeros antes estaba prohibido por 70 años si se prendía fuego, TN no mienta diga la verdad",Pablopenedo2,Pablopenedo,1157092636391616514,0,0,0,0,2.0,es,https://x.com/Pablopenedo2/status/2010381461585858630,77,False,
2,todonoticias,ejecucion,2010381427234533830,2026-01-11 16:00:57+00:00,@todonoticias Son el internet explorer de las noticias... hace años que esta mina tiene este emprendimiento,tefibarrioss,E,942133885,1,0,0,0,191.0,es,https://x.com/tefibarrioss/status/2010381427234533830,105,False,
2,todonoticias,ejecucion,2010381408171373026,2026-01-11 16:00:53+00:00,@todonoticias El amor 💰,SnakeC8,🐍,1223030809013248003,0,0,0,0,,es,https://x.com/SnakeC8/status/2010381408171373026,6,False,"Madrid, Comunidad de Madrid"
2,todonoticias,ejecucion,2010381355960431079,2026-01-11 16:00:40+00:00,@todonoticias es insoportable la movilera y todo el segmento de Florianopolis aburre. Aguante la elegancia de Analia Infante!,juapi,jupi ⭐️⭐️⭐️,29835211,0,0,0,0,2.0,es,https://x.com/juapi/status/2010381355960431079,127,False,
2,todonoticias,ejecucion,2010381319315054649,2026-01-11 16:00:32+00:00,"@todonoticias Que desastre x dios, dos años de poder y se vuelven iguales a los otros. Es tan dificil que la cabeza no se les llene de humo inviable",CassandraHecuba,Cassandra,1966908408625270784,0,0,0,0,2.0,es,https://x.com/CassandraHecuba/status/2010381319315054649,1,False,
2,todonoticias,ejecucion,2010381303238324714,2026-01-11 16:00:28+00:00,@todonoticias Excelentes prendas.,vilmagallo,Vilma Gallo,191206086,0,0,0,0,127.0,es,https://x.com/vilmagallo/status/2010381303238324714,1179,False,"Buenos Aires, Argentina"
2,todonoticias,ejecucion,2010379506641469692,2026-01-11 15:53:20+00:00,@todonoticias Brrrrrrrrrrrrrr https://t.co/JiUG1Dsb9t,wabiwabipol,YrsTruly,797515564461780992,0,0,0,0,293.0,und,https://x.com/wabiwabipol/status/2010379506641469692,102,False,Great Concavity
2,todonoticias,ejecucion,2010378560062566579,2026-01-11 15:49:34+00:00,@todonoticias Ya y cuánto pesa la billetera del anciano?.,jaimecidluna,jaime cid luna,457830527,0,0,0,0,1.0,es,https://x.com/jaimecidluna/status/2010378560062566579,1117,False,
2,todonoticias,ejecucion,2010378038186577921,2026-01-11 15:47:29+00:00,@todonoticias Tampoco la dejen usar bicicleta,GasttonAd,Ga$Tón,790671643500748800,0,0,0,0,2.0,es,https://x.com/GasttonAd/status/2010378038186577921,155,False,"Buenos Aires, Argentina"
2,todonoticias,ejecucion,2010377957488169017,2026-01-11 15:47:10+00:00,"@todonoticias No me sorprende. Todo forma parte de la ""gran Colombia"" gobernados por líderes narcos que solo buscan poder atraves de la violencia",LucasTagl1,Potro Libertario,1521264660032684032,0,0,0,0,54.0,es,https://x.com/LucasTagl1/status/2010377957488169017,179,False,Buenos aires
2,todonoticias,ejecucion,2010377668299235761,2026-01-11 15:46:01+00:00,@todonoticias Siempre hubo. Dejen de asustar a la gente.,silvanapetrino,Silvana Petrinovic,285900942,0,0,0,0,7.0,es,https://x.com/silvanapetrino/status/2010377668299235761,146,False,
2,todonoticias,ejecucion,2010377579040321784,2026-01-11 15:45:40+00:00,"@todonoticias Que gran laburo que hacen, lastima que Santi manotea no le sirve hacer ""beneficencia"" si no hay peronista en los gobiernos",fulanito_cosmes,cosmes fulanito,802492826110099456,0,0,0,0,4.0,es,https://x.com/fulanito_cosmes/status/2010377579040321784,160,False,
2,todonoticias,ejecucion,2010375870725370095,2026-01-11 15:38:53+00:00,@todonoticias Que pedazo de hembra por Dios,Mauro379007,Maurito🐔,1744176919778672640,0,0,0,0,802.0,es,https://x.com/Mauro379007/status/2010375870725370095,69,False,
2,todonoticias,ejecucion,2010375462653190508,2026-01-11 15:37:15+00:00,@todonoticias Se prende fuego media patagonia chicos.,ElAriTeisaire,Ariel,602266743,0,0,0,0,18.0,es,https://x.com/ElAriTeisaire/status/2010375462653190508,704,False,Buenos aires
2,todonoticias,ejecucion,2010375257107169605,2026-01-11 15:36:26+00:00,"@todonoticias Que bárbaro que noticia impactante ,cada día nos sorprenden más los periodistas.",albalh1960,Alba,2523441406,0,0,0,0,2.0,es,https://x.com/albalh1960/status/2010375257107169605,85,False,
2,todonoticias,ejecucion,2010375026323644441,2026-01-11 15:35:31+00:00,@todonoticias 8,Diermoya14,Diego,1477368784633610241,0,0,0,0,323.0,und,https://x.com/Diermoya14/status/2010375026323644441,59,False,
2,todonoticias,ejecucion,2010374956387856593,2026-01-11 15:35:15+00:00,https://t.co/cFNSRBs4E7,todonoticias,TN - Todo Noticias,25992212,0,0,1,0,1468.0,zxx,https://x.com/todonoticias/status/2010374956387856593,5719843,False,Argentina
2,todonoticias,ejecucion,2010374486206320643,2026-01-11 15:33:23+00:00,@todonoticias DEP VALENTÍSIMA :¨(,fandelmejo39980,fandelmejor,1834690384636624897,0,0,0,0,10.0,pt,https://x.com/fandelmejo39980/status/2010374486206320643,1608,False,
2,todonoticias,ejecucion,2010373922148036654,2026-01-11 15:31:08+00:00,"@todonoticias Los trabajadores van a ganar más con la reforma laboral? NO
Y los empresarios? SÍ
La reforma laboral tiene los errores estructurales del capitalismo liberal.
En cambio, si la reforma laboral cumpliera con el CAPITALISMO PARTICIPATIVO de la Constitución, TODOS GANARÍAN MÁS!",G_M_RUIZ,Guillermo Ruiz,1189351803072188418,0,0,0,0,9.0,es,https://x.com/G_M_RUIZ/status/2010373922148036654,102,False,"Esperanza, Santa Fe, Argentina"
2,todonoticias,ejecucion,2008878899799761256,2026-01-07 12:30:27+00:00,"REFORMA LABORAL: INCONSTITUCIONALIDADES
El art. 14 bis de la Constitución Nacional asegura al trabajador la “colaboración en la dirección” de la actividad productiva y la “participación en las ganancias de las empresas”.
Pero los arts. 4, 21 y 22 LCT, que sustituye el proyecto de modernización laboral, resultan inconstitucionales porque establecen la “dependencia” del trabajador al empleador, en lugar de la “COLABORACIÓN” recíproca que establece el art. 14 bis CN: reconocen la independencia del empleador, pero niegan la autonomía del trabajador, reduciendo su libertad y su creatividad productiva, y contradiciendo a la integración del capital con el trabajo. En realidad, el trabajador no aspira a trabajar “en favor de otra persona y bajo la dependencia de ésta”, como dice el art. 21 LCT, sino en “colaboración” con el empresario, como dice el art. 14 bis CN, lo que implica MÁS LIBERTAD, MÁS PRODUCTIVIDAD Y MENOS CONFLICTIVIDAD. 
Y también los arts. 104 bis y 105 LCT, que incorpora y sustituye el proyecto de modernización laboral, respectivamente, resultan inconstitucionales porque establecen que, por “decisión unilateral” o “individual” del empleador, “podrán incorporarse, por encima de los salarios y/o conceptos de pago de carácter obligatorio otros componentes retributivos dinámicos adicionales”, como “los sistemas de distribución de utilidades o ganancias”, desconociendo que “LA PARTICIPACIÓN EN LAS GANANCIAS” para el trabajador también es de CARÁCTER OBLIGATORIO, porque lo establece el art. 14 bis CN: reconocen un capitalismo individualista con distribución “unilateral” de las ganancias para el empleador, pero niegan un CAPITALISMO PARTICIPATIVO con distribución bilateral de las ganancias para el empresario y el trabajador, que hace posible el ahorro de ambos en el marco de la integración del capital con el trabajo.
Argentinos: cumplamos la Constitución Nacional para tener un capitalismo participativo, con colaboración productiva y CRECIMIENTO PROPORCIONADO!
No se trata sólo de una ley laboral, sino de un PROGRAMA PARTICIPATIVO DE COMUNIDAD, que es más amplio, nuevo y completo que el programa liberal y el programa de la justicia social!
Un CRECIMIENTO SOSTENIBLE sólo es posible si la LIBERTAD avanza por el camino de la PARTICIPACIÓN!",G_M_RUIZ,Guillermo Ruiz,1189351803072188418,0,1,2,1,1396.0,es,https://x.com/G_M_RUIZ/status/2008878899799761256,102,False,"Esperanza, Santa Fe, Argentina"
2,todonoticias,ejecucion,2010373249956483216,2026-01-11 15:28:28+00:00,@todonoticias Eso pasa cuando dejas a tu nene solo a cargo de un libertario al volante,Tu1millonLla2,Clarita🏳️‍🌈🏳️‍⚧️🇻🇪🇷🇺🇨🇺🇮🇷🇨🇳🇪🇦🇵🇸✌️,1877718188965638144,0,0,0,0,7.0,es,https://x.com/Tu1millonLla2/status/2010373249956483216,70,False,
2,todonoticias,ejecucion,2010373128430506256,2026-01-11 15:27:59+00:00,@todonoticias Ahora matas a un delincuente asesino en defensa y vas preso por la justicia de 💩,Claumoyax68,kuaia68🇦🇷,1368059550990036995,0,0,0,0,4.0,es,https://x.com/Claumoyax68/status/2010373128430506256,851,False,
2,todonoticias,ejecucion,2010373061435166872,2026-01-11 15:27:43+00:00,@todonoticias En Instagram su contenido llegó al público equivocado pero le da viralidad y con eso vende,maurox24x,Mauro (Wrandomsclips),3101015356,0,0,0,0,1293.0,es,https://x.com/maurox24x/status/2010373061435166872,38,False,buenos aires
2,todonoticias,ejecucion,2010372736917331968,2026-01-11 15:26:26+00:00,"@todonoticias Cuánto dolor 😓😓😓 Dios le de la fuerza que necesitan su familia, esposo e hijo",Liliana09375686,Liliana Sosa,1585845198168498176,0,0,1,0,19.0,es,https://x.com/Liliana09375686/status/2010372736917331968,0,False,
2,todonoticias,ejecucion,2010372224415351049,2026-01-11 15:24:23+00:00,@todonoticias 🙏🙌😢🌹,Olga16325614,Olga 🌟🌟🌟🇦🇷❤🇦🇹❤,1316140223919726597,0,0,0,0,10.0,qme,https://x.com/Olga16325614/status/2010372224415351049,27,False,Avellaneda!🇦🇹🇦🇷 Argentina
2,todonoticias,ejecucion,2010371988284416504,2026-01-11 15:23:27+00:00,@todonoticias Yo la amo! No consegui talle de corpiño y lindo hasta que descubri su marca y fui feliz!! Siempre habia hasta el 100 en los locales y yo tenia que morir en los deportivos modificados . Te amo Agus ❤️,ddulllc,Pochi,1771347254332252160,0,0,21,0,1708.0,es,https://x.com/ddulllc/status/2010371988284416504,15436,False,
2,todonoticias,ejecucion,2010371541679133144,2026-01-11 15:21:41+00:00,@todonoticias Si se quedaba en su casa estudiando era otra historia.,Tu1millonLla2,Clarita🏳️‍🌈🏳️‍⚧️🇻🇪🇷🇺🇨🇺🇮🇷🇨🇳🇪🇦🇵🇸✌️,1877718188965638144,0,0,0,0,7.0,es,https://x.com/Tu1millonLla2/status/2010371541679133144,70,False,
2,todonoticias,ejecucion,2010370373779370393,2026-01-11 15:17:02+00:00,@todonoticias Héroe,ROSSONEROLEX,Saw🇺🇦💪🏾🇦🇷,1410721235462414336,0,0,0,0,3.0,fr,https://x.com/ROSSONEROLEX/status/2010370373779370393,127,False,
2,todonoticias,ejecucion,2010369495135588717,2026-01-11 15:13:33+00:00,@todonoticias No es por desmerecer pero a quien le importa?,sil2829,Silvana G,273255177,0,0,0,0,16.0,es,https://x.com/sil2829/status/2010369495135588717,110,False,
2,todonoticias,ejecucion,2010368349297938719,2026-01-11 15:08:59+00:00,@todonoticias 😂😂🤌🤌🤌,lacuarta4ta,la4ta,1101252819674431491,0,0,0,0,4.0,qme,https://x.com/lacuarta4ta/status/2010368349297938719,84,False,Buenos Aires-Argentina 
2,todonoticias,ejecucion,2010367271722741780,2026-01-11 15:04:43+00:00,"@todonoticias Que culpa tiene el viejo si ustedes no tienen guita y pija dura? Déjenlo en paz.

Eso sí....la mina no se aguanto en hacer su video de Instagram....gran pxxx",readingparaguay,OKA,1753496749577027584,0,0,0,0,4.0,es,https://x.com/readingparaguay/status/2010367271722741780,3,False,
2,todonoticias,ejecucion,2010366642715320679,2026-01-11 15:02:13+00:00,"@todonoticias Dtallebyaguz se llama la marca, está en Instagram.",Adriana26340547,Adriana,1087191573203484673,0,0,7,0,2073.0,es,https://x.com/Adriana26340547/status/2010366642715320679,7,False,
2,todonoticias,ejecucion,2010365617178874213,2026-01-11 14:58:08+00:00,@todonoticias,LordLalo69,Eddie Rodríguez,1943390796104826880,0,0,0,0,,qam,https://x.com/LordLalo69/status/2010365617178874213,25,False,
2,todonoticias,ejecucion,2010122020265017579,2026-01-10 22:50:10+00:00,"Mar del plata, te alquilan estos y le tiran con gomera a la gente desde el balcón… que calvario.   https://t.co/c4CWSpyR8e",Mileinnials,Peluca 🎙️,1304139124685840384,287,656,2555,83,196125.0,es,https://x.com/Mileinnials/status/2010122020265017579,112960,False,
2,todonoticias,ejecucion,2010365232602898640,2026-01-11 14:56:36+00:00,@todonoticias Quiere guerra,Baneste_lab,Uno de tantos,1235166172443791360,0,0,0,0,10.0,es,https://x.com/Baneste_lab/status/2010365232602898640,1353,False,
2,todonoticias,ejecucion,2010364252172042457,2026-01-11 14:52:43+00:00,@todonoticias Esta chica estuvo en bake off. La marca que creo se llama D talle,borntochusmear,Amali ✨,1588676715068399616,1,0,9,0,2702.0,es,https://x.com/borntochusmear/status/2010364252172042457,2630,False,
2,todonoticias,ejecucion,2010364003806015702,2026-01-11 14:51:43+00:00,@todonoticias Y que logró ?,MabelLazzuri4,Mabel Lazzuri,1533925781927342081,0,0,0,0,2.0,es,https://x.com/MabelLazzuri4/status/2010364003806015702,74,False,
2,todonoticias,ejecucion,2010362717874606145,2026-01-11 14:46:37+00:00,"@todonoticias  #estefinde
Con fiaca de domingo..arrancando tranca..saludos a todos y buen domingo..desde Pergamino.. https://t.co/oYMKUzbxAf",Arelmeints,Ariel Montenegro,1655101138029379586,0,0,0,0,6.0,es,https://x.com/Arelmeints/status/2010362717874606145,18,False,
2,todonoticias,ejecucion,2010362594520150477,2026-01-11 14:46:07+00:00,@todonoticias,giles_ayal22708,Patricia Ayala Giles,1881118731583012864,0,0,0,0,,qam,https://x.com/giles_ayal22708/status/2010362594520150477,5,False,
2,todonoticias,ejecucion,2010362529155834344,2026-01-11 14:45:52+00:00,@todonoticias A los jugadores les pido que dejen la vida,PelitoKal,Pelito Kaltenbrunner,1826274656292077570,0,0,0,0,111.0,es,https://x.com/PelitoKal/status/2010362529155834344,86,False,Ciudad Autónoma de Buenos Aire
2,todonoticias,ejecucion,2010362289736560882,2026-01-11 14:44:55+00:00,@todonoticias Jajaja lo conocí en un hotel… 😹,dr26471,javier.P,1626238777235734528,0,0,0,0,1.0,es,https://x.com/dr26471/status/2010362289736560882,45,False,
2,todonoticias,ejecucion,2010361980704686551,2026-01-11 14:43:41+00:00,@todonoticias Hay una esposa que está luchando por la excarcelación de su marido desde el primer día.,ElsaQuintero3,Elsa Rodríguez,904003064,0,0,1,0,25.0,es,https://x.com/ElsaQuintero3/status/2010361980704686551,628,False,Venezuela
2,todonoticias,ejecucion,2010361790325240047,2026-01-11 14:42:56+00:00,"@todonoticias Los re entregaron jajajaj, investiguen al que los invito a los 3",luucabm,intelectualn't,1225452250081808388,0,0,0,0,304.0,es,https://x.com/luucabm/status/2010361790325240047,249,False,Argentina
2,todonoticias,ejecucion,2010361339076825234,2026-01-11 14:41:08+00:00,"@todonoticias #estefinde 
Buen día!! Saludos desde el oeste de parte de Ruth y Lucho... buen domingo! https://t.co/IG1X45SrKi",luxiomir,Luxiomir,1627795574450794497,0,0,0,0,6.0,es,https://x.com/luxiomir/status/2010361339076825234,1,False,
2,todonoticias,ejecucion,2010360993210155471,2026-01-11 14:39:46+00:00,"@todonoticias y este país querían poner de ejemplo los libertadorios xq estaban dolarizados, ahora no hablan de como se volvió un narco estado desde que gobierna la derecha",gallinadRiver,River,1801854478691270656,0,0,0,0,266.0,es,https://x.com/gallinadRiver/status/2010360993210155471,104,False,"Morón, Argentina"
2,todonoticias,ejecucion,2010360931344351436,2026-01-11 14:39:31+00:00,@todonoticias #EsteFinde https://t.co/P2WPdI2tpU,cortamary,Mary💙💛💙,145599891,0,0,0,0,11.0,qme,https://x.com/cortamary/status/2010360931344351436,1680,False,"Comodoro Rivadavia, Argentina"
2,todonoticias,ejecucion,2010360671633096974,2026-01-11 14:38:29+00:00,@todonoticias Díganle al presidente que no se preocupe que cuando los sobres lleguen a sus destinatarios la ley se aprueba.asi https://t.co/PTW4KqrcNh y sera siempre.o alguien cree que los trabajadores les importa a los políticos.a los empresarios.a los gremialistas.jajajaja!!!!!!no crean.,Ezequie53151853,Ezequiel Lopez,1780663075592450048,0,0,0,0,1.0,es,https://x.com/Ezequie53151853/status/2010360671633096974,5,False,
2,todonoticias,ejecucion,2010360505467289655,2026-01-11 14:37:49+00:00,@todonoticias https://t.co/jrajUCWA6p,FizzPolentero,Pirucho,367511520,0,0,0,0,1.0,qme,https://x.com/FizzPolentero/status/2010360505467289655,1131,False,
2,todonoticias,ejecucion,2010360426522190315,2026-01-11 14:37:31+00:00,@todonoticias https://t.co/95qRbbZMtx,emilioferva,Emilio FV,46787430,0,0,0,0,11.0,qme,https://x.com/emilioferva/status/2010360426522190315,546,False,"Asuncion, Paraguay"
2,todonoticias,ejecucion,2010360029031862697,2026-01-11 14:35:56+00:00,@todonoticias Silencio canalla. https://t.co/R6dfBwewvP,BetoVDP,Beto🇺🇦🇮🇱Norberto Namee,4475996026,0,0,0,0,66.0,es,https://x.com/BetoVDP/status/2010360029031862697,144,False,
2,todonoticias,ejecucion,2010359350955528319,2026-01-11 14:33:14+00:00,"@todonoticias Dios, el tiempo y Nahuel la pondrán en su lugar. Sigamos orando para que Nahuel regrese a casa. Lo importante es eso, su LIBERTAD.",gg_alexand95764,Maria alexandra Gomez,1869934702208905216,1,11,32,0,211.0,es,https://x.com/gg_alexand95764/status/2010359350955528319,2745,False,
2,todonoticias,ejecucion,2010359178133455226,2026-01-11 14:32:33+00:00,@todonoticias #EsteFinde en Playa unión viéndolos abrazo a mi amigo @SergioJalfin https://t.co/i1zky1XWjM,MariaEu78905622,Mariu C.,1599964307776851968,0,0,0,0,10.0,es,https://x.com/MariaEu78905622/status/2010359178133455226,2,False,
2,todonoticias,ejecucion,2010359099494674852,2026-01-11 14:32:14+00:00,@todonoticias Dios! 😢😢😢😢😢😢😢💔,migeroli,🇦🇷💛🎗️Marines💛#SiemprePRO💛🇮🇱🇺🇦,276184365,0,0,0,0,5.0,es,https://x.com/migeroli/status/2010359099494674852,7330,False,Argentina
2,todonoticias,ejecucion,2010359081479917881,2026-01-11 14:32:10+00:00,@todonoticias En vez de publicar está pelotudez porque no hablan de los recursos que el gobierno recortó durante el último año para combatir el fuego en el sur.,LucasEs68113621,Le Santillan.,998523149733023744,1,0,0,0,14.0,es,https://x.com/LucasEs68113621/status/2010359081479917881,53,False,"Buenos Aires, Argentina"
2,todonoticias,ejecucion,2010358913959686168,2026-01-11 14:31:30+00:00,@todonoticias Y yo que me sentía viejo para una sub30 pero este buen samaritano me da esperanzas 🙌,tkbqtakb,- @ ♥ ♫ -,255541296,0,0,0,0,7.0,es,https://x.com/tkbqtakb/status/2010358913959686168,673,False,Buenos Aires
2,todonoticias,ejecucion,2010358784380608771,2026-01-11 14:30:59+00:00,"@todonoticias Se incendia el país y ustedes están con esta huevada,por favor que bajo que cayeron",susanamuro15,Susana,736701363413999616,0,0,1,0,34.0,es,https://x.com/susanamuro15/status/2010358784380608771,65,False,
2,todonoticias,ejecucion,2010357076409598002,2026-01-11 14:24:12+00:00,@todonoticias Bueno amiga pero también te podés sacar teta para qué querés tannnto,vitodeitalia,🇮🇳XDC🇦🇷💪💪💪🔥🚀🛸,849766335567548418,10,0,7,0,2834.0,es,https://x.com/vitodeitalia/status/2010357076409598002,523,False,
2,todonoticias,ejecucion,2010356728773087537,2026-01-11 14:22:49+00:00,"@todonoticias Hola buenos días 
Por favor podrían pasar el alias o el número de la cuenta de bomberos voluntarios y ponerlo en placa por favor 
Para poder colaborar",kiquin5,KIQUIN 5,3375233549,1,0,0,0,9.0,es,https://x.com/kiquin5/status/2010356728773087537,137,False,La Docta City
2,todonoticias,ejecucion,2010356525148365041,2026-01-11 14:22:00+00:00,@todonoticias Son ineptos burros solo saben robar el PJ nunca hizo nadabiien,mcapalermo,mcapalermo,1172249887,0,0,0,0,5.0,es,https://x.com/mcapalermo/status/2010356525148365041,6,False,
2,todonoticias,ejecucion,2010356347003371872,2026-01-11 14:21:18+00:00,"@todonoticias Desayunando con Loly , tiene fiaca ...desde Hurlingham https://t.co/k74bAndzYN",RIconstruccione,RI construcciones,1862314998606827520,0,0,0,0,,es,https://x.com/RIconstruccione/status/2010356347003371872,0,False,
2,todonoticias,ejecucion,2010356219333280101,2026-01-11 14:20:47+00:00,@todonoticias Ahí mismo muestra que lo usa de cajero automático... Y lo quiere,ErisR,Erika R,153874736,0,0,0,0,3.0,es,https://x.com/ErisR/status/2010356219333280101,64,False,Buenos Aires- Argentina
2,todonoticias,ejecucion,2010356133765226761,2026-01-11 14:20:27+00:00,@todonoticias Se sacó tetas?,ROSSONEROLEX,Saw🇺🇦💪🏾🇦🇷,1410721235462414336,0,0,0,0,12.0,es,https://x.com/ROSSONEROLEX/status/2010356133765226761,127,False,
2,todonoticias,ejecucion,2010355491332088088,2026-01-11 14:17:54+00:00,@todonoticias Ayer México envió un buque de petróleo para cuba .,AndradeBocaok,bocha Andrade,1952521330454138880,0,0,0,0,164.0,es,https://x.com/AndradeBocaok/status/2010355491332088088,10,False,
2,todonoticias,ejecucion,2010355088393445662,2026-01-11 14:16:18+00:00,"@todonoticias Dota, la unica linea que vale la pena viajar",MaxWebe23406474,Carl Schmitt - Fan,1188440352115625984,0,0,0,0,9.0,es,https://x.com/MaxWebe23406474/status/2010355088393445662,7,False,
2,todonoticias,ejecucion,2010354973121401118,2026-01-11 14:15:50+00:00,"@todonoticias Mientras el petroleo lo tenga EEUU, supongo que les dara lo mismo si hay chavismo, democracia o monarquia hierocratica en venezuela",MaxWebe23406474,Carl Schmitt - Fan,1188440352115625984,0,0,0,0,6.0,es,https://x.com/MaxWebe23406474/status/2010354973121401118,7,False,
2,todonoticias,ejecucion,2010354709035671588,2026-01-11 14:14:47+00:00,@todonoticias Dos pescadores de lo ajeno,male_delb,Ale 💁🏻‍♀️⭐️⭐️⭐️,764999934529703936,0,0,0,0,7.0,es,https://x.com/male_delb/status/2010354709035671588,177,False,Argentina
2,todonoticias,ejecucion,2010352979543777365,2026-01-11 14:07:55+00:00,"@todonoticias #EsteFinde
Bom día amigos de TN 
Disfrutando de una hermosa mañana, saludos desde Rosario https://t.co/K9bWu49Vqt",JorgeBerrade,Piti Canaya,1615790797772701710,0,0,0,0,18.0,es,https://x.com/JorgeBerrade/status/2010352979543777365,1,False,
2,todonoticias,ejecucion,2010351423523811787,2026-01-11 14:01:44+00:00,"@todonoticias Los que son propensos al DELITO, están preocupados que los detengan infraganti✅",LocutorNac_1986,Ojo.Crítico ✈🇦🇷,2714715153,0,0,0,0,4.0,es,https://x.com/LocutorNac_1986/status/2010351423523811787,723,False,🇦🇷ARGENTINA🇦🇷
2,todonoticias,ejecucion,2010351120472830005,2026-01-11 14:00:32+00:00,@todonoticias Los pescadores que pescaban vacas.,jgpepo,jose gomez,2231836991,0,0,0,0,7.0,es,https://x.com/jgpepo/status/2010351120472830005,35,False,"San Rafael, Argentina "
2,todonoticias,ejecucion,2010350449220800666,2026-01-11 13:57:52+00:00,@todonoticias Yo creo que tendrian que salir de EEUU antes que sea tarde...,gustavo_ma29023,gustavo andres mauri,1906019750213459968,1,0,1,0,193.0,es,https://x.com/gustavo_ma29023/status/2010350449220800666,2,False,
2,todonoticias,ejecucion,2010350078817632523,2026-01-11 13:56:23+00:00,"@todonoticias No te la puedo creer. Urgente barbijos para todosss ya mismo. 
Dos años de encierro por las dudas.",_qwe_2,_qwe_2,1705059050390487040,0,0,0,0,53.0,es,https://x.com/_qwe_2/status/2010350078817632523,172,False,
2,todonoticias,ejecucion,2010349776303210675,2026-01-11 13:55:11+00:00,"@todonoticias ..mm

P9",LuisAlb03645186,Luis Alberto Rios,1971531858241277952,0,0,0,0,236.0,und,https://x.com/LuisAlb03645186/status/2010349776303210675,0,False,
2,todonoticias,ejecucion,2010349044015694067,2026-01-11 13:52:17+00:00,@todonoticias te imaginas estar por remontar un partido que vas perdiendo 3 goles abajo y te caguen matando kjj,guisodefactos,alesito 🧙🏻‍♂️,1803156108833427456,0,0,39,0,1030.0,es,https://x.com/guisodefactos/status/2010349044015694067,106,False,congourbano zona sur
2,todonoticias,ejecucion,2010348625998557227,2026-01-11 13:50:37+00:00,"@todonoticias Ojala que los rusos o chinos, terminen, con la dictadura capitalista de varios hdp, del mundo... https://t.co/lV296kOD0B",tizo22869,tizo,1824611381154299904,3,0,0,0,189.0,es,https://x.com/tizo22869/status/2010348625998557227,7,False,
2,todonoticias,ejecucion,2010348308305523038,2026-01-11 13:49:21+00:00,@todonoticias Escucharon lo que dijo ese tipo? Acusó a Milei de haber mandado a Gallo para dios sabe qué? Dice literalmente que creen q es un agente que mandaron para matar a maduro🤦🏼‍♀️. La madre debió pararle el carro en seco a ese imbécil,serendipity_plc,penelope,139326950,0,0,0,0,37.0,es,https://x.com/serendipity_plc/status/2010348308305523038,138,False,"Chubut, arg"
2,todonoticias,ejecucion,2010348029098790942,2026-01-11 13:48:15+00:00,@todonoticias Decime que odias a tu nuera sin decirme que odias a tu nuera. 🤣,GabrielMuriel,"Kong, James Kong",171757331,0,0,1,0,12.0,es,https://x.com/GabrielMuriel/status/2010348029098790942,4023,False,KukaLandia 🤮🤮🤮
2,todonoticias,ejecucion,2010345158966194482,2026-01-11 13:36:50+00:00,@todonoticias Demasiado humo con las denuncias y NADIE VA PRESO,jhguerra1963,@jhguerra,1488834429636259841,0,0,0,0,1.0,es,https://x.com/jhguerra1963/status/2010345158966194482,196,False,
2,todonoticias,ejecucion,2010344923359232497,2026-01-11 13:35:54+00:00,"@todonoticias También las líneas de colectivos que salían de Lanús a plaza Once dejaron de hacer ese recorrido, el motivo es muy evidente, quieren que la gente baje antes y así tienen que tomar otro colectivo ( de la misma empresa) para completar el recorrido.",casimirolas28,Casimiro Lastetas,1265451612522328064,0,0,0,0,40.0,es,https://x.com/casimirolas28/status/2010344923359232497,291,False,
2,todonoticias,ejecucion,2010344580349350292,2026-01-11 13:34:33+00:00,@todonoticias A ver si se le contagia algo a la tarada. https://t.co/ebs86SeLFX,dassieuga,gustavo dassieu,1909314239027691521,0,0,0,0,,es,https://x.com/dassieuga/status/2010344580349350292,43,False,
2,todonoticias,ejecucion,2010344349796827159,2026-01-11 13:33:38+00:00,@todonoticias Ya está ya quemaron está noticia basta,lucas2027939,lucas,1889738673291485184,0,0,0,0,4.0,es,https://x.com/lucas2027939/status/2010344349796827159,2,False,
2,todonoticias,ejecucion,2010343100070379897,2026-01-11 13:28:40+00:00,@todonoticias #TNmierdahabládeIrán,ChechoPaternal,Pablo Rocco,1247513198,0,0,0,0,1.0,qme,https://x.com/ChechoPaternal/status/2010343100070379897,3054,False,
2,todonoticias,ejecucion,2010342837381181495,2026-01-11 13:27:37+00:00,@todonoticias Esa misma noche ya entrego la rosca 🤣,F14TOMCAT114USS,F R G VIDEOS CRUDOS,1511860125501374468,0,0,0,0,,es,https://x.com/F14TOMCAT114USS/status/2010342837381181495,90,False,Ciudad Autónoma de Buenos Aire
2,todonoticias,ejecucion,2010342585555104007,2026-01-11 13:26:37+00:00,@todonoticias #TNmierdahabládeIrán,ChechoPaternal,Pablo Rocco,1247513198,0,0,0,0,22.0,qme,https://x.com/ChechoPaternal/status/2010342585555104007,3054,False,
2,todonoticias,ejecucion,2010342517305434434,2026-01-11 13:26:21+00:00,@todonoticias Que en Paz descanse y fuerza para toda la familia!,Gestiondeproye,𝑮𝒆𝒔𝒕𝒊ó𝒏 𝒅𝒆 𝑷𝒓𝒐𝒚𝒆𝒄𝒕𝒐𝒔 🇦🇷,1812074129975058432,0,0,1,0,573.0,es,https://x.com/Gestiondeproye/status/2010342517305434434,5,False,"José María Ezeiza, Argentina"
2,todonoticias,ejecucion,2010342437622026366,2026-01-11 13:26:02+00:00,@todonoticias Pero el partido quien lo gano?,xyzchriszyx,Chris,1349678063127326720,0,0,0,0,1709.0,es,https://x.com/xyzchriszyx/status/2010342437622026366,0,False,
2,todonoticias,ejecucion,2010341653664739814,2026-01-11 13:22:55+00:00,"@todonoticias va muy bien el primer gobierno libertario que copo el poder en latinoamerica!!!
asi vamos a terminar como sigamos con esto de relativizar la delincuencia solo porque tienen dolares para blanquear",pepe_comadreja,elsexy,1925315963668365313,2,0,0,0,644.0,es,https://x.com/pepe_comadreja/status/2010341653664739814,8,False,
2,todonoticias,ejecucion,2010341405684809804,2026-01-11 13:21:56+00:00,@todonoticias Corrijan.....El nuevo polvo,Jesuianna,Aunt Anna,1750213701133561857,0,0,0,0,16.0,es,https://x.com/Jesuianna/status/2010341405684809804,6,False,
2,todonoticias,ejecucion,2010340580505849987,2026-01-11 13:18:39+00:00,@todonoticias Che TN hace 15 días que están asesinado a miles de iraníes y vos ni una palabrita al respecto DÁS ASCO TN !!!,ChechoPaternal,Pablo Rocco,1247513198,0,0,0,0,4.0,es,https://x.com/ChechoPaternal/status/2010340580505849987,3054,False,
2,todonoticias,ejecucion,2010340348531208231,2026-01-11 13:17:44+00:00,@todonoticias https://t.co/598fdLTX3q,FizzPolentero,Pirucho,367511520,0,0,0,0,1.0,qme,https://x.com/FizzPolentero/status/2010340348531208231,1131,False,
2,todonoticias,ejecucion,2010339884226224336,2026-01-11 13:15:53+00:00,@todonoticias Ahh no pero queremos Venezuela libre jajaja,Maruchavs,Mara,145322126,0,0,0,0,5.0,es,https://x.com/Maruchavs/status/2010339884226224336,159,False,
2,todonoticias,ejecucion,2010339592176799920,2026-01-11 13:14:43+00:00,@todonoticias Y tiene a su mujer madre del hijo,RosaC64091512,Rosalbac,1480907345391755266,0,0,0,0,80.0,es,https://x.com/RosaC64091512/status/2010339592176799920,27,False,Argentina
2,todonoticias,ejecucion,2010339568843989325,2026-01-11 13:14:38+00:00,@todonoticias Que atorrantes difundir esta chantada,Leonel_Estudio,Vengabait,806993749788205056,0,0,0,0,19.0,es,https://x.com/Leonel_Estudio/status/2010339568843989325,38,False,
2,todonoticias,ejecucion,2010339295702519859,2026-01-11 13:13:33+00:00,@todonoticias Bahía Blanca a esta hora #estefinde https://t.co/oyb2swnmzD,silvanafuria,Silvana Furia,1658308386922942464,0,0,0,0,11.0,es,https://x.com/silvanafuria/status/2010339295702519859,17,False,
2,todonoticias,ejecucion,2010338054322704602,2026-01-11 13:08:37+00:00,@todonoticias Eso en el salvador no pasa. Me pregunto que habra hecho Bukele para que no pase mas.,areyouokpaul2,Pablo.RS,1407122357022515202,1,0,8,0,1899.0,es,https://x.com/areyouokpaul2/status/2010338054322704602,153,False,
2,todonoticias,ejecucion,2010337962844926462,2026-01-11 13:08:15+00:00,@todonoticias Son una familia de golpistas que no a están las consecuencias de sus actos deshonestos.,Fernando121415,Fernando Sosa,1826094415460380673,0,0,0,0,38.0,es,https://x.com/Fernando121415/status/2010337962844926462,43,False,
2,todonoticias,ejecucion,2010337424216596790,2026-01-11 13:06:06+00:00,@todonoticias Ohhh !!! https://t.co/dqp5AYgLmg,Anastas52776195,Gregorio,1463236645117960204,0,0,0,0,48.0,und,https://x.com/Anastas52776195/status/2010337424216596790,325,False,
2,todonoticias,ejecucion,2010337331279188221,2026-01-11 13:05:44+00:00,@todonoticias Miren a San José 1111,susiheidi,Su DB 🇦🇷,325049681,0,0,0,0,11.0,es,https://x.com/susiheidi/status/2010337331279188221,23883,False,Argentina
2,todonoticias,ejecucion,2010336787818750094,2026-01-11 13:03:35+00:00,@todonoticias @luluci99 “A todo Dictador le llega su 3 de Enero” 👏🏻👏🏻👏🏻👏🏻👏🏻😂,gallo70156,MonicaGallordo,1908527645421154304,0,0,0,0,3.0,es,https://x.com/gallo70156/status/2010336787818750094,1,False,
2,todonoticias,ejecucion,2010335655935762858,2026-01-11 12:59:05+00:00,"@todonoticias Para Esos incendiarios tienen que iener una pena muy dura ,10 años mínimo hay que endurecer las penas para todos estas basuras, las personas pierden todo ,y los animales ,es un desastre para todos.",MiguelBlan97334,MIguel Angel BLANCO,1728075476147564544,0,0,0,0,5.0,es,https://x.com/MiguelBlan97334/status/2010335655935762858,28,False,
2,todonoticias,ejecucion,2010335403287703792,2026-01-11 12:58:05+00:00,"@todonoticias Ficha limpia y no queda nadie, incluidos algunos de la LLA",jhguerra1963,@jhguerra,1488834429636259841,0,0,0,0,3.0,es,https://x.com/jhguerra1963/status/2010335403287703792,196,False,
2,todonoticias,ejecucion,2010335297893265699,2026-01-11 12:57:39+00:00,@todonoticias @lanacionmas,doctorblanco,Ale Blanco,964635840,0,0,0,0,4.0,qam,https://x.com/doctorblanco/status/2010335297893265699,145,False,
2,todonoticias,ejecucion,2010144872624468239,2026-01-11 00:20:58+00:00,"El de éste vídeo (Carlos Bianco) que escrachaba a ciudadanos durante la pandemia, es el mismo que manejaba borracho y drogado, la cuenta oficial de la PBA jamás lo escrachó, pero sí la utilizan para escrachar a otra ciudadana.
Estos son los que te dicen que sos ""FASCISTA"". HDP. https://t.co/CveFJr2jCL",luisrodriguezrm,Luis Rodríguez,2253199989,17,559,1508,8,21256.0,es,https://x.com/luisrodriguezrm/status/2010144872624468239,39019,False,"Tigre, Argentina"
2,todonoticias,ejecucion,2010335292411261012,2026-01-11 12:57:38+00:00,@todonoticias Que pasa que no dicen nada de lo que está ocurriendo en Iran ?,eedeibe,Coca,1985855719204397056,0,0,0,0,20.0,es,https://x.com/eedeibe/status/2010335292411261012,3,False,
2,todonoticias,ejecucion,2010334972834681142,2026-01-11 12:56:22+00:00,@todonoticias Tranqui ecuador jajajaja,ivan04492151,mort🇦🇷🇦🇷🇦🇷,925207942810480640,0,0,0,0,1884.0,es,https://x.com/ivan04492151/status/2010334972834681142,116,False,
2,todonoticias,ejecucion,2010334740683932024,2026-01-11 12:55:27+00:00,@todonoticias @lanacionmas @camidolabjian,doctorblanco,Ale Blanco,964635840,0,0,0,0,1.0,qam,https://x.com/doctorblanco/status/2010334740683932024,145,False,
2,todonoticias,ejecucion,2009992382910226631,2026-01-10 14:15:02+00:00,Al final lo de la AFA está frenado. Con todas las pruebas que hay ni Tapia ni Toviggino están presos ni procesados. Es increible la impunidad en este país. https://t.co/HGyICHrIB8,abrilcba_,Abril,1372638110912241665,192,1237,3895,41,36399.0,es,https://x.com/abrilcba_/status/2009992382910226631,29130,False,
2,todonoticias,ejecucion,2010333587917439484,2026-01-11 12:50:52+00:00,@todonoticias,mozichuk18046,Marcos Mozichuk,1654582668934119426,1,0,0,0,2.0,qam,https://x.com/mozichuk18046/status/2010333587917439484,1,False,
2,todonoticias,ejecucion,2010333150178586712,2026-01-11 12:49:07+00:00,@todonoticias https://t.co/tmL3WLvIRR,HernanGuinazu,Hernán Guiñazú,1106005697412677634,0,0,0,0,76.0,qme,https://x.com/HernanGuinazu/status/2010333150178586712,23,False,
2,todonoticias,ejecucion,2010332649970344228,2026-01-11 12:47:08+00:00,@todonoticias 😱,monogigena,MAX GIGENA,2172729724,0,0,0,0,41.0,qme,https://x.com/monogigena/status/2010332649970344228,68,False,Rio ceballo
2,todonoticias,ejecucion,2010331730721353988,2026-01-11 12:43:29+00:00,"@todonoticias #estefinde, Muy buen domingo sra paula y equipo, gracias por compartir las noticias, nos encanta como nos informar ,familia Fernández de llavallol sur, partido de lomas de zamora, saludos a todos los conocidos, Juan Carlos Fernández, 👍🏡🌞😘❤️ https://t.co/pXKnnzS2XC",CarlosJuanFern1,Carlos Juan Fernandez,1488480780460478465,0,0,1,0,22.0,es,https://x.com/CarlosJuanFern1/status/2010331730721353988,13,False,
2,todonoticias,ejecucion,2010331494242451789,2026-01-11 12:42:33+00:00,@todonoticias Es un win-win,undercovernm,Anksunamun🟡,123080052,0,0,0,0,2.0,de,https://x.com/undercovernm/status/2010331494242451789,884,False,"san juan, argentina"
2,todonoticias,ejecucion,2010331313295995149,2026-01-11 12:41:49+00:00,"@todonoticias El concejo dwl sushi ultraprotegido por los medios ahors destacan como positivo lo que fue un desastre de gestión, que si lo hacía el ""marrón"" imaginate. Nadie dice que carboni ahora contratación estrella de racing ni un minuto jugó",PrMasena,PMasena,442779419,0,0,0,0,20.0,es,https://x.com/PrMasena/status/2010331313295995149,800,False,
2,todonoticias,ejecucion,2010331241246044480,2026-01-11 12:41:32+00:00,@todonoticias No sería de extrañar kukas detrás de los incendios,Maximil06272415,Maximiliano,1725411244499177472,0,0,0,0,4.0,es,https://x.com/Maximil06272415/status/2010331241246044480,79,False,
2,todonoticias,ejecucion,2010330956130029870,2026-01-11 12:40:24+00:00,"@todonoticias buen domingo para todos. Soy Fidel el mimado de la casa.
Desde Mardel Cris y Ruben. Geniosssss #EsteFinde https://t.co/u4avcJ18c7",MariaCr61333723,Maria Cristina Reyes,1883461967425191936,0,0,0,0,12.0,es,https://x.com/MariaCr61333723/status/2010330956130029870,0,False,
2,todonoticias,ejecucion,2010329462651441373,2026-01-11 12:34:28+00:00,"@todonoticias Pobre chica ,la vida pareciera no vale nada ,ojalá la justicia actúe en consecuencia",thebest121224,café con leche 12,1637660500946239490,0,0,0,0,58.0,es,https://x.com/thebest121224/status/2010329462651441373,13,False,Ciudad Autónoma de Buenos Aire
2,todonoticias,ejecucion,2010329062615769331,2026-01-11 12:32:53+00:00,@todonoticias,aaa6aaa4a,Aaa,1403422569223622658,0,0,1,0,12.0,qam,https://x.com/aaa6aaa4a/status/2010329062615769331,12,False,
2,todonoticias,ejecucion,2010188115269353847,2026-01-11 03:12:48+00:00,"¿Qué onda con ese nazikrchnerista venezolano Fernando Carrillo que hasta los periodistas serios cómo @nelsonalcastro le dan pantalla para que diga sus hijaputeces y se les ría en la cara a ex presos políticos de la narcodictadura? ¿Cuál es la importancia de lo que piense esa basura? Era necesario ponerlo a monologar y ningunear el secuestro frente a su madre? ¿Invitan a víctimas de la dictadura sin avisarle que los van a confrontar con eso?
¿Vale la pena cualquier cosa por un punto de raiting?
Triste. Tristísimo.",salvinamusica,LaReinaDeLosHurones🇺🇦,187385739,30,49,188,2,4086.0,es,https://x.com/salvinamusica/status/2010188115269353847,14415,False,"Ciudad Autónoma de Buenos Aires, Argentina"
2,todonoticias,ejecucion,2010331106055500193,2026-01-11 12:41:00+00:00,@todonoticias https://t.co/6pvW4Rmbr8,beltrantupamba1,@beltran_tupambae,1206284129932861445,1,0,0,0,,qme,https://x.com/beltrantupamba1/status/2010331106055500193,2,False,
2,todonoticias,ejecucion,2010328621161074939,2026-01-11 12:31:08+00:00,@todonoticias @Rosana038822909 Buen día Rosana,Pablo0566681464,Pablo,1987360391966695431,0,0,0,0,95.0,es,https://x.com/Pablo0566681464/status/2010328621161074939,97,False,
2,todonoticias,ejecucion,2010328505108840811,2026-01-11 12:30:40+00:00,@todonoticias 😱,monogigena,MAX GIGENA,2172729724,0,0,0,0,10.0,qme,https://x.com/monogigena/status/2010328505108840811,68,False,Rio ceballo
2,todonoticias,ejecucion,2010326777651241180,2026-01-11 12:23:48+00:00,@todonoticias Pobrecita sí que fue una mujer fuerte !que injusta es la vida,carolinaroman72,Carolina,732651007,0,0,1,0,695.0,es,https://x.com/carolinaroman72/status/2010326777651241180,5,False,caballito 
2,todonoticias,ejecucion,2010325540268626013,2026-01-11 12:18:53+00:00,"@todonoticias Se escribe MBARIGÜÍ. Provoca hinchazón con un punto rojo en el medio (no roncha). Si se toca comienza el dolor, picazón, se hincha, se afiebra y todo eso dura más o menos una semana. insoportable. Solo aplicar vinagre, no caladryl porque es peor.",RitaFer1990,Chipa Almidón,1710793517537042432,0,1,3,0,98.0,es,https://x.com/RitaFer1990/status/2010325540268626013,26,False,Argentina
2,todonoticias,ejecucion,2010325384211120536,2026-01-11 12:18:16+00:00,"@todonoticias Q feo es escuchar a una Sra, exponiendo la elección de un hombre, su Hijo, q supo elegir Carrera difícil, q no tiene ni salario digno x tanto esfuerzo. Debería hacer respetuoso silencio y no entrometerse en su vida privada. Cercanos deben hacer callar a una chismosa.",PitiMadison,piti madison,3070661831,0,0,1,0,26.0,es,https://x.com/PitiMadison/status/2010325384211120536,490,False,
2,todonoticias,ejecucion,2010323559625945430,2026-01-11 12:11:01+00:00,@todonoticias Mbarigüi.....guaraní,MirnaCceres2,Mirna Cáceres,838367184766263296,0,0,0,0,98.0,es,https://x.com/MirnaCceres2/status/2010323559625945430,411,False,
2,todonoticias,ejecucion,2010323207065333875,2026-01-11 12:09:37+00:00,@todonoticias Mi mas sentido pésame y todo mi amor para toda su familia... bendiciones,GloriaGome32711,Gloria Gomez,1988626281236434944,0,0,2,0,854.0,es,https://x.com/GloriaGome32711/status/2010323207065333875,0,False,
2,todonoticias,ejecucion,2010321921217589710,2026-01-11 12:04:30+00:00,@todonoticias Los isralies siempre están detrás de estos incendios.,simonaxm,#Pax et Bonum,506510308,0,0,0,0,8.0,es,https://x.com/simonaxm/status/2010321921217589710,6868,False,Chile
2,todonoticias,ejecucion,2010321722831241281,2026-01-11 12:03:43+00:00,@todonoticias https://t.co/jmIYk4Paso,Claudiobrunati,Lobo,197523569,0,0,0,0,7.0,qme,https://x.com/Claudiobrunati/status/2010321722831241281,1262,False,"Moreno, Argentina"
2,todonoticias,ejecucion,2010320782761906551,2026-01-11 11:59:59+00:00,"@todonoticias Bueno, si sigue con él  varios años,va a tener que cambiarle los pañales cagados a ese pobre hombre",hierrofull,Esteban Gutiérrez,1542677236704329728,0,0,1,0,3.0,es,https://x.com/hierrofull/status/2010320782761906551,15,False,
2,todonoticias,ejecucion,2010319970002214966,2026-01-11 11:56:45+00:00,@todonoticias Excelente programa el CORRESPONSAL!!!!,ParrottaSa81402,SAVINA PARROTTA,1655719752206106625,0,0,0,0,32.0,es,https://x.com/ParrottaSa81402/status/2010319970002214966,20,False,
2,todonoticias,ejecucion,2010317334532198595,2026-01-11 11:46:17+00:00,"@todonoticias #estefinde Buenos días... Saludos a todos, nosotros de vaca x Bombas, disfrutando el sol, playa, y la vida.... Un abrazo de oso https://t.co/wmh9NwI7rJ",Osky58_,Osky58,1847612281171132416,0,0,0,0,15.0,es,https://x.com/Osky58_/status/2010317334532198595,1,False,
2,todonoticias,ejecucion,2010316914925744376,2026-01-11 11:44:37+00:00,"@todonoticias Te doy como mucho 5 años de matrimonio, que lo disfrutes.",ParrottaSa81402,SAVINA PARROTTA,1655719752206106625,0,0,0,0,10.0,es,https://x.com/ParrottaSa81402/status/2010316914925744376,20,False,
2,todonoticias,ejecucion,2010316796201730412,2026-01-11 11:44:08+00:00,@todonoticias #estefinde hoy se pasea.osha feliz..salud d llavallol.. https://t.co/RmHlPlMXJW,Ucra1962,Ucra,1714629225141932032,0,0,0,0,14.0,es,https://x.com/Ucra1962/status/2010316796201730412,1,False,
2,todonoticias,ejecucion,2010316720821641240,2026-01-11 11:43:50+00:00,"@todonoticias #estefinde hola gente linda de TN! Soy Aylana de Garin, como todos los findes, los veo con mis papis! Que tengan lindo domingo!Saludos!! https://t.co/BfQAEHa3h0",Nataliadoe41431,Natalia doello,1971602901643517952,0,0,0,0,12.0,es,https://x.com/Nataliadoe41431/status/2010316720821641240,0,False,
2,todonoticias,ejecucion,2010315877716197830,2026-01-11 11:40:29+00:00,"@todonoticias ""Desopilante"" es el calificativo usado por los portales de mierda sobre algo que tiene menos gracia que un desalojo.",ceballos1973,Carlos Ceballos 🇦🇷,108152906,0,0,1,0,26.0,es,https://x.com/ceballos1973/status/2010315877716197830,227,False,"Formosa, Argentina"
2,todonoticias,ejecucion,2010315525222732168,2026-01-11 11:39:05+00:00,@todonoticias Noticias pum para arriba no hay? 🫠,laimedicontrol,Lai Gi,1985168514400018432,0,0,0,0,517.0,es,https://x.com/laimedicontrol/status/2010315525222732168,1,False,
2,todonoticias,ejecucion,2010315195491754319,2026-01-11 11:37:47+00:00,"@todonoticias En realidad no es solo la novia de un militante libertario, es funcionaria del gobierno libertario e influencer del mismo",MatiGBR17,Matias,1646983584203304960,0,0,0,0,14.0,es,https://x.com/MatiGBR17/status/2010315195491754319,407,False,"San Isidro, Argentina"
2,todonoticias,ejecucion,2010314884064706894,2026-01-11 11:36:32+00:00,"@todonoticias Hace 3 años nos vendieron una invasión de mosquitos donde escaseaba el repelente, luego no aparecieron más mosquitos en la vida! Ahora que nos van a vender para combatir esto?",joseluisdaco,𝕁𝕠𝕤é 𝕃𝕦𝕚𝕤 Ñ𝕠ñ𝕠ℝ𝕖𝕡𝕦𝕓𝕝𝕚🇦🇷✝️💙💛💙,1657044204047007744,3,0,5,0,161.0,es,https://x.com/joseluisdaco/status/2010314884064706894,3155,False,"Buenos Aires, Argentina"
2,todonoticias,ejecucion,2010314794067501440,2026-01-11 11:36:11+00:00,@todonoticias #Estefinde Buen día equipo  hermoso día para agradecer que estamos vivos.....siempre desde temprano con ustedes saludos a toda mi flia de Punta Alta...Mar del Plata  y Ballester.un saludo y beso grande a mi amiga Betty Mallo y un deseo que este cada día mejor .. https://t.co/kxaErT2GhR,ElsaA64192,Elsa y Gerardo,1842987886683271168,0,0,0,0,40.0,es,https://x.com/ElsaA64192/status/2010314794067501440,0,False,
2,todonoticias,ejecucion,2010314595307868453,2026-01-11 11:35:24+00:00,@todonoticias Como quedo el marcador? quien gano?,Nerfiadin,Schultz,1329112362767495178,0,0,0,0,541.0,es,https://x.com/Nerfiadin/status/2010314595307868453,13,False,
2,todonoticias,ejecucion,2010314527313989764,2026-01-11 11:35:07+00:00,@todonoticias 🙏❤️,Daniela52843586,Daniela,1801068041830121472,0,0,0,0,357.0,qme,https://x.com/Daniela52843586/status/2010314527313989764,0,False,
2,todonoticias,ejecucion,2010314395461828764,2026-01-11 11:34:36+00:00,@todonoticias Ven q todo se puede lograr con guita y falopa?,malifangxin,Gorda Marchu,1493265506098462726,0,0,0,0,2.0,es,https://x.com/malifangxin/status/2010314395461828764,104,False,Ciudad Autónoma de Buenos Aire
2,todonoticias,ejecucion,2010314131497525336,2026-01-11 11:33:33+00:00,@todonoticias 💔qepd 😥 ✨️ 🙏 ⚘️✨️,rusaindia,Gladys,2459642574,0,0,1,0,302.0,es,https://x.com/rusaindia/status/2010314131497525336,17,False,"La Plata, Argentina"
2,todonoticias,ejecucion,2010313987112706361,2026-01-11 11:32:59+00:00,@todonoticias Espero que se recupere de esa situazao,lauritamazza,Laurita Mazzaglia,158180271,0,0,0,0,18.0,es,https://x.com/lauritamazza/status/2010313987112706361,366,False,
2,todonoticias,ejecucion,2010312723817796077,2026-01-11 11:27:57+00:00,@todonoticias leyeron en x q P García sale en cada post como mentirosa por decir q alguien chocó y mató?,AdadMonica,Monica isabel Adad,1963394977561522176,0,0,0,0,,es,https://x.com/AdadMonica/status/2010312723817796077,6,False,
2,todonoticias,ejecucion,2010311390251106521,2026-01-11 11:22:39+00:00,@todonoticias 👉 https://t.co/l4LFGgZovs,todonoticias,TN - Todo Noticias,25992212,0,1,3,1,2854.0,qme,https://x.com/todonoticias/status/2010311390251106521,5719843,False,Argentina
2,todonoticias,ejecucion,2010311186877911544,2026-01-11 11:21:51+00:00,@todonoticias Nadie interesa,jose_hopczak,jose hopczak,1872648144225280000,0,0,0,0,30.0,es,https://x.com/jose_hopczak/status/2010311186877911544,10,False,
2,todonoticias,ejecucion,2010311060138708997,2026-01-11 11:21:21+00:00,@todonoticias En la economía trabaja que no camina,jose_hopczak,jose hopczak,1872648144225280000,0,0,0,0,5.0,es,https://x.com/jose_hopczak/status/2010311060138708997,10,False,
2,todonoticias,ejecucion,2010309318713987290,2026-01-11 11:14:25+00:00,@todonoticias Mwdio medio hermano de 8 era todo su cuidado. La madre bien gracias. Lo dejan al cuidado de alguien que lo único que piensa es en cobrar a fin de mes. Cuiden a sus hijos no sean irresponsables.,ro11498743,JRo,1705530179693477888,0,0,0,0,12.0,es,https://x.com/ro11498743/status/2010309318713987290,11,False,
2,todonoticias,ejecucion,2010308707914338791,2026-01-11 11:12:00+00:00,@todonoticias https://t.co/f4XgaeonRH,SabryEmme,Sabry 👽,1595677813054574592,0,0,0,0,27.0,qme,https://x.com/SabryEmme/status/2010308707914338791,172,False,
2,todonoticias,ejecucion,2010308574388560372,2026-01-11 11:11:28+00:00,@todonoticias Estará cantando B🤔,UnluDaniel,Daniel,1187020113033203713,0,0,0,0,3.0,es,https://x.com/UnluDaniel/status/2010308574388560372,184,False,
2,todonoticias,ejecucion,2010308425960620037,2026-01-11 11:10:53+00:00,@todonoticias Dolor es quemar 5000 hectáreas en la Patagonia,SrGusGLucero1,Nos trajeron la guerra a la region,1504637783373234177,0,0,0,0,14.0,es,https://x.com/SrGusGLucero1/status/2010308425960620037,107,False,
2,todonoticias,ejecucion,2010308138852130869,2026-01-11 11:09:44+00:00,@todonoticias #estefinde Brutal el viejito  descansando un poco https://t.co/sfLtwhPxTi,Adriana43238645,Adriana Celina,1497275563995811844,0,0,0,0,4.0,es,https://x.com/Adriana43238645/status/2010308138852130869,4,False,
2,todonoticias,ejecucion,2010307366596837436,2026-01-11 11:06:40+00:00,@todonoticias Paso el Chano y dijo que No lo puede creer,saucedocristia1,Saucedo Cristian,1653925928,0,0,0,0,3.0,es,https://x.com/saucedocristia1/status/2010307366596837436,29,False,Corrientes Arg
2,todonoticias,ejecucion,2010305183436390471,2026-01-11 10:58:00+00:00,"@todonoticias Falso, su suegra es abogado venezolana y le brinda asistencia con las limitaciones que impone el Régimen. Además cuenta con el respaldo del pueblo venezolano.",rogeliodiaz21,Rogelio Diaz,103348104,0,0,1,0,37.0,es,https://x.com/rogeliodiaz21/status/2010305183436390471,2724,False,"ÜT: 10.654866,-71.61958"
2,todonoticias,ejecucion,2010303595984597055,2026-01-11 10:51:41+00:00,"@todonoticias El vaticano es una cueva de ladrones ... El único paraíso que conoce es el "" paraíso fiscal"" !!",killerstill,Dexter Morgan,764650347482734592,0,0,0,0,22.0,es,https://x.com/killerstill/status/2010303595984597055,251,False,"Lomas de Zamora, Argentina"
2,todonoticias,ejecucion,2010303482595877134,2026-01-11 10:51:14+00:00,"@todonoticias Quien le pagó el pasaje a la ""esposa"" para que venga a Argentina? Venezuela la dejó salir? Quien le paga sus gastos diarios, vivienda, alimento al hijo y a ella? Viven con la familia de Gallo? @carolina_moine @Desdemona_jna @SilMercado  @edufeiok @majulluis",ArGenTa1816,ArGenTa,1579433830594887680,0,0,1,0,189.0,es,https://x.com/ArGenTa1816/status/2010303482595877134,74,False,
2,todonoticias,ejecucion,2010302796227354782,2026-01-11 10:48:30+00:00,"@todonoticias #estefinde buen dia.feliz 2026.salud y paz.dde las lomitas.con gala,27 años d conocernos. https://t.co/owmOfVhF57",Ucra1962,Ucra,1714629225141932032,0,0,0,0,9.0,es,https://x.com/Ucra1962/status/2010302796227354782,1,False,
2,todonoticias,ejecucion,2010302305200197943,2026-01-11 10:46:33+00:00,"@todonoticias #estefinde Hola a todos, feliz año somos de Merlo Enzo, Patricia y Héctor. https://t.co/wwCtHt4M26",Elpelu968,Héctor,1992989379032494080,0,0,0,0,15.0,es,https://x.com/Elpelu968/status/2010302305200197943,1,False,
2,todonoticias,ejecucion,2010301507590369319,2026-01-11 10:43:23+00:00,@todonoticias no dijo lo que estaba vendiendo pero todos sabemos lo que vendía,eldibufc,Dibu,1982199676188164096,0,0,0,0,3.0,es,https://x.com/eldibufc/status/2010301507590369319,52,False,Rovar Madrid FC
2,todonoticias,ejecucion,2010298256103031145,2026-01-11 10:30:28+00:00,@todonoticias A quien le importa,silcasla54,Sil,4137395945,0,0,0,0,18.0,es,https://x.com/silcasla54/status/2010298256103031145,9,False,
2,todonoticias,ejecucion,2010297147078688884,2026-01-11 10:26:04+00:00,@todonoticias Son un trio entonces ? Porque la pepona es novia del psiquiatrico....,FUSILERO68,LEOURU 🇺🇾⚓⚔️🚴🪂🥊🚚,776463316931776512,0,0,0,0,7.0,es,https://x.com/FUSILERO68/status/2010297147078688884,244,False,"Mar del Plata, Argentina"
2,todonoticias,ejecucion,2010297068078965230,2026-01-11 10:25:45+00:00,"@todonoticias @radiomitre 
Hablen de esto",cirilli_marcelo,Chelo Bostero 💛🐱💪🟦🟨🟦🇦🇷,916791848496136192,0,0,0,0,2.0,es,https://x.com/cirilli_marcelo/status/2010297068078965230,2759,False,"Avellaneda, Argentina"
2,todonoticias,ejecucion,2010111975162802187,2026-01-10 22:10:15+00:00,"🚨🚨El Primer Ministro de Hungría  Viktor Orbán EXPONE  el plan publicado en 2015 por George Soros⚠️

Donde Geørge Søros abiertamente habla de introducir 1 MILLÓN de INMIGRANTES en Europa CADA AÑO, que vivirían de las ayudas públicas europeas. A lo que él contribuiría financieramente.

LA VERDADES SALEN A LA LUZ... que nunca verás en el telediario.
COMPARTE 🔥",dejanirasilveir,dejanira,2353710014,41,2813,4012,47,40771.0,es,https://x.com/dejanirasilveir/status/2010111975162802187,150978,False,Schweiz
2,todonoticias,ejecucion,2010295129425555659,2026-01-11 10:18:02+00:00,"@todonoticias #estefinde Hola buen día chicos!!!!! Desde Olavarria les mando un saludo enorme a mi familia, amigos y todas aquellas personas que me quieren!!!!! Con amor y cariño Dylan!!! Grac por mantenernos siempre informados!!!!! https://t.co/9v1d89m4Wa",Ivana55504299,Ivana,1299495465084497926,0,0,0,0,10.0,es,https://x.com/Ivana55504299/status/2010295129425555659,5,False,
2,todonoticias,ejecucion,2010291689920077936,2026-01-11 10:04:22+00:00,@todonoticias Por suerte no pasa en Argentina,NestorP49848594,Nestor Peralta,1481825356554424323,0,0,0,0,6.0,es,https://x.com/NestorP49848594/status/2010291689920077936,36,False,
2,todonoticias,ejecucion,2010291080525480262,2026-01-11 10:01:57+00:00,@todonoticias DEP ♥️ 😪,SILVIAMARTINAR1,SILVIA MARTÍN ARTEAGA 🐾,208102107,0,0,0,0,199.0,und,https://x.com/SILVIAMARTINAR1/status/2010291080525480262,865,False,"Madrid, Comunidad de Madrid"
2,todonoticias,ejecucion,2010290340448878722,2026-01-11 09:59:01+00:00,@todonoticias,brujis72,Poli®♥,2924865283,0,0,0,0,7.0,qam,https://x.com/brujis72/status/2010290340448878722,396,False,
2,todonoticias,ejecucion,2010098829786525846,2026-01-10 21:18:01+00:00,"Hace unos 20 años una vecina se fué a Ushuaia, cuando volvió le pregunté que tal la habia pasado y me dijo ""dentro del circuito turístico todo lindo, fuera de eso un asco, mucha villa y abandono"". Abz! https://t.co/5PlJ4z3rBR",GordoAntiProgre,GAP,1594343548777799685,58,320,1747,5,52313.0,es,https://x.com/GordoAntiProgre/status/2010098829786525846,33631,False,
2,todonoticias,ejecucion,2010289652163559749,2026-01-11 09:56:17+00:00,@todonoticias Todos lo sabemos,YvanBalsa,Yvan Balsa,3773930301,0,0,0,0,2.0,es,https://x.com/YvanBalsa/status/2010289652163559749,19,False,"Santa Cruz de Tenerife, Spain"
2,todonoticias,ejecucion,2010289522328682890,2026-01-11 09:55:46+00:00,@todonoticias Pero dame el video. Si vas a vender morbo que sea completo. IA CAGON,Lucaaszapata,Lucas,1543432530,1,0,5,0,6260.0,es,https://x.com/Lucaaszapata/status/2010289522328682890,292,False,
2,todonoticias,ejecucion,2010286101743780032,2026-01-11 09:42:10+00:00,@todonoticias Tranquilamente podrían ser padres e hija,TheCriticWord,The Critic,1347236250768592902,0,0,0,0,8.0,es,https://x.com/TheCriticWord/status/2010286101743780032,209,False,
2,todonoticias,ejecucion,2010285784658596328,2026-01-11 09:40:55+00:00,"@todonoticias Qué onda esta señora, llama ""la criatura"" a su nieto, critica veladamente a su nuera, le agradece al impresentable de Carrillo, y tiene a su hijo preso en una mazmorra sin saber nada de él desde hace más de  un año?!",CelesteFittipal,Celeste Fittipaldi,2490235974,0,0,0,0,47.0,es,https://x.com/CelesteFittipal/status/2010285784658596328,1340,False,
2,todonoticias,ejecucion,2010285662776279255,2026-01-11 09:40:25+00:00,@todonoticias Parece de 70 años,Leonard97279669,Leonardo Luna ❤🧡💛💚💙💜,1392638972535398403,0,0,0,0,37.0,es,https://x.com/Leonard97279669/status/2010285662776279255,153,False,"La Plata, Argentina"
2,todonoticias,ejecucion,2010284098347209208,2026-01-11 09:34:12+00:00,@todonoticias Lo que se quemó el año pasado que destino tuvo? Está en manos privadas? Esas tierras se vendieron? Hay desarrollos inmobiliarios? Sería bueno q informen. Y poder saber la verdad del motivo por el cual intencionalmente se quema la Patagonia todos los años. Lanata te extrañamos,NoemiM79670,noemiM,1970292516814487552,0,0,0,0,23.0,es,https://x.com/NoemiM79670/status/2010284098347209208,0,False,Ciudad Autónoma de Buenos Aire
2,todonoticias,ejecucion,2010283990385660190,2026-01-11 09:33:47+00:00,@todonoticias Falso Nahuel Gallo siempre contó la asistencia de su pareja y la madre de esta que es abogado y estuvo monitoreando su detención y traslado. Es inicuo debatir sobre este tema. Los venezolanos estamos con Gallo y no respaldamos al régimen. https://t.co/79qX9oAOgp,rogeliodiaz21,Rogelio Diaz,103348104,1,0,4,0,100.0,es,https://x.com/rogeliodiaz21/status/2010283990385660190,2724,False,"ÜT: 10.654866,-71.61958"
2,todonoticias,ejecucion,2010273858474098688,2026-01-11 08:53:31+00:00,@todonoticias Me quedo tranquilo porque la mía todavía no nacio 😆,GordoBailador,GordoBailador,2965405060,0,0,0,0,15.0,es,https://x.com/GordoBailador/status/2010273858474098688,38,False,
2,todonoticias,ejecucion,2010269376126300372,2026-01-11 08:35:42+00:00,"@todonoticias ¡Qué falta de respeto hacia su hijo el hecho de recalcar mil veces que la madre de su hijo no es parte de su familia! Vergüenza ajena, señora. Lejos de aprovechar la oportunidad de hablar de la situación de su hijo, hizo conventillo contra su nuera.",GabrielaAgilda,GabrielaAgilda 🎗️,543026064,0,0,3,0,60.0,es,https://x.com/GabrielaAgilda/status/2010269376126300372,2164,False,
2,todonoticias,ejecucion,2010268810021110024,2026-01-11 08:33:27+00:00,"@todonoticias Q.E.P.D. Dios les de fortaleza a la familia, bendiciones a su bb",zolenagc,ZolenaGarcíaC,1269755612264640512,0,0,4,0,722.0,es,https://x.com/zolenagc/status/2010268810021110024,832,False,
2,todonoticias,ejecucion,2010266124097577354,2026-01-11 08:22:47+00:00,@todonoticias Se mexicanizo a gran escala Ecuador,Mig6884ihola,Sinceridad Absoluta,1857133171156123648,0,0,3,0,4404.0,es,https://x.com/Mig6884ihola/status/2010266124097577354,33,False,"Asunción, Paraguay"
2,todonoticias,ejecucion,2010259955501445625,2026-01-11 07:58:16+00:00,@todonoticias uy si me imagino che,Ezequie28330501,🇦🇷EzE🇦🇷,1079233869050720256,0,0,0,0,5.0,es,https://x.com/Ezequie28330501/status/2010259955501445625,317,False,"Chubut, Argentina"
2,todonoticias,ejecucion,2010250500063801464,2026-01-11 07:20:42+00:00,@todonoticias ⚘️,MuuuyPractica,Gamal,1473364701987934214,0,0,0,0,239.0,qme,https://x.com/MuuuyPractica/status/2010250500063801464,62,False,
2,todonoticias,ejecucion,2010247249373376862,2026-01-11 07:07:47+00:00,@todonoticias Ecuakong tenes que sentirlo,elpistolero96,EL PISTOLERO,1213115519928193030,0,0,0,0,4560.0,es,https://x.com/elpistolero96/status/2010247249373376862,123,False,
2,todonoticias,ejecucion,2010246339070963808,2026-01-11 07:04:10+00:00,@todonoticias mira esto @Florci_lou,CM_1891,Camilo Martinez,808377430599696385,0,0,0,0,5304.0,es,https://x.com/CM_1891/status/2010246339070963808,238,False,"Montevideo,Uruguay"
2,todonoticias,ejecucion,2010244865188339848,2026-01-11 06:58:19+00:00,@todonoticias El fuego mileísta.,pablofgallo,Pablo F. Gallo,1246731306,0,0,0,0,20.0,es,https://x.com/pablofgallo/status/2010244865188339848,1330,False,"La Plata, Argentina"
2,todonoticias,ejecucion,2010239085462598074,2026-01-11 06:35:21+00:00,"@todonoticias Capaz en 25 años se acuerdan de las tres pibas descuartizadas por narcos peruanos, en Argentina les encanta recordar el pasado.",jes864,jes_86,1311124070461829120,1,0,0,0,90.0,es,https://x.com/jes864/status/2010239085462598074,1207,False,
2,todonoticias,ejecucion,2010236318014681092,2026-01-11 06:24:21+00:00,@todonoticias Fuera Milei,PieraniDiego,Diego Pierani,4496196508,0,0,0,0,21.0,es,https://x.com/PieraniDiego/status/2010236318014681092,357,False,Santa Isabel (Santa Fe)
2,todonoticias,ejecucion,2010230171006349657,2026-01-11 05:59:55+00:00,@todonoticias La piba es una interesada que busca dejarlo seco sin plata al pobre viejo,JavierBeni55477,Javier Benitez,1939903724601618432,0,0,1,0,7.0,es,https://x.com/JavierBeni55477/status/2010230171006349657,2,False,
2,todonoticias,ejecucion,2010229366253568291,2026-01-11 05:56:43+00:00,@todonoticias 🙏🏻🙏🏻🙏🏻🙌🙌🛐🛐🛐,AELHUZ,"ALMA, EL PODER DE LA ORACION",134303464,0,0,0,0,247.0,qme,https://x.com/AELHUZ/status/2010229366253568291,2991,False,Ñuñoa Stgo Vldivia y Osorno CH
2,todonoticias,ejecucion,2010228604110811419,2026-01-11 05:53:42+00:00,"@todonoticias Manejaba sin registro, mirá q eso le va a importar🙄",LunetaTorombolo,torombolo Luneta,1219791215845167104,0,0,2,0,17.0,es,https://x.com/LunetaTorombolo/status/2010228604110811419,9485,False,
2,todonoticias,ejecucion,2010228522544243095,2026-01-11 05:53:22+00:00,@todonoticias SOSPatagonia,ewallacta,Jose Esteban Delgado Cerón,207577032,0,0,0,0,16.0,ca,https://x.com/ewallacta/status/2010228522544243095,6788,False,"Toribio, Cauca"
2,todonoticias,ejecucion,2010227316778258556,2026-01-11 05:48:35+00:00,@todonoticias Tantas ganas de vivir y tiene que irse 😢 dep 🕊️🙏🏻,MVilezzi723,Mara vilezzi,1715467479747547136,0,0,0,0,890.0,es,https://x.com/MVilezzi723/status/2010227316778258556,21,False,
2,todonoticias,ejecucion,2010226634541150546,2026-01-11 05:45:52+00:00,"@todonoticias Lo qe quiere meter el estado argentino dejando entrar a cualquiera al país, podés tener uno de estos como vecino",matias663887,jijoju🛫🎮🇦🇷💻,1947588207144472576,1,0,0,0,2327.0,es,https://x.com/matias663887/status/2010226634541150546,52,False,
2,todonoticias,ejecucion,2010222800318128336,2026-01-11 05:30:38+00:00,"@todonoticias Esta es una suegra tóxica, que mal le tocó a Nahuel Gallo.",eduardlmh,Edu,69621584,0,0,1,0,141.0,es,https://x.com/eduardlmh/status/2010222800318128336,679,False,"Mendoza, Argentina"
2,todonoticias,ejecucion,2010221158982135902,2026-01-11 05:24:07+00:00,@todonoticias Y para que los querra,JulietaMangiaro,Julieta Mangiarotti,2564310597,0,0,0,0,77.0,es,https://x.com/JulietaMangiaro/status/2010221158982135902,7,False,
2,todonoticias,ejecucion,2010221071665099145,2026-01-11 05:23:46+00:00,@todonoticias Che me parece a mi o se parece a nicolas cabre,JulietaMangiaro,Julieta Mangiarotti,2564310597,0,0,0,0,119.0,es,https://x.com/JulietaMangiaro/status/2010221071665099145,7,False,
2,todonoticias,ejecucion,2010220317910937721,2026-01-11 05:20:46+00:00,@todonoticias https://t.co/iGPZGHK39Z,GustavoRey51157,Gustavo Reynoso,1784786330012008448,0,0,0,0,61.0,qme,https://x.com/GustavoRey51157/status/2010220317910937721,6,False,Ciudad Autónoma de Buenos Aire
2,todonoticias,ejecucion,2010218935401230787,2026-01-11 05:15:16+00:00,@todonoticias Hay que estar mal de la cabeza para pasar de Catherine Fulop a Delcy Rodriguez,yeolmed91,Carlos Mendez,722805303750696960,0,0,0,0,17.0,es,https://x.com/yeolmed91/status/2010218935401230787,2,False,
2,todonoticias,ejecucion,2010218401898299750,2026-01-11 05:13:09+00:00,@todonoticias Y el gobierno nacional?!,ToralesCatalina,Catalina Torales,1348080765620391936,1,0,0,0,85.0,es,https://x.com/ToralesCatalina/status/2010218401898299750,54,False,
2,todonoticias,ejecucion,2010217261878178194,2026-01-11 05:08:37+00:00,@todonoticias 🙏❤️,AnaCarbone15,Ana Carbone,1619447820062162944,0,0,0,0,1084.0,qme,https://x.com/AnaCarbone15/status/2010217261878178194,15,False,
2,todonoticias,ejecucion,2010216592412639382,2026-01-11 05:05:58+00:00,@todonoticias Espero que se hallan respetado todas las pertenencias de María Alexandra,yaligarcia31,Sra. Yali,3080114091,0,0,2,0,77.0,es,https://x.com/yaligarcia31/status/2010216592412639382,27,False,Venezuela
2,todonoticias,ejecucion,2010214371528716730,2026-01-11 04:57:08+00:00,@todonoticias Como rompen el choto con estas noticias del orto.....,tucuheavy,TUCULANDIA,1626361795693670401,0,0,0,0,17.0,es,https://x.com/tucuheavy/status/2010214371528716730,36,False,
2,todonoticias,ejecucion,2010211265004876094,2026-01-11 04:44:48+00:00,@todonoticias Igual ella con 25 parece de 50,laura270560,puppy lover,890897359,0,0,1,0,4.0,es,https://x.com/laura270560/status/2010211265004876094,74,False,argentina
2,todonoticias,ejecucion,2010208407719215507,2026-01-11 04:33:26+00:00,@todonoticias La familia es su esposa y su hijo ..,pitydanielita,Dani,796978890,0,0,3,0,72.0,es,https://x.com/pitydanielita/status/2010208407719215507,970,False,argentina
2,todonoticias,ejecucion,2010208405961765239,2026-01-11 04:33:26+00:00,@todonoticias Deja la azúcar.,arielonnncba,ARIELONnncba,1321242036029325312,0,0,0,0,42.0,es,https://x.com/arielonnncba/status/2010208405961765239,560,False,Córdoba
2,todonoticias,ejecucion,2010203758152822930,2026-01-11 04:14:58+00:00,@todonoticias 600 mil? Minimo deberian ser 4 millones. Ademas presos,hikaru7847877,Hikaru78,1716501391684857856,0,0,0,0,6.0,es,https://x.com/hikaru7847877/status/2010203758152822930,128,False,
2,todonoticias,ejecucion,2010201925686620204,2026-01-11 04:07:41+00:00,"@todonoticias Comete una pizza en Kentuky, y no rompan las bolas",GLRacing5,G,1595570649862443009,0,0,0,0,16.0,es,https://x.com/GLRacing5/status/2010201925686620204,68,False,
2,todonoticias,ejecucion,2010200662018281855,2026-01-11 04:02:40+00:00,@todonoticias @CarmenAgui65536 Y dónde están los culpables?,RosaB22380,Rosa Bless,1952945726620884992,0,0,0,0,8.0,es,https://x.com/RosaB22380/status/2010200662018281855,42,False,
2,todonoticias,ejecucion,2010199915163779284,2026-01-11 03:59:42+00:00,@todonoticias El nacimiento de otra Trimarco .,sergio_24629,Sony,2280649619,0,0,0,0,80.0,es,https://x.com/sergio_24629/status/2010199915163779284,80,False,
2,todonoticias,ejecucion,2010197519431876975,2026-01-11 03:50:10+00:00,"@todonoticias No entiendo cual es el problema,por qué marca tanto que su única familia es ella y sus hijos ,Nahuel no tiene esposa cual será la interna familiar 🥴",lachichu2020,ana martinez,1188202490,0,0,3,0,133.0,es,https://x.com/lachichu2020/status/2010197519431876975,331,False,
2,todonoticias,ejecucion,2010197117051224393,2026-01-11 03:48:35+00:00,@todonoticias Que seguido no? Será intencional? Será que el gobierno le quiere dar la patagonia a Israel?? Que la justicia aclare la verdad o la sospecha Será real,vencedor141,El rodri 8⭐,591497674,0,0,0,0,21.0,es,https://x.com/vencedor141/status/2010197117051224393,35,False,
2,todonoticias,ejecucion,2010197079902363858,2026-01-11 03:48:26+00:00,@todonoticias https://t.co/Y0HSHFyIlH,soleok25,soledad♥️🦋,1651616064898310148,0,0,0,0,3.0,qme,https://x.com/soleok25/status/2010197079902363858,74,False,
2,todonoticias,ejecucion,2010196772891877411,2026-01-11 03:47:12+00:00,"@todonoticias La familia de Nahuel es su esposa y su hijo.
El amor a su hijo y su esposa lo llevo a Vzla.
Lo ocurrido escapa de las manos de todos, evidentemente su detencion fue por un tema politico. SON CASI 1000 presos politicos. 
Exigamos su liberacion como corresponde, hay que sumar",rije123,Jesús R.,757961402,0,2,4,0,134.0,es,https://x.com/rije123/status/2010196772891877411,37,False,
2,todonoticias,ejecucion,2010196617316749497,2026-01-11 03:46:35+00:00,@todonoticias Y en un año @NachoTorresCH compró algun avión HIDRANTE? O la justicia METIO PRESO a los responsables del año pasado?,JoseOsozotti,Josè Ignacio,4788095428,0,0,0,0,12.0,es,https://x.com/JoseOsozotti/status/2010196617316749497,167,False,
2,todonoticias,ejecucion,2010196153187610783,2026-01-11 03:44:45+00:00,"@todonoticias La odia a la nuera. Dice ""esa chica"".",gracefederista,Grace_RF #20 #💯+3,270647862,1,1,5,0,208.0,es,https://x.com/gracefederista/status/2010196153187610783,706,False,"La Plata, Argentina"
2,todonoticias,ejecucion,2010195547328786896,2026-01-11 03:42:20+00:00,"@todonoticias En ningún momento, sin importar la situación, las suegras no dejan de ser una mierda de persona contra sus nueras 🤡🤡🤡 https://t.co/LmZ71WW0b1",MoshiMo57955052,Moshi Moshi,1027053015465910272,1,0,4,0,89.0,es,https://x.com/MoshiMo57955052/status/2010195547328786896,5,False,
2,todonoticias,ejecucion,2010194174491144302,2026-01-11 03:36:53+00:00,@todonoticias Vieja tilinga,Catalin48950299,Catalina,1632228474378174470,0,0,2,0,83.0,lt,https://x.com/Catalin48950299/status/2010194174491144302,87,False,
2,todonoticias,ejecucion,2010192633994588202,2026-01-11 03:30:46+00:00,@todonoticias amalia granata?,y__mariana,Y Mariana,137890885,0,0,0,0,26.0,es,https://x.com/y__mariana/status/2010192633994588202,122,False,
2,todonoticias,ejecucion,2010192423188869551,2026-01-11 03:29:55+00:00,"@todonoticias Sra la culpa es de Maduro, no de la mujer de su hijo. Que ha hecho de todo para ayudarlo, todos los días publica y sale en entrevistas. 

No entiendo como se expresa de esa forma, además la suegra de Nahuel está afuera de la cárcel en Venezuela pidiendo información de él.",Vzlaprospera_,Vivi,1875297668303556608,0,1,9,0,125.0,es,https://x.com/Vzlaprospera_/status/2010192423188869551,17,False,"Los Angeles, CA"
2,todonoticias,ejecucion,2010192304599118217,2026-01-11 03:29:27+00:00,"@todonoticias Con el revuelo internacional que armó el gobierno de Milei pidiendo a Nahuel que sea liberado, es obvio que la chica tenía que salir de Venezuela  xq sino ella sería sin duda otra presa más de Maduro. La señora tiene que guardar todo ese odio para otra ocasión.",changaloro01,MissAryentinaaa,1437259635459772417,1,0,4,0,138.0,es,https://x.com/changaloro01/status/2010192304599118217,11,False,"Buenos Aires, Argentina"
2,todonoticias,ejecucion,2010192168955326691,2026-01-11 03:28:55+00:00,@todonoticias QEPD,OscarGayar,Mauro O. Gayar,1578457942193590282,0,0,0,0,197.0,es,https://x.com/OscarGayar/status/2010192168955326691,71,False,
